Region Nbr,Market Nbr,Facility,OKM Tracking ,OKM Install Date,Digital Lock Tracking,Digital Lock Install Week,Digital Lock Installation Date,Total lock count,Length of install
42,323,1,,,,Live,8/31/22,,
42,322,2,,,,TBD,,,
42,323,4,,,,Live,9/1/22,,
42,326,5,,,,TBD,,,
42,326,8,,,,TBD,,,
44,347,10,,,,Live,12/12/24,,
42,328,11,,,,TBD,,,
44,347,12,,9/4/25,,33,9/17/25,214,1 day
42,334,13,,9/18/25,,35,10/1/25,200,1 day
42,321,16,,,,TBD,,,
42,334,17,,9/19/25,,35,10/2/25,240,1 day
40,335,19,,,,Live,1/16/25,,
47,411,26,,,,Live,12/9/24,,
40,336,29,,,,Live,1/20/25,,
40,333,32,,9/22/25,,35,10/3/25,167,1 day
42,334,34,,9/16/25,,35,9/29/25,151,1 day
47,407,35,,,,Live,12/10/24,,
11,329,36,,,,TBD,,,
44,345,41,,,,Live,1/8/25,,
11,329,45,,,,TBD,,,
42,325,52,,,,TBD,,,
42,322,54,,,,Live,1/25/22,,
42,334,59,,,,Live,1/9/25,,
40,335,69,,9/2/25,,36,9/15/25,213,1 day
44,410,72,,9/19/25,,35,9/30/25,221,1 day
13,134,75,,9/10/25,,34,9/23/25,311,2 day
42,322,76,,,,TBD,,,
7,83,77,,,,TBD,,,
42,334,79,,,,Live,1/24/22,,
40,359,80,,,,Live,1/23/25,,
40,357,86,,,,Live,8/30/22,,
11,329,91,,9/26/25,,36,10/9/25,100,1 day
11,145,94,,,,Live,10/15/24,,
42,323,100,,,,Live,8/31/22,,
44,351,103,444708591557,9/2/25,,33,9/15/25,172,1 day
11,138,112,,9/10/25,,34,9/23/25,163,1 day
42,328,119,,,,TBD,,,
44,351,121,,9/5/25,,33,9/18/25,152,1 day
42,324,124,,,,Live,8/27/24,,
42,321,125,,9/4/25,,33,9/17/25,166,1 day
42,324,126,,,,Live,8/28/24,,
11,329,128,,,,TBD,,,
44,47,131,,,,TBD,,,
40,357,138,,10/1/25,,37,10/16/25,227,1 day
13,503,140,,,,Live,12/16/24,,
42,321,141,,,,Live,12/11/24,,
42,322,144,,,,Live,2/24/22,,
44,350,147,469700131510,8/27/25,,32,9/10/25,126,1 day
44,47,148,469700131520,8/28/25,2972537515,32,9/11/25,173,1 day
20,311,154,,,,Live,1/7/25,,
42,328,157,,,,TBD,,,
40,359,159,,,,Live,1/22/25,,
13,503,163,,,,Live,12/17/24,,
13,46,165,,,,TBD,,,
42,327,167,,,,TBD,,,
42,326,169,,,,TBD,,,
9,92,174,,9/18/25,,35,10/1/25,211,1 day
11,144,175,,9/23/25,,36,10/6/25,157,1 day
40,357,179,,,,Live,1/10/25,,
44,47,181,,,,TBD,,,
44,409,186,,9/19/25,,35,10/2/25,222,1 day
40,335,188,,,,Live,1/17/25,,
11,329,190,,,,Live,1/15/25,,
12,153,192,,,,Live,12/16/24,,
6,60,194,,,,Live,12/13/24,,
40,360,195,,,,Live,1/24/25,,
41,271,196,,,,TBD,,,
40,341,201,,9/4/25,,36,9/17/25,182,1 day
44,351,210,,,,Live,12/10/24,,
5,53,217,,,,Live,11/4/24,,
41,271,222,,,,TBD,,,
5,48,228,,,,TBD,,,
40,360,234,,,,Live,10/29/24,,
44,345,246,,9/3/25,,33,9/16/25,148,1 day
5,76,248,,,,TBD,,,
40,341,253,,,,TBD,,,
40,341,256,,,,TBD,,,
5,50,266,,,,Live,10/10/23,,
12,153,272,,,,Live,6/13/23,,
11,11,287,,9/24/25,,36,10/7/25,266,1 day
7,87,292,,,,Live,9/10/24,,
41,254,299,,9/16/25,,35,9/29/25,256,1 day
14,3,300,,,,TBD,,,
14,3,301,,,,TBD,,,
12,149,304,,9/30/25,,37,10/13/25,201,1 day
42,135,307,,,,Live,1/29/25,,
13,132,309,,9/29/25,,36,10/10/25,294,1 day
40,361,319,469700131531,9/29/25,2972537510,32,10/10/25,251,1 day
14,10,329,,9/25/25,,36,10/8/25,202,1 day
13,66,331,444708591638,9/2/25,,33,9/15/25,210,1 day
12,5,332,,9/23/25,,36,10/6/25,140,1 day
47,411,342,,,,Live,11/5/24,,
47,433,350,,,,TBD,,,
13,68,351,,,,Live,9/1/22,,
14,10,355,,9/19/25,,35,10/2/25,219,1 day
14,10,356,,9/18/25,,35,10/1/25,189,1 day
42,322,359,,,,Live,4/14/25,,
40,341,361,,,,TBD,,,
5,48,371,,,,TBD,,,
47,406,372,,,,Live,12/6/24,,
12,5,375,,,,TBD,,,
42,127,376,,,,Live,9/3/24,,
47,411,378,,,,Live,11/4/24,,
13,66,384,,,,Live,10/11/24,,
13,132,386,,9/5/25,,33,9/18/25,208,1 day
42,321,388,,9/3/25,,33,9/16/25,156,1 day
44,352,389,469700131542,8/25/25,2972537509,32,9/8/25,158,1 day
11,137,394,,,,TBD,,,
6,80,395,,,,TBD,,,
6,80,397,,,,TBD,,,
13,46,398,,9/15/25,,34,9/26/25,153,1 day
13,46,399,,,,TBD,,,
13,132,402,,9/8/25,,33,9/19/25,189,1 day
11,137,403,,,,TBD,,,
7,87,404,,,,Live,9/13/24,,
7,81,407,444708591580,9/2/25,,33,9/15/25,200,1 day
13,66,408,,,,Live,11/13/24,,
13,132,415,,9/15/25,,34,9/26/25,169,1 day
12,151,416,,9/30/25,,35,10/13/25,127,1 day
44,47,417,,,,TBD,,,
14,8,424,,,,TBD,,,
11,11,425,,,,TBD,,,
44,47,427,,,,Live,11/8/24,,
13,130,428,,9/26/25,,36,10/9/25,168,1 day
41,253,431,,,,Live,1/14/25,,
40,333,444,,10/1/25,,37,10/15/25,192,1 day
42,127,448,,,,Live,9/5/24,,
13,66,449,,,,Live,10/8/24,,
42,127,450,,,,Live,9/6/24,,
40,359,451,,,,Live,1/21/25,,
25,272,454,,,,TBD,,,
6,61,462,,,,TBD,,,
6,78,464,,9/12/25,,34,9/25/25,218,1 day
7,77,465,,9/16/25,,35,9/29/25,143,1 day
5,52,467,,,,Live,10/11/23,,
44,47,468,,,,TBD,,,
13,66,469,,9/3/25,,33,9/16/25,331,2 day
6,78,470,,,,TBD,,,
5,49,471,,,,Live,10/8/24,,
7,83,475,,,,Live,9/13/24,,
14,8,483,,,,TBD,,,
47,411,484,,,,Live,1/8/25,,
44,344,499,,9/15/25,,34,9/26/25,204,1 day
7,505,500,,,,Live,9/5/22,,
6,61,504,,,,TBD,,,
2,21,510,469700131553,8/29/25,932679565,32,9/12/25,154,1 day
4,38,511,,,,Live,10/17/24,,
2,18,515,,,,Live,12/13/24,,
5,45,516,,,,TBD,,,
2,24,518,,9/11/25,,34,9/24/25,209,1 day
13,66,521,,,,Live,10/17/24,,
6,60,522,,,,TBD,,,
41,242,526,,9/10/25,,33,9/23/25,277,1 day
6,61,527,,,,TBD,,,
6,61,529,,,,Live,9/24/24,,
13,132,531,,9/22/25,,35,10/3/25,252,1 day
7,74,535,,,,TBD,,,
7,74,536,,,,TBD,,,
13,134,539,,,,Live,1/9/25,,
13,132,543,,9/12/25,,34,9/25/25,232,1 day
44,353,544,,,,Live,12/9/24,,
6,62,546,,,,Live,9/18/24,,
13,125,553,,9/18/25,,35,10/1/25,190,1 day
7,88,554,,9/11/25,,34,9/24/25,171,1 day
47,407,557,,,,Live,1/7/25,,
52,418,559,,,,Live,1/14/25,,
40,360,560,,,,Live,12/2/24,,
5,55,565,,,,Live,10/10/23,,
44,345,576,,,,Live,1/6/25,,
40,362,577,,,,Live,1/9/25,,
52,414,581,,,,Live,1/28/25,,
3,27,588,,9/17/25,,35,9/30/25,184,1 day
41,256,589,,,,Live,12/9/24,,
5,48,590,,,,Live,10/23/24,,
47,406,592,,,,Live,12/13/24,,
2,19,594,,9/22/25,,35,10/3/25,199,1 day
47,429,598,,,,TBD,,,
12,124,599,,9/30/25,,37,10/13/25,174,1 day
14,7,604,,,,TBD,,,
4,29,605,,,,Live,12/6/24,,
2,22,615,,9/12/25,,34,9/25/25,195,1 day
4,41,616,,,,Live,10/16/24,,
44,344,622,,,,Live,12/6/24,,
4,36,625,,9/19/25,,35,10/2/25,227,1 day
4,33,628,,,,Live,10/15/24,,
4,38,630,,,,Live,1/20/25,,
4,35,631,,,,Live,11/7/24,,
4,36,632,,,,Live,10/8/24,,
4,38,634,,,,Live,10/25/24,,
4,29,635,,,,Live,12/10/24,,
4,42,638,,,,Live,10/4/24,,
4,35,640,,,,Live,2/5/25,,
4,35,641,,,,Live,1/17/25,,
47,433,645,,9/16/25,,35,9/29/25,202,1 day
52,415,646,,,,Live,11/4/24,,
13,66,651,,,,Live,10/10/24,,
47,406,652,,,,Live,12/5/24,,
11,137,661,,,,TBD,,,
11,137,662,,,,TBD,,,
12,119,663,,9/3/25,,33,9/16/25,151,1 day
12,120,669,,9/5/25,,33,9/18/25,134,1 day
12,151,682,,10/1/25,,35,10/15/25,215,1 day
12,153,688,,,,Live,1/7/25,,
14,3,691,,,,TBD,,,
12,152,695,,,,Live,1/10/25,,
3,93,697,,9/11/25,,34,9/24/25,213,1 day
14,8,700,,,,TBD,,,
6,67,703,469700131564,8/29/25,2972537506,32,9/12/25,263,1 day
42,327,714,,,,TBD,,,
11,11,715,,,,TBD,,,
9,116,718,,9/19/25,,35,10/2/25,156,1 day
14,10,726,,,,TBD,,,
4,29,728,,,,Live,12/11/24,,
14,10,730,,,,TBD,,,
11,11,731,,9/11/25,,34,9/24/25,174,1 day
14,10,733,,,,TBD,,,
14,7,734,,,,TBD,,,
12,121,741,444708591579,9/2/25,,33,9/15/25,114,1 day
44,353,743,469700131575,8/29/25,2972537514,32,9/12/25,165,1 day
6,59,744,,,,Live,8/30/22,,
2,19,745,,,,Live,10/29/24,,
52,414,748,,,,Live,1/10/25,,
52,414,749,,,,Live,11/12/24,,
52,415,750,,,,Live,1/21/25,,
6,63,752,469700131586,8/26/25,2972537512,32,9/9/25,206,1 day
52,415,753,,,,Live,1/22/25,,
2,30,754,,,,Live,12/17/24,,
7,70,755,,9/26/25,,36,10/9/25,295,1 day
7,77,757,,,,TBD,,,
14,2,762,,,,TBD,,,
11,11,764,,,,TBD,,,
7,87,765,,,,TBD,,,
11,137,766,,,,TBD,,,
3,101,767,,,,Live,11/4/24,,
6,65,768,,,,Live,9/20/24,,
6,64,772,,,,Live,9/9/24,,
47,433,774,,,,TBD,,,
25,279,775,,,,TBD,,,
47,433,776,,,,Live,1/14/25,,
13,66,777,469700131597,8/28/25,2972537513,32,9/11/25,193,1 day
2,19,787,,,,Live,11/6/24,,
5,583,789,,,,Live,10/12/23,,
6,78,791,,,,TBD,,,
44,409,794,,9/9/25,,34,9/22/25,306,2 day
47,406,799,,9/23/25,,36,10/6/25,199,1 day
3,89,800,444708591616,9/5/25,,33,9/18/25,222,1 day
40,340,805,,,,Live,10/23/24,,
46,387,806,,,,Live,12/10/24,,
5,50,807,,,,TBD,,,
6,61,808,,,,TBD,,,
14,10,809,,9/26/25,,36,10/9/25,166,1 day
52,426,810,,,,Live,1/27/25,,
9,90,817,,,,Live,11/7/24,,
14,15,818,,,,Live,11/5/24,,
7,70,822,,9/24/25,,36,10/7/25,211,1 day
46,385,824,,,,Live,9/11/24,,
46,385,829,,,,Live,11/12/24,,
46,385,835,,,,Live,1/12/23,,
44,345,838,,9/30/25,,37,10/13/25,213,1 day
13,130,839,,,,Live,1/15/25,,
54,389,842,,,,Live,10/11/24,,
11,144,848,,9/24/25,,36,10/7/25,293,1 day
6,59,849,,,,Live,9/16/24,,
46,385,850,,,,Live,1/10/23,,
25,262,852,,,,TBD,,,
14,1,853,,,,TBD,,,
2,20,855,,,,Live,8/8/24,,
3,94,857,,9/4/25,,33,9/17/25,183,1 day
7,87,865,,,,TBD,,,
47,429,867,444708591605,9/2/25,,33,9/15/25,175,1 day
46,375,869,,9/29/25,,36,10/10/25,243,1 day
6,62,872,,,,TBD,,,
13,141,874,,9/9/25,,34,9/22/25,185,1 day
26,309,877,,,,Live,9/26/24,,
2,24,878,,9/10/25,,34,9/23/25,139,1 day
5,50,880,,,,Live,10/9/23,,
41,249,884,,,,TBD,,,
47,433,885,,,,TBD,,,
52,426,886,,,,Live,12/9/24,,
52,414,892,,,,Live,1/9/25,,
44,356,894,,,,Live,9/2/22,,
5,49,896,,,,Live,10/16/24,,
7,77,901,,9/5/25,,33,9/18/25,189,1 day
14,1,904,,,,TBD,,,
54,379,905,,,,Live,10/15/24,,
46,384,906,,9/9/25,,34,9/22/25,341,2 day
9,90,908,,,,Live,10/14/24,,
13,128,911,,9/19/25,,35,10/2/25,215,1 day
13,125,912,,,,Live,9/24/24,,
6,62,915,,,,Live,9/10/24,,
54,388,921,,,,TBD,,,
41,482,923,,,,TBD,,,
14,8,930,,,,Live,1/23/25,,
53,263,933,,,,TBD,,,
13,130,935,,,,Live,1/27/25,,
25,272,936,,,,TBD,,,
2,26,937,,,,Live,11/5/24,,
14,8,938,,,,TBD,,,
5,479,940,,,,Live,10/25/24,,
3,114,941,,9/22/25,,35,10/3/25,135,1 day
3,89,942,,9/2/25,,33,9/15/25,297,1 day
26,304,948,,,,Live,10/18/24,,
54,378,953,,,,TBD,,,
54,389,962,,,,TBD,,,
5,48,963,469700131601,8/26/25,932679580,32,9/9/25,234,1 day
46,375,966,,9/25/25,,36,10/8/25,187,1 day
13,143,969,,9/25/25,,36,10/8/25,279,1 day
5,479,972,,,,Live,10/30/24,,
9,92,974,,9/17/25,,35,9/30/25,170,1 day
54,378,980,,9/30/25,,33,10/13/25,313,2 day
54,376,984,,9/15/25,,34,9/26/25,268,1 day
54,388,986,,,,TBD,,,
14,1,991,,,,Live,1/16/25,,
44,356,992,,9/22/25,,35,10/3/25,167,1 day
47,407,993,,,,Live,12/11/24,,
7,86,999,,9/18/25,,35,10/1/25,156,1 day
54,389,1001,,,,TBD,,,
54,378,1008,,,,TBD,,,
26,309,1010,,,,Live,9/27/24,,
4,29,1011,,,,Live,12/16/24,,
40,361,1014,,,,Live,10/25/24,,
4,36,1017,,9/18/25,,35,10/1/25,123,1 day
54,389,1019,,,,TBD,,,
5,45,1022,,,,TBD,,,
26,306,1027,,,,Live,9/30/24,,
25,278,1028,,,,TBD,,,
4,42,1030,,,,Live,10/24/24,,
26,305,1034,,,,Live,10/3/24,,
4,42,1035,,,,Live,11/12/24,,
4,294,1036,,,,Live,1/23/25,,
4,33,1037,,,,Live,10/7/24,,
6,65,1040,,,,Live,9/18/24,,
6,85,1042,,,,Live,9/9/24,,
5,45,1044,,,,TBD,,,
2,20,1047,,,,Live,8/9/24,,
47,411,1054,,,,Live,11/6/24,,
5,583,1055,,,,Live,3/29/22,,
54,388,1058,,9/24/25,,36,10/7/25,281,1 day
26,304,1060,,,,Live,10/14/24,,
6,63,1062,469700131612,8/25/25,2972537511,32,9/8/25,192,1 day
26,304,1064,,,,Live,10/21/24,,
42,325,1065,,,,TBD,,,
13,143,1066,,9/16/25,,35,9/29/25,241,1 day
40,341,1071,,,,TBD,,,
11,136,1074,,9/9/25,,34,9/22/25,169,1 day
12,149,1075,,,,Live,1/13/25,,
3,93,1081,,9/9/25,,34,9/22/25,185,1 day
3,98,1082,,,,Live,10/24/24,,
3,101,1083,,,,Live,11/5/24,,
13,143,1088,,,,Live,1/15/25,,
3,101,1090,,,,Live,10/30/24,,
40,361,1094,,,,Live,10/28/24,,
54,388,1095,,,,TBD,,,
26,304,1096,,,,Live,11/7/24,,
44,409,1099,,,,Live,9/7/22,,
13,130,1102,,,,Live,1/17/25,,
6,59,1103,,,,Live,8/31/22,,
42,326,1105,,,,Live,8/29/24,,
5,55,1118,,,,Live,10/12/23,,
25,278,1125,,,,TBD,,,
13,134,1128,,,,Live,1/13/25,,
7,82,1129,,,,Live,9/9/24,,
26,298,1132,469700131623,8/25/25,932679591,32,9/11/25,221,1 day
4,38,1135,,,,Live,10/23/24,,
13,131,1136,,,,Live,1/28/25,,
6,60,1137,,,,Live,12/12/24,,
21,259,1139,,9/23/25,,36,10/6/25,158,1 day
4,42,1144,,,,Live,12/6/24,,
4,36,1146,,9/17/25,,35,9/30/25,191,1 day
40,362,1151,469700131634,9/24/25,,32,10/7/25,283,1 day
2,32,1153,,,,Live,1/6/25,,
4,310,1155,,9/25/25,,36,10/8/25,305,2 day
26,306,1156,,,,Live,1/8/25,,
40,339,1161,,,,Live,10/24/24,,
13,125,1163,,,,Live,9/26/24,,
4,41,1164,,,,Live,10/28/24,,
53,435,1167,,,,Live,10/7/24,,
41,256,1170,444708591546,9/9/25,,33,9/22/25,281,1 day
3,98,1172,,,,Live,10/25/24,,
58,364,1175,,,,Live,10/7/24,,
4,294,1179,,,,Live,12/12/24,,
2,26,1181,,,,Live,7/30/24,,
4,41,1183,,,,Live,11/13/24,,
7,83,1185,,,,Live,12/4/24,,
6,60,1186,,,,TBD,,,
40,339,1188,,,,Live,10/3/24,,
42,135,1193,,,,Live,1/7/25,,
7,506,1198,,,,TBD,,,
54,391,1200,,,,Live,9/9/22,,
13,66,1204,,,,Live,10/18/24,,
13,130,1206,,,,Live,1/20/25,,
26,305,1209,,,,Live,10/3/24,,
14,1,1212,,,,TBD,,,
5,53,1216,,,,Live,11/5/24,,
46,366,1218,,9/4/25,,33,9/17/25,211,1 day
3,101,1219,,,,Live,11/6/24,,
9,90,1220,,,,Live,10/17/24,,
44,409,1221,,,,Live,12/12/24,,
14,14,1224,,10/1/25,,36,10/14/25,163,1 day
54,379,1231,,,,Live,9/5/24,,
7,86,1235,,,,TBD,,,
26,302,1236,,,,Live,10/28/24,,
4,310,1238,,,,Live,11/12/24,,
52,418,1241,,,,Live,1/15/25,,
4,294,1242,,,,Live,12/4/24,,
4,35,1244,,,,Live,11/11/24,,
11,144,1248,,9/24/25,,36,10/7/25,340,2 day
7,74,1249,,,,TBD,,,
54,380,1252,,,,Live,9/6/24,,
7,82,1253,,,,Live,9/10/24,,
13,143,1260,,9/23/25,,36,10/6/25,136,1 day
4,310,1261,,,,Live,11/5/24,,
41,254,1263,,,,Live,12/14/24,,
21,222,1264,,,,TBD,,,
40,339,1265,,,,Live,10/4/24,,
13,130,1266,,,,Live,1/25/25,,
53,441,1267,,,,Live,10/15/24,,
11,138,1271,,9/12/25,,34,9/25/25,151,1 day
54,389,1273,,,,TBD,,,
6,59,1279,,,,TBD,,,
54,388,1280,,,,TBD,,,
4,42,1281,,,,Live,1/15/25,,
14,16,1284,,,,TBD,,,
4,41,1286,,,,Live,11/5/24,,
26,304,1290,,9/11/25,,34,9/24/25,373,2 day
46,367,1291,,,,Live,11/6/24,,
75,312,1292,,,,Live,1/9/25,,
2,30,1293,,,,Live,1/8/25,,
21,247,1294,,,,Live,11/4/24,,
26,302,1298,,,,Live,10/31/24,,
7,81,1303,,,,TBD,,,
25,262,1307,,,,TBD,,,
54,380,1308,,,,Live,9/5/24,,
75,312,1309,,,,Live,1/10/25,,
4,310,1312,,9/25/25,,36,10/8/25,212,1 day
7,77,1313,,,,Live,9/17/24,,
2,24,1314,469700131645,8/25/25,932679543,32,9/11/25,199,1 day
26,299,1321,,,,Live,10/25/24,,
26,308,1322,,,,Live,10/18/24,,
46,366,1325,,9/3/25,,33,9/16/25,147,1 day
41,242,1327,,,,TBD,,,
21,246,1329,,,,Live,1/13/25,,
21,222,1330,,,,Live,12/13/24,,
52,426,1332,,,,Live,1/13/25,,
75,315,1335,,9/25/25,,36,10/8/25,223,1 day
26,304,1337,,,,Live,11/5/24,,
4,41,1339,,,,Live,10/29/24,,
2,25,1340,,,,Live,8/2/24,,
75,315,1344,,,,Live,1/16/25,,
13,143,1346,,9/17/25,,35,9/30/25,198,1 day
75,315,1350,,,,Live,1/15/25,,
26,301,1354,,9/25/25,,36,10/8/25,188,1 day
46,387,1357,444708591627,9/2/25,,33,9/15/25,186,1 day
4,33,1358,,,,Live,12/13/24,,
4,36,1359,,9/9/25,,34,9/22/25,265,1 day
52,426,1361,,10/1/25,,37,10/14/25,230,1 day
41,580,1371,,,,TBD,,,
26,299,1372,,9/26/25,,36,10/6/25,241,1 day
2,23,1373,,,,Live,8/9/24,,
14,97,1375,,,,Live,11/7/24,,
21,247,1378,,,,Live,11/7/24,,
46,375,1380,,9/16/25,,35,9/29/25,167,1 day
46,372,1381,,,,Live,9/27/24,,
4,33,1383,,,,Live,12/12/24,,
26,305,1385,,,,Live,10/11/24,,
25,262,1386,,,,TBD,,,
3,94,1391,,,,Live,10/22/24,,
4,300,1392,,9/26/25,,36,10/9/25,291,1 day
53,435,1394,,,,Live,10/10/24,,
46,384,1397,,,,Live,9/13/24,,
76,286,1406,,9/3/25,,33,9/16/25,109,1 day
6,65,1409,,,,Live,9/6/24,,
25,270,1413,,,,TBD,,,
40,341,1418,,,,Live,10/22/24,,
21,248,1419,,,,TBD,,,
25,264,1420,,,,TBD,,,
19,204,1422,,,,TBD,,,
19,203,1423,,,,TBD,,,
75,290,1424,,9/9/25,,34,9/22/25,249,1 day
21,247,1425,,,,TBD,,,
19,204,1428,,,,TBD,,,
19,204,1432,,,,TBD,,,
21,222,1433,,,,TBD,,,
54,391,1434,,,,TBD,,,
47,406,1437,,,,Live,9/6/22,,
57,405,1439,,,,Live,10/25/24,,
21,221,1441,,,,Live,10/29/24,,
21,221,1443,,,,Live,10/7/24,,
3,98,1444,,9/3/25,,33,9/16/25,330,2 day
19,213,1448,,,,TBD,,,
25,275,1454,,,,TBD,,,
5,44,1455,,,,Live,10/21/24,,
41,249,1459,,,,Live,9/17/24,,
47,433,1460,,,,TBD,,,
47,381,1461,,9/30/25,,37,10/13/25,168,1 day
21,223,1463,,9/26/25,,35,10/9/25,275,1 day
26,305,1464,,,,Live,9/22/22,,
12,119,1469,,9/4/25,,33,9/17/25,211,1 day
52,421,1470,,9/19/25,,35,10/2/25,181,1 day
52,423,1472,,,,Live,10/14/24,,
52,421,1473,,,,Live,1/7/25,,
41,243,1476,,9/11/25,,33,9/24/25,305,2 day
21,259,1478,,,,Live,9/19/22,,
14,13,1481,,,,TBD,,,
2,22,1488,469700131656,8/25/25,932679521,32,9/8/25,225,1 day
53,263,1490,,9/4/25,,33,9/17/25,241,1 day
52,413,1491,,,,Live,1/7/25,,
54,376,1492,,,,Live,8/29/24,,
21,223,1495,,,,TBD,,,
52,415,1496,,,,Live,1/22/25,,
25,266,1497,,,,TBD,,,
26,298,1498,469700131667,8/29/25,932679554,32,9/12/25,170,1 day
21,223,1503,,,,TBD,,,
21,223,1504,,9/17/25,,35,9/30/25,220,1 day
44,409,1507,,,,Live,12/17/24,,
46,371,1512,,,,Live,9/30/24,,
40,340,1514,,9/3/25,,36,9/16/25,215,1 day
53,442,1515,,,,Live,10/11/24,,
41,482,1518,,,,Live,9/24/24,,
47,430,1520,,9/18/25,,37,10/1/25,149,1 day
21,225,1521,,,,Live,10/4/24,,
75,290,1524,,9/3/25,,34,9/16/25,175,1 day
52,415,1528,,,,Live,11/7/24,,
22,233,1529,,,,TBD,,,
25,270,1531,,,,TBD,,,
46,369,1532,469700131678,8/27/25,932679576,32,9/10/25,244,1 day
46,369,1533,,,,Live,9/15/22,,
47,427,1534,,,,Live,12/10/24,,
47,430,1535,,9/17/25,,37,9/30/25,189,1 day
22,234,1537,,,,TBD,,,
19,213,1539,,,,TBD,,,
53,196,1542,,,,Live,9/8/22,,
21,246,1547,,,,Live,1/21/25,,
46,368,1549,,,,Live,9/20/24,,
54,388,1550,,,,TBD,,,
53,435,1551,,9/3/25,,33,9/16/25,232,1 day
26,308,1552,,,,Live,11/6/24,,
56,452,1554,,,,Live,9/27/24,,
58,463,1555,444708591568,9/2/25,,33,9/15/25,233,1 day
41,482,1557,,,,Live,9/23/24,,
57,394,1559,,,,Live,10/24/24,,
57,396,1560,,,,Live,12/6/24,,
11,145,1561,,,,Live,10/16/24,,
52,424,1562,,,,Live,10/29/24,,
57,448,1563,,,,Live,10/18/24,,
21,218,1564,,,,TBD,,,
21,247,1566,,,,TBD,,,
47,382,1567,,9/24/25,,36,10/7/25,247,1 day
57,447,1574,,,,Live,10/25/24,,
56,457,1575,,,,Live,10/3/24,,
2,24,1578,,9/9/25,,34,9/22/25,263,1 day
41,249,1580,,,,Live,9/19/24,,
47,427,1581,,,,Live,1/16/25,,
57,449,1583,,,,Live,12/6/24,,
57,396,1584,,,,Live,9/12/22,,
2,26,1586,,,,Live,11/4/24,,
56,450,1587,,,,Live,10/19/24,,
58,445,1588,,,,Live,10/24/24,,
22,234,1591,,,,Live,1/15/25,,
19,202,1593,,,,TBD,,,
21,219,1594,,,,TBD,,,
46,370,1598,469700131689,8/26/25,8.83469E+11,32,9/9/25,169,1 day
57,447,1600,,,,Live,10/14/24,,
56,457,1608,,,,Live,9/13/24,,
19,205,1611,,,,TBD,,,
46,366,1612,,9/23/25,,36,10/6/25,316,2 day
26,308,1613,,9/5/25,,33,9/19/25,263,1 day
26,297,1614,,,,Live,11/12/24,,
56,452,1615,,,,Live,9/13/24,,
19,238,1618,,,,Live,8/27/24,,
76,192,1619,,,,Live,9/9/24,,
17,226,1623,,,,Live,1/10/25,,
57,447,1624,,,,Live,10/16/24,,
44,352,1626,469700131690,8/27/25,2972537508,32,9/10/25,267,1 day
47,427,1627,,9/29/25,,35,10/9/25,310,2 day
56,468,1630,,9/9/25,,34,9/22/25,363,2 day
52,424,1633,,,,Live,11/11/24,,
47,427,1636,,9/23/25,,36,10/6/25,226,1 day
47,432,1637,,,,Live,1/20/25,,
19,202,1642,,,,TBD,,,
53,444,1643,,,,Live,10/14/24,,
57,581,1645,,,,Live,10/23/24,,
56,455,1648,,9/16/25,,35,9/29/25,266,1 day
56,452,1651,,,,Live,10/8/24,,
54,379,1659,,,,TBD,,,
57,448,1660,,,,Live,9/25/24,,
26,304,1662,,,,Live,10/17/24,,
21,239,1665,,,,TBD,,,
26,309,1666,,,,Live,8/26/22,,
47,432,1671,,,,Live,1/16/25,,
76,280,1674,,,,Live,11/6/24,,
76,189,1677,,9/12/25,,34,9/25/25,247,1 day
53,438,1679,,,,Live,10/18/24,,
75,288,1682,,9/18/25,,35,10/1/25,238,1 day
54,403,1686,469700131704,8/26/25,1.08627E+11,32,9/9/25,275,1 day
75,288,1687,,9/19/25,,35,10/2/25,243,1 day
75,289,1688,,9/16/25,,35,9/29/25,160,1 day
54,376,1689,,,,Live,8/29/24,,
25,275,1690,,,,TBD,,,
40,362,1691,,,,Live,9/8/22,,
58,445,1692,,,,Live,10/30/24,,
58,445,1693,,,,Live,1/23/25,,
12,124,1694,,,,Live,11/13/24,,
47,427,1695,,,,Live,12/11/24,,
56,454,1697,,,,Live,10/1/24,,
54,401,1699,469700131715,8/25/25,1.08627E+11,32,9/8/25,154,1 day
58,459,1700,,,,Live,10/17/24,,
76,280,1703,,,,Live,10/23/24,,
56,453,1704,,,,Live,9/27/24,,
11,140,1710,,9/15/25,,34,9/26/25,168,1 day
14,2,1711,,,,Live,11/13/24,,
75,508,1717,,,,Live,10/28/24,,
21,222,1718,,,,Live,12/16/24,,
2,23,1720,469700131726,8/27/25,,32,9/10/25,113,1 day
52,421,1722,,,,Live,1/27/25,,
52,413,1723,,,,Live,1/27/25,,
21,246,1728,,9/18/25,,34,10/1/25,185,1 day
76,192,1731,,9/5/25,,33,9/18/25,189,1 day
52,414,1732,,,,Live,1/24/25,,
19,203,1733,,,,TBD,,,
25,273,1734,,,,TBD,,,
22,284,1736,444708591535,9/2/25,,33,9/15/25,182,1 day
20,235,1739,,,,Live,10/15/24,,
22,165,1742,,,,Live,9/20/24,,
21,239,1745,,,,TBD,,,
46,371,1746,,,,Live,9/23/24,,
58,461,1747,,,,Live,11/12/24,,
4,33,1748,,,,Live,10/11/24,,
16,183,1749,,,,TBD,,,
21,222,1750,,,,Live,1/15/25,,
19,204,1752,,,,TBD,,,
19,203,1754,,,,TBD,,,
56,452,1755,,,,Live,10/17/24,,
58,462,1756,,,,Live,11/7/24,,
56,455,1760,,,,Live,9/13/24,,
40,341,1761,,,,Live,10/11/24,,
52,413,1764,,,,Live,12/13/24,,
19,202,1771,,,,Live,11/8/24,,
56,468,1772,,,,Live,10/30/24,,
60,478,1775,,,,Live,12/19/24,,
22,168,1777,,,,TBD,,,
75,315,1780,,,,Live,1/20/25,,
60,477,1784,,,,Live,12/6/24,,
52,423,1786,,,,Live,10/11/24,,
52,414,1787,,,,Live,12/10/24,,
16,183,1788,,9/26/25,,36,10/9/25,385,2 day
56,454,1789,,,,Live,10/1/24,,
60,477,1793,,,,Live,9/13/24,,
16,184,1796,,,,TBD,,,
5,583,1800,,,,Live,11/13/24,,
5,44,1801,,,,Live,10/17/24,,
47,411,1802,,,,Live,12/9/24,,
7,87,1803,,,,Live,12/2/24,,
21,248,1804,,,,Live,12/11/24,,
58,463,1805,,,,Live,1/6/25,,
76,189,1806,,9/22/25,,35,10/3/25,161,1 day
19,202,1809,,9/12/25,,34,9/25/25,165,1 day
17,164,1810,,,,Live,1/6/25,,
75,289,1811,,9/17/25,,35,9/30/25,294,1 day
76,192,1813,,,,Live,9/16/24,,
57,449,1815,,,,Live,11/8/24,,
60,475,1817,,,,Live,12/17/24,,
26,306,1821,,,,Live,9/25/24,,
57,581,1826,,,,Live,11/14/24,,
76,191,1831,,,,Live,12/9/24,,
58,463,1832,,,,Live,12/12/24,,
75,291,1833,,9/8/25,,33,9/19/25,240,1 day
56,468,1834,,,,Live,12/11/24,,
17,190,1835,,,,Live,11/12/24,,
6,59,1837,,,,TBD,,,
57,394,1838,,9/16/25,,35,9/29/25,365,2 day
20,214,1839,,,,Live,11/11/24,,
56,450,1840,,,,Live,10/2/24,,
75,289,1841,,,,Live,6/5/23,,
26,298,1842,469700131737,8/26/25,932679532,32,9/9/25,224,1 day
26,308,1849,,9/19/25,,35,10/2/25,368,2 day
9,109,1851,,,,Live,1/27/25,,
75,291,1852,,,,Live,10/30/24,,
58,461,1853,,,,Live,11/8/24,,
52,423,1855,,9/22/25,,35,10/3/25,128,1 day
22,284,1860,,,,Live,1/24/25,,
52,422,1861,,,,Live,10/17/24,,
58,462,1862,,,,Live,11/14/24,,
20,209,1863,,,,Live,9/16/24,,
52,422,1864,,,,Live,10/24/24,,
16,180,1868,,9/24/25,,36,10/7/25,366,2 day
17,161,1873,,,,TBD,,,
57,581,1877,,,,Live,10/18/24,,
58,445,1879,,,,Live,10/29/24,,
56,468,1880,,,,Live,12/5/24,,
56,453,1881,,,,Live,9/10/24,,
57,581,1882,,,,Live,11/7/24,,
17,226,1884,,9/26/25,,36,10/9/25,292,1 day
22,234,1886,,,,TBD,,,
17,162,1891,,9/15/25,,34,9/26/25,232,1 day
75,508,1893,469700131748,8/29/25,2972537504,32,9/12/25,201,1 day
20,215,1894,,,,TBD,,,
54,391,1896,,9/24/25,,36,10/7/25,311,2 day
58,461,1899,,,,Live,12/3/24,,
56,457,1903,,,,Live,10/4/24,,
76,195,1909,,,,Live,12/3/24,,
56,468,1910,,,,Live,12/13/24,,
20,215,1911,,,,Live,9/23/24,,
58,461,1912,,,,Live,10/24/24,,
19,207,1913,,,,Live,9/5/22,,
58,445,1914,,,,Live,11/5/24,,
9,108,1916,469700131759,8/27/25,,32,9/10/25,150,1 day
58,459,1917,,,,Live,10/11/24,,
60,477,1920,,,,Live,10/8/24,,
58,462,1922,,,,Live,12/6/24,,
19,200,1923,,,,Live,12/3/24,,
60,478,1925,,,,Live,11/6/24,,
20,209,1927,,,,TBD,,,
19,205,1928,469700131760,9/17/25,,32,9/30/25,246,1 day
76,231,1935,,,,TBD,,,
25,268,1938,,,,Live,9/21/23,,
58,462,1941,,,,Live,10/8/24,,
19,200,1942,,,,TBD,,,
47,433,1943,,,,Live,1/10/25,,
17,226,1945,,,,TBD,,,
52,422,1952,,,,Live,10/23/24,,
53,263,1955,,,,Live,1/24/25,,
47,382,1956,,,,Live,11/12/24,,
17,164,1959,,,,Live,1/8/25,,
21,246,1962,,9/19/25,,34,10/2/25,225,1 day
56,450,1963,,,,Live,10/16/24,,
47,432,1965,,,,Live,12/12/24,,
75,290,1969,,9/15/25,,33,9/26/25,206,1 day
56,511,1972,,,,Live,11/4/24,,
56,457,1979,,,,Live,10/29/24,,
75,508,1981,,9/9/25,,34,9/22/25,181,1 day
56,450,1983,,,,Live,10/17/24,,
76,283,1985,,,,Live,10/29/24,,
56,455,1988,,,,Live,10/4/24,,
57,447,1989,,,,Live,1/6/25,,
58,462,1992,,,,Live,1/21/25,,
56,400,1995,,,,Live,1/22/25,,
9,553,1996,469700131770,8/26/25,,32,9/9/25,224,1 day
16,188,1997,,,,Live,1/6/25,,
25,267,1998,,,,TBD,,,
52,424,1999,,,,Live,10/28/24,,
57,449,2001,,,,Live,11/5/24,,
56,451,2002,,,,Live,2/4/22,,
17,174,2003,,,,Live,10/14/24,,
52,415,2004,,,,Live,1/20/25,,
26,306,2005,,,,Live,10/2/24,,
19,201,2010,,,,TBD,,,
17,162,2022,,,,Live,12/12/24,,
22,233,2023,,,,TBD,,,
17,226,2024,,,,TBD,,,
56,511,2025,,,,Live,11/6/24,,
58,461,2028,,,,Live,10/28/24,,
56,450,2030,,,,Live,10/22/24,,
56,511,2031,,,,Live,9/12/24,,
57,446,2032,,,,Live,12/17/24,,
20,317,2036,,,,Live,12/16/24,,
60,472,2037,,,,Live,11/14/24,,
76,292,2038,,9/18/25,,35,10/1/25,249,1 day
56,450,2039,,,,Live,10/11/24,,
56,457,2044,,,,Live,9/11/24,,
16,180,2046,,9/23/25,,36,10/6/25,218,1 day
56,453,2048,,,,Live,9/24/24,,
22,237,2049,,,,TBD,,,
57,396,2050,,,,Live,9/10/24,,
56,457,2052,,9/12/25,,34,9/25/25,255,1 day
56,457,2053,,,,Live,9/9/24,,
56,454,2054,,,,Live,9/9/24,,
16,183,2055,,,,TBD,,,
16,188,2056,,,,Live,1/21/25,,
26,297,2058,,,,Live,1/22/25,,
76,231,2059,,,,Live,10/22/24,,
19,201,2061,,9/8/25,,33,9/19/25,231,1 day
19,201,2062,,9/5/25,,33,9/18/25,263,1 day
17,164,2064,,9/25/25,,36,10/8/25,289,1 day
12,122,2065,,,,Live,12/17/24,,
6,64,2066,,,,Live,9/10/24,,
22,170,2068,,,,Live,9/7/24,,
56,468,2069,,,,Live,12/3/24,,
60,469,2070,,,,Live,10/3/24,,
60,469,2071,,,,Live,10/11/24,,
20,214,2073,,,,Live,9/24/24,,
60,469,2074,,,,Live,10/5/24,,
60,478,2075,,,,Live,12/16/24,,
58,460,2077,,,,Live,9/27/24,,
53,196,2079,,,,TBD,,,
19,202,2080,,9/11/25,,34,9/24/25,233,1 day
58,464,2082,,,,Live,10/11/24,,
47,383,2084,,,,Live,12/9/24,,
5,56,2086,,,,Live,11/6/24,,
52,422,2087,,,,Live,10/21/24,,
76,194,2088,,9/4/25,,33,9/17/25,186,1 day
9,110,2091,,,,Live,9/17/24,,
76,189,2093,,9/11/25,,34,9/24/25,233,1 day
58,460,2094,,,,Live,1/13/25,,
22,170,2096,469700131781,8/29/25,,32,9/12/25,225,1 day
16,188,2097,,,,Live,1/20/25,,
21,219,2098,,,,Live,8/26/24,,
57,447,2099,,,,Live,12/17/24,,
53,196,2100,,,,TBD,,,
60,475,2101,,,,Live,1/14/25,,
19,200,2102,,,,TBD,,,
17,164,2104,,9/3/25,,33,9/16/25,293,1 day
5,53,2105,,,,Live,11/8/24,,
56,392,2106,,,,Live,8/30/23,,
22,165,2108,,,,Live,9/23/24,,
22,165,2109,,9/9/25,,34,9/22/25,205,1 day
57,465,2110,,,,Live,11/5/24,,
46,372,2112,,,,Live,10/2/24,,
46,370,2113,,,,Live,9/16/22,,
20,216,2115,,,,Live,11/12/24,,
56,451,2117,,,,Live,10/8/24,,
56,511,2119,,,,Live,2/4/22,,
60,472,2121,,,,Live,10/30/24,,
44,47,2123,,,,TBD,,,
21,223,2124,,,,TBD,,,
54,380,2125,,,,Live,9/4/24,,
57,470,2126,,,,Live,1/20/25,,
16,183,2130,,,,TBD,,,
47,411,2131,,,,Live,1/13/25,,
13,131,2132,,,,Live,1/24/25,,
7,82,2133,,,,Live,9/13/24,,
26,306,2134,,,,Live,8/25/22,,
75,291,2136,,,,Live,10/29/24,,
16,181,2138,,,,TBD,,,
16,157,2139,,,,Live,12/2/24,,
22,166,2141,,,,Live,9/4/24,,
16,184,2142,,,,Live,9/12/22,,
17,163,2144,,,,TBD,,,
22,168,2145,,,,Live,10/30/24,,
76,189,2146,,9/19/25,,35,10/2/25,188,1 day
47,383,2147,,9/2/25,,33,9/15/25,199,1 day
16,188,2152,,,,Live,1/8/25,,
17,171,2156,,,,Live,9/10/24,,
16,156,2158,,,,Live,12/4/24,,
75,290,2160,,9/22/25,,35,10/3/25,173,1 day
56,511,2161,,9/25/25,,36,10/8/25,305,2 day
76,191,2166,,,,Live,12/10/24,,
22,167,2167,,,,TBD,,,
22,232,2169,,9/23/25,,36,10/6/25,196,1 day
17,162,2170,,9/12/25,,34,9/25/25,138,1 day
58,459,2177,,,,Live,10/15/24,,
58,463,2181,,,,Live,1/9/25,,
22,232,2185,,,,TBD,,,
56,392,2189,,,,Live,9/1/23,,
56,453,2190,,,,Live,10/1/24,,
19,207,2191,,,,TBD,,,
20,227,2193,,,,TBD,,,
76,283,2194,,9/19/25,,35,10/2/25,167,1 day
22,178,2195,,,,Live,10/17/24,,
60,472,2196,,,,Live,10/25/24,,
20,208,2197,,,,TBD,,,
52,423,2198,,,,Live,10/10/24,,
20,235,2199,,,,TBD,,,
17,162,2200,,,,TBD,,,
25,267,2204,,,,Live,8/29/24,,
22,233,2205,,,,Live,1/16/25,,
58,466,2206,,,,Live,11/11/24,,
54,403,2207,469700131792,8/27/25,,32,9/10/25,202,1 day
17,226,2208,,,,TBD,,,
20,216,2209,,,,Live,9/21/22,,
76,195,2210,,,,Live,12/5/24,,
20,208,2211,,,,TBD,,,
40,340,2213,,,,Live,8/29/22,,
4,41,2214,,,,Live,11/14/24,,
58,466,2218,,,,Live,11/12/24,,
54,585,2223,,,,TBD,,,
16,181,2224,,9/2/25,,33,9/15/25,292,1 day
17,161,2225,,9/5/25,,33,9/18/25,180,1 day
16,154,2228,,9/17/25,,35,9/30/25,180,1 day
17,173,2232,,9/22/25,,35,10/3/25,186,1 day
76,280,2233,,,,Live,11/4/24,,
76,189,2234,,9/10/25,,34,9/23/25,166,1 day
19,200,2238,,,,Live,12/2/24,,
7,86,2239,,9/22/25,,35,10/3/25,293,1 day
58,464,2242,,,,Live,10/3/24,,
58,460,2245,,,,Live,1/15/25,,
75,293,2248,469700131807,8/28/25,,32,9/11/25,231,1 day
60,467,2249,,,,Live,11/8/24,,
21,221,2250,,,,Live,12/6/24,,
57,484,2251,,,,Live,9/10/24,,
22,168,2252,,,,TBD,,,
22,165,2254,,9/12/25,,34,9/25/25,161,1 day
22,232,2255,,9/24/25,,36,10/7/25,275,1 day
6,67,2257,,,,Live,9/5/24,,
76,283,2258,,9/18/25,,34,9/26/25,217,1 day
47,383,2259,,,,Live,11/4/24,,
22,167,2263,,,,TBD,,,
76,189,2264,,9/18/25,,35,10/1/25,246,1 day
4,35,2265,444708591590,9/2/25,,33,9/15/25,223,1 day
20,214,2266,,,,Live,9/26/24,,
60,473,2269,,,,Live,1/9/25,,
46,375,2270,,9/26/25,,36,10/9/25,198,1 day
19,205,2273,469700131818,9/16/25,,32,9/29/25,234,1 day
52,424,2274,,,,Live,11/6/24,,
19,238,2276,,,,TBD,,,
57,449,2277,,,,Live,10/23/24,,
56,451,2280,,,,Live,2/17/22,,
20,235,2281,,,,Live,10/21/24,,
17,162,2282,,,,Live,12/11/24,,
17,161,2283,,,,Live,12/12/24,,
17,173,2284,,,,TBD,,,
17,171,2286,,,,Live,9/11/24,,
58,462,2288,,,,Live,11/12/24,,
58,458,2291,,,,Live,1/22/25,,
57,484,2292,,,,Live,9/13/24,,
54,585,2293,,,,TBD,,,
75,287,2295,,9/11/25,,33,9/24/25,194,1 day
57,448,2297,,,,Live,9/24/24,,
17,163,2299,,9/10/25,,34,9/23/25,194,1 day
20,227,2300,,,,Live,10/14/24,,
11,11,2306,,,,Live,1/22/25,,
54,403,2307,469700131829,8/29/25,,32,9/12/25,190,1 day
57,470,2308,,,,Live,1/24/25,,
12,122,2310,,,,Live,12/16/24,,
75,312,2312,,,,Live,1/13/25,,
57,470,2314,,,,Live,1/21/25,,
60,472,2317,,,,Live,10/29/24,,
56,468,2320,,,,Live,12/6/24,,
11,145,2322,,,,Live,10/17/24,,
20,215,2323,,,,TBD,,,
60,472,2325,,,,Live,10/28/24,,
17,162,2331,,9/11/25,,34,9/24/25,198,1 day
58,445,2333,,9/15/25,,34,9/26/25,202,1 day
22,233,2334,,,,TBD,,,
53,441,2335,,,,Live,10/16/24,,
21,246,2339,,,,Live,1/20/25,,
22,233,2340,,,,TBD,,,
4,33,2348,,,,Live,1/10/25,,
52,424,2352,,,,Live,11/5/24,,
19,205,2354,469700131830,9/22/25,2972537507,32,10/3/25,204,1 day
76,195,2355,,9/3/25,,33,9/16/25,166,1 day
53,196,2358,,,,TBD,,,
20,209,2362,,,,Live,9/17/24,,
17,174,2365,,,,TBD,,,
52,419,2367,,,,Live,1/9/25,,
16,181,2369,,,,TBD,,,
16,188,2370,,,,Live,1/14/25,,
17,163,2371,,9/30/25,,35,10/13/25,211,1 day
17,161,2373,,,,TBD,,,
60,514,2385,,,,Live,11/12/24,,
3,114,2387,,,,Live,10/7/24,,
16,184,2399,,9/3/25,,33,9/16/25,261,1 day
57,484,2401,,,,Live,10/15/24,,
60,514,2403,,,,Live,10/25/24,,
7,87,2404,,9/29/25,,36,10/10/25,159,1 day
76,194,2405,444708591671,9/2/25,,33,9/15/25,233,1 day
75,293,2412,469700131840,8/27/25,,32,9/10/25,196,1 day
56,455,2418,,9/17/25,,35,9/30/25,342,2 day
20,235,2420,,,,Live,10/16/24,,
21,217,2426,,,,Live,8/27/24,,
5,53,2427,,,,Live,10/11/23,,
21,223,2429,,,,TBD,,,
47,433,2432,,,,Live,1/7/25,,
64,561,2433,,,,Live,10/9/23,,
75,282,2435,,,,Live,8/29/22,,
75,291,2438,,9/16/25,,35,9/29/25,227,1 day
6,60,2439,,,,Live,9/23/24,,
21,225,2441,,,,Live,10/8/24,,
22,170,2445,,,,Live,10/28/24,,
22,170,2446,,,,Live,7/15/23,,
21,225,2447,,,,Live,9/27/24,,
60,471,2450,,,,Live,10/18/24,,
53,444,2452,,,,Live,10/24/24,,
56,454,2457,,,,Live,9/12/24,,
56,451,2458,,,,Live,2/8/22,,
5,56,2463,,,,Live,11/7/24,,
56,454,2464,,,,Live,10/2/24,,
60,467,2469,,,,Live,11/5/24,,
21,217,2471,,,,TBD,,,
26,308,2472,,9/15/25,,34,9/26/25,260,1 day
57,470,2473,,,,Live,1/28/25,,
56,468,2477,,,,Live,11/12/24,,
58,459,2479,,,,Live,10/8/24,,
17,226,2480,,,,TBD,,,
22,232,2481,,,,Live,1/14/25,,
46,372,2482,,,,Live,10/4/24,,
57,394,2483,,,,Live,10/4/24,,
61,512,2486,,9/29/25,,36,10/10/25,76,1 day
40,362,2490,,,,Live,10/21/24,,
25,273,2491,,,,TBD,,,
19,200,2493,,,,TBD,,,
58,466,2495,,,,Live,1/15/25,,
17,174,2497,,9/8/25,,33,9/19/25,186,1 day
16,188,2504,,9/16/25,,35,9/29/25,167,1 day
6,62,2505,,,,TBD,,,
57,447,2507,,,,Live,1/7/25,,
46,370,2515,,,,Live,10/1/24,,
60,514,2516,,,,Live,10/16/24,,
58,466,2517,,,,Live,1/13/25,,
53,196,2522,,,,TBD,,,
58,464,2523,,,,Live,10/7/24,,
57,446,2526,,,,Live,11/5/24,,
22,232,2528,,,,TBD,,,
17,164,2531,,9/4/25,,33,9/17/25,236,1 day
22,232,2535,,,,Live,1/13/25,,
57,581,2536,,,,Live,10/22/24,,
56,457,2537,,,,Live,10/25/24,,
60,478,2538,,,,Live,11/13/24,,
60,474,2539,,,,Live,9/6/24,,
17,226,2543,,,,TBD,,,
19,238,2544,,,,TBD,,,
58,464,2546,,,,Live,10/1/24,,
17,164,2547,444708591708,9/2/25,,33,9/15/25,230,1 day
60,474,2549,,,,Live,8/30/24,,
60,476,2550,,,,Live,8/29/24,,
56,457,2553,,,,Live,11/8/24,,
46,368,2554,,,,Live,9/19/24,,
22,284,2555,,,,Live,1/23/25,,
57,447,2556,,,,Live,1/9/25,,
57,447,2557,,,,Live,12/3/24,,
19,206,2559,,,,TBD,,,
19,200,2567,,,,TBD,,,
57,446,2568,,,,Live,10/29/24,,
60,514,2571,,,,Live,10/29/24,,
22,234,2574,,,,TBD,,,
75,281,2577,,,,Live,11/8/24,,
4,300,2580,,,,Live,10/30/24,,
17,173,2585,,9/18/25,,35,10/1/25,250,1 day
76,195,2586,,,,Live,12/6/24,,
42,326,2587,,,,TBD,,,
20,227,2588,,,,Live,10/17/24,,
57,394,2592,,,,Live,10/23/24,,
57,396,2593,,,,Live,10/1/24,,
60,471,2594,,,,Live,10/24/24,,
60,471,2595,,,,Live,10/21/24,,
60,471,2596,,,,Live,10/30/24,,
56,453,2598,,,,Live,8/30/24,,
7,86,2599,,,,TBD,,,
17,174,2604,,9/26/25,,36,10/9/25,138,1 day
57,465,2609,,,,Live,10/29/24,,
22,168,2614,,,,TBD,,,
19,202,2620,,,,TBD,,,
57,446,2621,,,,Live,11/8/24,,
3,112,2627,,,,Live,1/29/25,,
41,260,2628,,,,Live,12/5/24,,
19,197,2631,,,,TBD,,,
61,510,2632,,9/8/25,,33,9/19/25,278,1 day
17,175,2633,,,,Live,10/8/24,,
58,466,2636,,,,Live,1/16/25,,
22,168,2641,,,,TBD,,,
52,423,2642,,,,Live,10/7/24,,
52,422,2643,,,,Live,10/16/24,,
19,204,2644,,,,TBD,,,
56,511,2648,,,,Live,7/17/23,,
5,50,2649,,,,Live,11/11/24,,
22,170,2650,,,,Live,9/4/24,,
17,175,2651,,9/23/25,,35,10/6/25,400,2 day
46,375,2656,,,,Live,11/13/24,,
5,55,2667,,,,Live,10/12/23,,
53,435,2668,,,,Live,10/8/24,,
46,373,2671,,,,Live,10/1/24,,
54,389,2672,,,,TBD,,,
19,201,2678,,,,Live,1/23/25,,
21,247,2679,,,,Live,11/6/24,,
16,180,2681,,,,TBD,,,
4,35,2687,,9/3/25,,33,9/16/25,174,1 day
61,512,2689,,9/23/25,,36,10/6/25,163,1 day
41,243,2691,,,,Live,12/12/24,,
19,206,2692,,,,Live,1/6/25,,
40,340,2694,,,,Live,10/21/24,,
56,452,2697,,,,Live,9/11/24,,
4,38,2703,,,,Live,10/21/24,,
13,125,2706,,,,Live,9/27/24,,
58,460,2708,,,,Live,12/13/24,,
4,37,2712,,,,Live,8/12/24,,
14,3,2713,,,,TBD,,,
13,143,2715,,9/24/25,,36,10/7/25,203,1 day
52,415,2716,,,,Live,1/29/25,,
6,64,2718,,,,Live,9/6/24,,
17,163,2719,,9/9/25,,34,9/22/25,183,1 day
60,469,2722,,,,Live,10/8/24,,
6,63,2724,,,,Live,9/11/24,,
21,217,2725,,,,TBD,,,
21,219,2726,,,,TBD,,,
9,110,2727,,,,Live,9/18/24,,
54,378,2729,,,,TBD,,,
56,454,2735,,,,Live,10/16/24,,
54,380,2751,,,,Live,1/8/25,,
54,585,2752,,,,TBD,,,
52,414,2764,,,,Live,1/8/25,,
46,372,2766,,,,Live,9/23/24,,
46,371,2768,,,,Live,1/13/25,,
21,246,2771,,,,TBD,,,
21,217,2774,,,,Live,12/3/24,,
41,260,2783,,,,Live,12/3/24,,
47,407,2784,,,,TBD,,,
41,482,2786,,,,TBD,,,
41,249,2787,,,,Live,12/19/24,,
41,482,2788,,,,TBD,,,
9,108,2789,469700131851,8/25/25,,32,9/8/25,166,1 day
75,508,2799,,9/11/25,,34,9/24/25,376,2 day
44,352,2803,469700131862,8/26/25,2972537503,32,9/9/25,175,1 day
44,352,2804,469700131873,8/28/25,,32,9/11/25,270,1 day
4,42,2806,,9/4/25,,33,9/17/25,245,1 day
75,315,2807,444708591660,9/9/25,,33,9/22/25,166,1 day
75,290,2808,,9/4/25,,34,9/17/25,223,1 day
2,21,2811,469700131884,8/26/25,,32,9/9/25,186,1 day
19,238,2817,,,,Live,8/28/24,,
19,238,2818,,9/30/25,,36,10/13/25,200,1 day
75,290,2821,,9/2/25,,33,9/15/25,243,1 day
20,216,2823,,,,Live,12/17/24,,
17,175,2825,,9/19/25,,35,10/2/25,185,1 day
52,418,2827,,,,Live,1/13/25,,
53,435,2828,,,,Live,10/25/24,,
22,166,2830,,,,Live,10/25/24,,
5,50,2834,,,,TBD,,,
57,396,2838,,,,Live,9/12/24,,
58,461,2842,,,,Live,12/4/24,,
26,296,2845,469700131895,8/25/25,,32,9/8/25,160,1 day
47,432,2847,,,,Live,1/15/25,,
75,508,2853,,9/10/25,,34,9/23/25,246,1 day
40,360,2857,,,,Live,10/30/24,,
76,192,2859,,,,Live,11/15/24,,
4,29,2860,,,,Live,12/5/24,,
7,506,2864,,,,TBD,,,
60,474,2865,,,,Live,9/6/24,,
19,203,2867,,9/9/25,,34,9/22/25,178,1 day
19,203,2869,,9/10/25,,34,9/23/25,122,1 day
22,558,2871,,,,Live,9/25/23,,
76,189,2874,,,,Live,1/15/25,,
52,422,2882,,,,Live,1/10/25,,
5,56,2883,,,,Live,1/28/22,,
57,394,2884,,,,Live,9/26/24,,
17,161,2885,444708591650,9/8/25,,33,9/19/25,157,1 day
57,484,2886,,,,Live,5/23/23,,
22,233,2888,,,,TBD,,,
52,415,2889,,,,Live,1/16/25,,
54,376,2892,,,,Live,9/6/24,,
17,163,2897,,,,TBD,,,
17,163,2899,,,,TBD,,,
17,163,2900,,,,TBD,,,
17,171,2906,,,,Live,9/9/24,,
76,228,2909,,,,TBD,,,
19,197,2912,,,,Live,1/9/25,,
20,215,2914,,,,Live,9/20/24,,
17,172,2916,,9/5/25,,33,9/18/25,242,1 day
17,171,2917,,,,Live,9/13/24,,
54,401,2921,,,,Live,1/16/25,,
47,382,2923,,,,Live,11/13/24,,
46,384,2924,,,,Live,12/6/24,,
56,452,2925,,9/15/25,,34,9/26/25,188,1 day
60,476,2927,,,,Live,9/19/24,,
4,36,2928,,9/16/25,,35,9/29/25,265,1 day
4,310,2929,,9/24/25,,36,10/7/25,265,1 day
13,132,2938,,,,Live,1/14/25,,
22,167,2945,469700131900,8/26/25,,32,9/9/25,198,1 day
9,109,2946,,,,Live,1/28/25,,
60,476,2947,,,,Live,8/28/24,,
57,484,2948,,,,Live,1/20/25,,
57,448,2950,,,,Live,10/2/24,,
57,448,2951,,,,Live,9/11/24,,
58,460,2952,,,,Live,12/5/24,,
17,173,2954,,,,TBD,,,
40,362,2955,,,,Live,10/18/24,,
19,206,2959,,,,TBD,,,
9,108,2962,,,,Live,11/8/24,,
16,156,2964,,,,Live,12/3/24,,
17,163,2965,,,,TBD,,,
21,225,2967,,,,Live,10/28/24,,
5,44,2978,,,,TBD,,,
5,479,2980,,,,Live,11/4/24,,
57,449,2985,,,,Live,10/31/24,,
56,511,2989,,,,Live,9/10/24,,
7,82,2991,,,,Live,9/13/24,,
6,62,2993,,,,TBD,,,
5,53,2996,,,,Live,10/13/23,,
25,268,3004,,,,Live,1/5/23,,
5,49,3014,,,,Live,11/14/23,,
64,561,3015,,,,Live,10/9/23,,
54,389,3018,,9/11/25,,34,9/24/25,300,2 day
61,490,3019,,,,Live,9/5/24,,
61,552,3022,,9/24/25,,36,10/7/25,100,1 day
5,50,3044,,,,Live,10/28/24,,
60,471,3053,,9/3/25,,33,9/16/25,262,1 day
7,506,3056,,,,TBD,,,
7,86,3058,,9/30/25,,37,10/13/25,202,1 day
40,340,3061,,,,Live,10/10/24,,
76,292,3077,,9/8/25,,33,9/17/25,139,1 day
17,175,3078,,,,Live,10/15/24,,
56,454,3081,,,,Live,9/13/24,,
61,490,3082,,,,TBD,,,
57,446,3087,,,,Live,11/12/24,,
52,424,3088,,,,Live,11/12/24,,
61,550,3098,,,,Live,1/6/25,,
61,551,3101,,9/8/25,,33,9/19/25,95,1 day
7,86,3106,,9/17/25,,35,9/30/25,232,1 day
7,77,3112,,9/5/25,,33,9/19/25,207,1 day
2,20,3118,,,,Live,10/28/24,,
14,15,3119,,,,Live,11/6/24,,
61,490,3127,,,,Live,9/5/24,,
61,490,3128,,,,Live,9/5/24,,
61,550,3145,,,,Live,8/29/24,,
47,432,3150,,,,Live,12/11/24,,
47,432,3151,,,,Live,1/17/25,,
17,577,3159,,,,Live,6/7/23,,
9,553,3163,,,,Live,9/10/24,,
13,125,3167,,,,Live,1/24/25,,
7,83,3169,,,,Live,9/10/24,,
7,83,3170,,,,Live,12/5/24,,
61,490,3176,,,,TBD,,,
54,378,3177,,,,TBD,,,
57,446,3180,,,,Live,11/8/24,,
26,296,3182,,,,Live,11/13/24,,
4,35,3192,,,,Live,12/2/24,,
64,504,3199,469700131910,8/29/25,,32,9/12/25,24,1 day
2,22,3205,,,,Live,8/6/24,,
21,222,3206,,,,TBD,,,
3,94,3207,,9/3/25,,33,9/16/25,185,1 day
25,275,3210,,,,Live,11/7/24,,
22,165,3212,,9/11/25,,34,9/24/25,296,1 day
75,288,3214,,,,Live,9/5/24,,
60,467,3218,,,,Live,11/8/24,,
17,190,3221,,,,Live,12/11/24,,
20,229,3223,,,,TBD,,,
5,583,3224,,,,Live,11/11/24,,
6,65,3226,,,,Live,9/9/24,,
54,403,3232,,,,Live,1/17/25,,
9,553,3235,,,,Live,8/31/22,,
22,178,3236,,,,Live,10/16/24,,
60,478,3239,,,,Live,12/3/24,,
46,369,3241,469700131921,8/28/25,,32,9/11/25,209,1 day
75,312,3243,,,,Live,1/14/25,,
58,464,3248,,,,Live,10/9/24,,
20,209,3250,,,,TBD,,,
21,218,3251,,,,TBD,,,
22,166,3252,,,,TBD,,,
56,392,3254,,,,Live,12/11/24,,
60,478,3258,,,,Live,11/11/24,,
60,475,3261,,,,Live,1/10/25,,
20,216,3262,,,,TBD,,,
75,288,3265,,,,Live,9/3/24,,
47,432,3267,,,,Live,1/16/25,,
20,311,3270,,,,Live,1/7/25,,
40,362,3273,,,,Live,1/10/25,,
5,50,3274,,,,TBD,,,
58,445,3276,,,,Live,11/12/24,,
56,392,3277,,,,Live,10/17/24,,
47,433,3278,,,,Live,1/8/25,,
7,77,3279,,,,Live,9/16/24,,
76,192,3280,,,,Live,9/13/24,,
76,228,3281,,,,TBD,,,
44,409,3283,,9/12/25,,34,9/25/25,225,1 day
5,44,3284,,,,Live,10/18/24,,
5,44,3285,,,,Live,10/10/23,,
5,52,3286,,,,Live,10/11/23,,
57,470,3290,,,,Live,1/30/25,,
17,174,3291,,9/29/25,,36,10/10/25,154,1 day
17,176,3292,,,,Live,1/30/25,,
41,242,3294,,,,Live,1/20/25,,
6,64,3296,,,,Live,9/5/24,,
6,67,3297,,9/10/25,,34,9/23/25,328,2 day
6,60,3298,,,,TBD,,,
17,161,3301,,,,Live,12/13/24,,
6,64,3302,,,,Live,10/7/24,,
3,101,3308,,,,Live,10/23/24,,
3,98,3309,,,,Live,10/28/24,,
3,94,3310,,,,Live,10/21/24,,
9,553,3311,,,,Live,9/11/24,,
54,376,3313,,,,Live,8/30/24,,
6,80,3320,,,,TBD,,,
19,200,3328,,,,TBD,,,
76,191,3332,,9/9/25,,34,9/22/25,217,1 day
16,187,3334,,,,Live,1/22/25,,
22,165,3337,,9/10/25,,34,9/23/25,240,1 day
22,165,3339,,,,Live,9/26/24,,
64,58,3341,,,,Live,10/7/23,,
9,107,3348,469700131932,8/28/25,,32,9/11/25,141,1 day
57,394,3350,,,,Live,10/24/24,,
57,394,3351,,9/9/25,,34,9/22/25,343,2 day
56,452,3352,,,,Live,9/25/24,,
46,373,3360,,9/30/25,,37,10/13/25,269,1 day
41,253,3362,,10/1/25,,35,10/15/25,191,1 day
52,422,3364,,,,Live,10/16/24,,
4,36,3367,,,,Live,9/27/24,,
26,309,3371,,,,Live,8/22/22,,
60,475,3380,,,,Live,1/13/25,,
54,389,3382,,9/23/25,,36,10/6/25,236,1 day
7,70,3383,,,,Live,12/4/24,,
2,25,3388,,,,Live,1/24/25,,
2,25,3389,,,,Live,8/2/24,,
47,433,3395,,9/18/25,,35,10/1/25,195,1 day
9,553,3397,,,,Live,9/16/24,,
2,20,3401,,,,Live,8/6/24,,
52,422,3404,,,,Live,10/19/24,,
5,51,3406,,,,Live,11/14/24,,
46,368,3407,,,,Live,9/17/24,,
56,455,3408,,,,Live,10/18/24,,
22,232,3412,,,,TBD,,,
22,558,3422,,,,Live,9/26/23,,
46,385,3423,,,,Live,1/27/25,,
6,63,3425,,,,Live,9/6/24,,
46,375,3428,,,,Live,12/11/24,,
44,352,3430,,9/8/25,,33,9/19/25,210,1 day
5,49,3432,,,,Live,11/12/24,,
5,49,3433,,,,TBD,,,
41,249,3435,,9/22/25,,33,10/3/25,199,1 day
19,201,3436,,,,Live,11/5/24,,
17,577,3443,,9/8/25,,36,9/19/25,219,1 day
21,219,3447,,,,Live,8/28/24,,
19,200,3453,,,,Live,12/4/24,,
56,452,3455,,,,Live,10/11/24,,
19,200,3458,,,,TBD,,,
3,114,3463,,9/8/25,,33,9/19/25,178,1 day
58,462,3464,,,,Live,10/14/24,,
46,369,3465,,,,Live,9/17/24,,
17,175,3469,,,,Live,9/4/24,,
60,474,3472,,10/1/25,,33,10/16/25,193,1 day
57,394,3473,,,,Live,9/13/22,,
22,167,3475,,,,Live,10/22/24,,
19,197,3476,,,,TBD,,,
57,465,3477,,,,Live,10/24/24,,
57,470,3478,,,,Live,1/22/25,,
75,282,3481,469700131943,8/25/25,,32,9/8/25,234,1 day
21,218,3486,,,,TBD,,,
75,281,3489,,,,Live,11/12/24,,
16,184,3491,,9/4/25,,33,9/17/25,127,1 day
44,409,3492,,,,Live,1/6/25,,
56,452,3493,,,,Live,10/4/24,,
58,459,3494,,,,Live,10/22/24,,
52,422,3498,,,,Live,10/22/24,,
6,60,3500,,,,TBD,,,
21,221,3502,,,,Live,10/30/24,,
6,62,3510,,,,TBD,,,
60,474,3511,,,,Live,8/28/24,,
52,423,3513,,,,Live,11/13/24,,
58,458,3516,,,,Live,1/20/25,,
17,577,3520,,,,Live,6/8/23,,
57,484,3522,,,,Live,9/11/24,,
57,448,3523,,,,Live,9/25/24,,
60,514,3525,,,,Live,10/29/24,,
9,107,3527,,9/16/25,,35,9/29/25,185,1 day
41,249,3529,,,,Live,9/20/24,,
60,467,3531,,,,Live,11/13/24,,
54,585,3533,,,,Live,8/28/24,,
60,467,3537,,,,Live,10/30/24,,
17,173,3543,,,,TBD,,,
17,173,3545,,,,TBD,,,
17,163,3548,,9/16/25,,35,9/29/25,304,2 day
22,170,3564,,,,Live,10/18/24,,
54,380,3566,,,,Live,8/27/24,,
7,83,3569,,,,Live,9/12/24,,
21,221,3571,,,,Live,12/5/24,,
6,62,3572,,,,Live,9/20/24,,
21,219,3580,,9/23/25,,36,10/6/25,204,1 day
20,216,3581,,,,Live,11/13/24,,
54,391,3582,,9/26/25,,36,10/9/25,469,2 day
16,188,3583,,,,Live,1/13/25,,
6,64,3584,,,,Live,9/4/24,,
56,455,3587,,,,Live,10/4/24,,
75,291,3588,,9/17/25,,35,9/30/25,274,1 day
54,403,3589,,,,Live,1/20/25,,
4,310,3595,,9/26/25,,36,10/9/25,286,1 day
46,384,3596,,9/19/25,,35,10/2/25,277,1 day
17,176,3598,,9/22/25,,36,10/3/25,170,1 day
59,500,3600,,9/29/25,,36,10/10/25,13,1 day
25,275,3602,,,,Live,11/6/24,,
26,296,3612,,9/18/25,,35,10/1/25,240,1 day
2,23,3621,,,,Live,8/6/24,,
7,88,3623,,9/10/25,,34,9/23/25,161,1 day
52,424,3624,,,,Live,10/30/24,,
52,415,3630,,,,Live,11/5/24,,
5,44,3631,469700131954,8/25/25,,32,9/8/25,95,1 day
22,234,3633,,,,TBD,,,
22,232,3634,,,,TBD,,,
6,65,3640,,,,Live,9/3/24,,
21,223,3641,,,,TBD,,,
7,73,3645,,,,TBD,,,
47,427,3648,,9/25/25,,36,10/8/25,177,1 day
57,446,3650,,,,Live,11/13/24,,
56,453,3652,,,,Live,9/10/24,,
26,298,3658,,,,Live,11/13/24,,
26,309,3700,,,,Live,9/27/24,,
3,98,3702,,9/5/25,,33,9/18/25,327,2 day
56,453,3708,,,,Live,9/24/24,,
2,20,3710,,,,Live,8/7/24,,
56,455,3712,,,,Live,9/16/24,,
12,153,3717,,,,Live,1/8/25,,
75,293,3720,,,,Live,9/20/24,,
20,208,3722,,,,TBD,,,
19,205,3726,,,,TBD,,,
57,394,3728,,,,Live,9/24/24,,
56,392,3729,,,,Live,10/11/24,,
46,385,3731,,9/17/25,,35,9/30/25,263,1 day
46,385,3732,,,,Live,9/14/24,,
4,42,3733,,,,Live,1/14/25,,
20,227,3738,,,,TBD,,,
61,490,3740,,,,Live,9/5/24,,
2,22,3741,,,,Live,8/6/24,,
21,239,3747,,9/29/25,,34,10/10/25,210,1 day
21,221,3749,,,,Live,10/2/24,,
60,471,3757,444708591693,9/2/25,,33,9/15/25,206,1 day
52,421,3760,,,,Live,1/8/25,,
52,413,3762,,,,Live,1/6/25,,
7,505,3763,,,,TBD,,,
5,45,3764,,,,TBD,,,
46,371,3771,,,,Live,9/26/24,,
5,479,3773,,,,Live,10/24/24,,
22,165,3774,,,,Live,9/24/24,,
5,56,3777,,,,Live,11/6/24,,
41,482,3781,,,,Live,9/25/24,,
9,91,3782,,,,Live,10/15/24,,
21,223,3783,,9/17/25,,35,9/30/25,226,1 day
2,25,3786,,,,Live,7/31/24,,
61,397,3788,,9/18/25,,35,10/1/25,171,1 day
60,514,3794,,,,Live,10/22/24,,
17,577,3795,,,,Live,9/5/24,,
58,462,3796,,,,Live,10/11/24,,
46,371,3799,,,,Live,9/26/24,,
60,471,3801,,,,Live,10/22/24,,
17,173,3803,,9/19/25,,35,10/2/25,255,1 day
75,293,3804,,,,Live,11/7/24,,
54,391,3805,,,,TBD,,,
21,217,3812,,,,Live,8/30/24,,
47,433,3823,,9/19/25,,35,9/30/25,286,1 day
54,585,3824,,,,Live,8/30/24,,
7,71,3826,,,,Live,12/3/24,,
6,64,3827,,,,TBD,,,
13,46,3828,,,,TBD,,,
75,288,3831,,,,Live,9/4/24,,
53,263,3837,,,,TBD,,,
20,227,3838,,,,Live,10/18/24,,
21,222,3840,,,,TBD,,,
60,467,3850,,,,Live,11/11/24,,
21,246,3851,,,,Live,1/22/25,,
53,441,3857,444708591682,9/2/25,,33,9/15/25,265,1 day
20,208,3860,,,,Live,9/18/24,,
46,373,3861,,10/1/25,,37,10/14/25,229,1 day
54,379,3867,,,,TBD,,,
42,127,3868,,,,Live,9/4/24,,
19,200,3876,,,,TBD,,,
3,93,3877,,9/10/25,,34,9/23/25,200,1 day
57,470,3883,,,,Live,2/3/25,,
46,367,3884,,,,Live,11/5/24,,
7,86,3888,,9/19/25,,35,10/2/25,209,1 day
25,269,3891,,,,Live,9/26/22,,
25,269,3893,,,,TBD,,,
41,260,3894,,,,Live,12/4/24,,
58,458,3947,,,,Live,12/13/24,,
25,266,4049,,,,TBD,,,
59,494,4054,,,,Live,10/8/24,,
57,465,4101,,,,Live,10/29/24,,
42,323,4108,,,,Live,1/24/22,,
41,256,4118,,,,Live,12/6/24,,
7,82,4130,,,,Live,9/12/24,,
57,465,4132,,,,Live,10/16/24,,
61,551,4134,,9/5/25,,33,9/18/25,159,1 day
60,467,4137,,,,Live,11/6/24,,
72,103,4140,469700131965,8/29/25,,32,9/12/25,42,1 day
17,175,4153,,9/18/25,,35,10/1/25,214,1 day
9,110,4161,,,,Live,9/20/24,,
7,82,4163,,,,TBD,,,
5,479,4165,,,,Live,10/29/24,,
42,326,4168,,,,TBD,,,
58,466,4171,,,,Live,1/17/25,,
60,477,4176,,,,Live,9/11/24,,
2,24,4185,,,,Live,8/1/24,,
61,490,4196,,,,Live,1/9/25,,
46,385,4201,,9/18/25,,35,10/1/25,260,1 day
56,455,4202,,,,Live,9/30/24,,
47,407,4209,,,,TBD,,,
41,580,4216,,,,TBD,,,
7,82,4219,,9/4/25,,33,9/17/25,266,1 day
60,477,4221,,,,Live,9/12/24,,
26,304,4224,,,,Live,10/22/24,,
21,248,4230,,,,TBD,,,
21,248,4231,,,,TBD,,,
41,251,4235,,,,TBD,,,
4,42,4237,,,,Live,10/14/24,,
57,449,4238,,,,Live,10/24/24,,
56,392,4239,,,,Live,10/8/24,,
19,205,4243,,,,TBD,,,
58,364,4252,,,,Live,10/8/24,,
20,214,4255,,,,Live,9/27/24,,
52,414,4256,,,,Live,11/11/24,,
54,401,4272,,,,Live,1/15/25,,
26,305,4274,,,,Live,10/4/24,,
17,226,4276,,9/25/25,,36,10/8/25,195,1 day
20,317,4278,,9/24/25,,36,10/7/25,138,1 day
5,44,4279,,,,Live,10/7/24,,
54,380,4284,,,,Live,9/5/24,,
20,214,4285,,,,Live,9/23/22,,
54,379,4288,,,,TBD,,,
6,59,4298,469700131976,8/27/25,,32,9/10/25,195,1 day
7,71,4299,,,,Live,12/2/24,,
9,110,4303,,,,Live,9/13/24,,
56,455,4309,,,,Live,9/13/24,,
57,447,4317,,9/22/25,,35,10/3/25,235,1 day
44,409,4321,,9/11/25,,34,9/24/25,231,1 day
47,407,4322,,,,Live,1/6/25,,
9,90,4332,,,,Live,2/3/25,,
4,294,4334,,,,Live,12/9/24,,
46,368,4336,469700131987,8/29/25,,32,9/12/25,263,1 day
58,445,4340,,,,Live,10/22/24,,
47,427,4352,,,,Live,12/13/24,,
57,396,4356,,,,Live,10/22/24,,
47,432,4358,,,,Live,1/22/25,,
60,469,4359,,,,Live,10/1/24,,
9,90,4365,,,,Live,9/2/22,,
54,388,4377,,,,TBD,,,
40,333,4381,444708591649,9/2/25,,33,9/15/25,244,1 day
19,197,4383,,,,Live,1/8/25,,
4,36,4384,,9/10/25,,34,9/23/25,211,1 day
16,156,4387,,,,Live,12/6/24,,
58,445,4392,,,,Live,10/29/24,,
56,453,4393,,,,Live,9/12/24,,
60,474,4394,,,,Live,8/28/24,,
60,474,4395,,,,Live,9/4/24,,
21,247,4399,,,,TBD,,,
22,233,4404,,,,TBD,,,
25,264,4405,,,,TBD,,,
14,8,4407,,,,TBD,,,
26,304,4410,,,,Live,10/16/24,,
47,382,4412,,,,Live,11/11/24,,
6,67,4416,,9/23/25,,36,10/6/25,359,2 day
41,251,4417,,,,Live,9/16/24,,
4,41,4420,,,,Live,10/18/24,,
76,280,4423,444708591524,9/2/25,,33,9/15/25,260,1 day
19,206,4424,,,,Live,1/7/25,,
4,294,4428,,,,Live,12/10/24,,
46,373,4430,,9/5/25,,33,9/18/25,190,1 day
12,149,4435,,,,Live,1/9/25,,
9,107,4446,,,,Live,9/9/24,,
22,558,4456,,9/22/25,,35,10/3/25,267,1 day
42,324,4460,,,,TBD,,,
40,362,4475,469700131998,9/26/25,,32,10/9/25,259,1 day
75,290,4476,,9/29/25,,36,10/10/25,138,1 day
26,308,4477,,,,Live,10/22/24,,
26,297,4484,,9/16/25,,35,9/29/25,193,1 day
56,451,4488,,,,Live,2/11/22,,
14,13,4497,,,,TBD,,,
20,235,4501,,,,TBD,,,
5,44,4503,,,,Live,10/11/24,,
4,41,4506,,,,Live,10/30/24,,
25,279,4511,,,,TBD,,,
6,65,4512,,,,Live,12/9/24,,
14,97,4520,,,,Live,11/4/24,,
4,41,4521,,,,Live,11/6/24,,
6,63,4526,,,,Live,9/27/24,,
11,145,4533,,,,Live,10/18/24,,
6,67,4538,,,,Live,12/11/24,,
19,203,4540,,,,TBD,,,
40,361,4553,,,,Live,10/23/24,,
7,82,4554,,,,Live,9/11/24,,
57,396,4557,,,,Live,9/24/24,,
72,549,4561,444708591513,9/5/25,,33,9/15/25,16,1 day
54,379,4567,,9/30/25,,37,10/13/25,344,2 day
47,432,4568,,,,TBD,,,
17,164,4570,,,,Live,1/7/25,,
26,306,4574,,9/5/25,,33,9/18/25,171,1 day
14,1,4581,,,,TBD,,,
9,91,4588,,,,Live,10/18/24,,
26,305,4594,,,,Live,1/24/25,,
54,378,4599,,,,TBD,,,
47,432,4600,,,,Live,1/15/25,,
46,387,4601,,,,Live,12/11/24,,
61,9,4603,,9/29/25,,36,10/10/25,90,1 day
21,225,4609,,,,Live,10/21/24,,
40,362,4611,469700132001,9/23/25,,32,10/6/25,177,1 day
22,168,4612,,,,TBD,,,
44,356,4615,,,,Live,9/6/22,,
5,52,4627,,,,Live,11/4/24,,
19,238,4631,,,,Live,8/26/24,,
54,376,4639,,,,Live,9/6/24,,
20,227,4644,,,,TBD,,,
19,206,4660,,,,TBD,,,
13,131,4679,,,,Live,1/23/25,,
75,315,4682,,9/10/25,,33,9/23/25,183,1 day
13,130,4683,,,,Live,1/23/25,,
22,167,4687,469700132012,8/27/25,,32,9/10/25,178,1 day
75,315,4697,,9/26/25,,36,10/9/25,259,1 day
54,585,4734,,,,Live,10/16/24,,
61,490,4747,,,,TBD,,,
61,515,4762,,,,Live,2/11/22,,
52,419,4849,,,,Live,11/7/24,,
61,551,5008,,9/3/25,,33,9/16/25,77,1 day
22,178,5012,,,,Live,9/6/24,,
13,125,5022,,,,Live,9/25/24,,
58,458,5023,,,,Live,12/10/24,,
21,248,5025,,,,TBD,,,
19,207,5028,,,,Live,12/17/24,,
19,207,5029,,,,Live,1/14/25,,
19,207,5030,,,,TBD,,,
46,366,5031,,,,Live,11/7/24,,
58,464,5032,,,,Live,10/4/24,,
54,378,5033,,,,TBD,,,
3,98,5037,,9/15/25,,34,9/26/25,188,1 day
20,227,5040,,,,TBD,,,
60,514,5041,,,,Live,10/23/24,,
6,67,5045,,9/25/25,,36,10/8/25,320,2 day
22,558,5047,,9/17/25,,35,9/30/25,255,1 day
19,203,5048,,,,TBD,,,
54,380,5049,,,,TBD,,,
54,378,5051,,10/1/25,,33,10/15/25,384,2 day
12,151,5057,,10/1/25,,35,10/14/25,218,1 day
12,153,5058,,,,Live,1/6/25,,
25,270,5060,,,,TBD,,,
26,309,5063,,,,Live,8/23/22,,
19,201,5064,,,,Live,12/6/24,,
19,201,5065,,,,Live,12/10/24,,
20,214,5066,,,,TBD,,,
57,396,5070,,,,Live,9/13/24,,
57,465,5072,,,,Live,11/12/24,,
60,514,5073,,,,Live,10/15/24,,
58,460,5075,,,,Live,1/17/25,,
60,473,5078,,,,Live,1/7/25,,
20,214,5082,,,,Live,1/17/25,,
26,305,5085,,,,Live,10/2/24,,
4,37,5087,,9/22/25,,35,10/3/25,206,1 day
17,163,5095,,,,Live,12/17/24,,
58,463,5096,,,,Live,12/10/24,,
19,204,5097,,,,TBD,,,
54,388,5099,,9/23/25,,36,10/6/25,201,1 day
57,396,5101,,,,Live,9/10/24,,
22,166,5103,,,,Live,9/27/23,,
21,223,5104,,,,Live,9/26/24,,
17,176,5111,,,,Live,10/7/24,,
6,60,5116,,,,TBD,,,
75,315,5117,,,,Live,1/17/25,,
26,297,5118,,,,Live,11/11/24,,
54,391,5123,,9/9/25,,34,9/22/25,379,2 day
46,369,5124,,,,Live,9/27/24,,
53,438,5127,,,,Live,10/17/24,,
22,170,5130,,9/3/25,,33,9/16/25,360,2 day
22,170,5131,,,,Live,9/6/24,,
56,457,5133,,,,Live,10/22/24,,
57,447,5134,,,,Live,12/5/24,,
56,457,5136,,,,Live,9/13/24,,
54,376,5137,,,,Live,8/30/24,,
56,453,5139,,9/19/25,,35,10/2/25,419,2 day
58,459,5140,,,,Live,10/11/24,,
47,432,5141,,,,Live,1/27/25,,
22,178,5142,,9/16/25,,35,9/29/25,334,2 day
7,77,5144,,,,TBD,,,
7,86,5145,,,,TBD,,,
5,44,5147,,,,Live,10/6/23,,
40,340,5150,,,,Live,10/11/24,,
57,446,5152,,,,Live,11/7/24,,
57,484,5154,,,,Live,10/1/24,,
46,387,5155,,,,Live,12/12/24,,
58,463,5156,,,,Live,10/22/24,,
19,202,5160,,,,TBD,,,
57,448,5162,,,,Live,9/27/24,,
6,80,5165,,,,TBD,,,
14,1,5174,,9/30/25,,36,10/13/25,155,1 day
21,219,5184,,,,Live,8/30/24,,
21,217,5185,,,,Live,8/29/24,,
46,369,5189,,9/12/25,,34,9/25/25,460,2 day
56,455,5192,,,,Live,8/28/24,,
58,461,5193,,,,Live,11/5/24,,
11,144,5196,,9/26/25,,36,10/9/25,344,2 day
25,269,5199,,,,TBD,,,
22,233,5200,469700132023,8/25/25,,32,9/8/25,119,1 day
17,175,5201,,,,Live,11/7/24,,
17,171,5202,,,,Live,9/16/24,,
7,70,5216,,9/25/25,,36,10/8/25,230,1 day
75,282,5228,469700132034,8/26/25,,32,9/9/25,262,1 day
22,166,5229,,9/5/25,,33,9/18/25,159,1 day
56,454,5231,,,,Live,9/26/24,,
54,388,5232,,,,TBD,,,
54,403,5235,469700132045,8/28/25,,32,9/11/25,244,1 day
17,190,5240,,9/8/25,,33,9/19/25,169,1 day
42,324,5244,,9/5/25,,33,9/18/25,178,1 day
7,77,5245,,,,TBD,,,
5,479,5247,,,,Live,11/7/24,,
61,397,5259,,9/11/25,,34,9/24/25,181,1 day
42,323,5260,,,,TBD,,,
57,470,5274,,,,Live,1/15/25,,
16,154,5278,,,,Live,1/27/25,,
19,201,5280,,9/15/25,,34,9/26/25,233,1 day
17,175,5281,,,,Live,10/11/24,,
76,195,5282,,,,Live,9/11/24,,
5,49,5288,,,,TBD,,,
26,297,5292,,,,Live,11/7/24,,
17,172,5293,,,,Live,9/19/24,,
17,173,5294,,,,TBD,,,
17,172,5295,,,,Live,9/18/24,,
26,305,5298,,,,Live,10/8/24,,
3,114,5300,,9/12/25,,34,9/25/25,225,1 day
9,107,5301,,,,Live,9/24/24,,
58,458,5305,,,,Live,12/12/24,,
5,479,5312,,,,Live,10/22/24,,
40,339,5313,,,,Live,10/25/24,,
7,82,5317,,,,Live,9/12/24,,
26,298,5320,469700132056,8/27/25,,32,9/10/25,216,1 day
46,370,5329,469700132067,8/25/25,8.83468E+11,32,9/8/25,158,1 day
46,369,5330,,,,Live,9/25/24,,
46,368,5331,,,,Live,9/24/24,,
54,376,5334,,,,Live,8/27/24,,
57,449,5337,,,,Live,10/28/24,,
58,459,5338,,,,Live,10/16/24,,
22,558,5340,,9/16/25,,35,9/29/25,213,1 day
54,379,5341,,,,TBD,,,
75,291,5343,,9/5/25,,33,9/18/25,210,1 day
26,296,5346,,9/19/25,,35,10/2/25,252,1 day
5,48,5359,,,,TBD,,,
47,432,5361,,,,Live,1/24/25,,
14,16,5363,,,,Live,11/7/24,,
60,477,5368,,,,Live,10/10/24,,
54,379,5370,,,,Live,10/14/24,,
19,200,5386,,,,TBD,,,
2,26,5390,,,,Live,7/30/24,,
57,581,5394,,,,Live,11/12/24,,
60,478,5396,,,,Live,11/5/24,,
53,263,5398,,,,Live,11/4/24,,
25,267,5402,,,,Live,1/4/23,,
25,273,5403,,9/8/25,,34,9/19/25,181,1 day
21,223,5409,,,,Live,12/4/24,,
20,215,5410,,,,Live,2/8/25,,
19,202,5411,,,,Live,12/5/24,,
5,50,5416,,,,Live,10/15/24,,
41,243,5417,,,,Live,9/9/22,,
41,242,5418,,,,Live,12/12/24,,
9,90,5420,,,,Live,1/28/25,,
56,468,5424,,,,Live,12/13/24,,
58,461,5425,,,,Live,11/5/24,,
46,372,5428,,,,Live,10/2/24,,
46,384,5430,,,,Live,9/13/24,,
56,511,5434,,,,Live,9/14/24,,
56,451,5435,,,,Live,5/26/23,,
22,284,5436,,,,Live,9/29/23,,
17,173,5439,,,,Live,12/13/24,,
60,477,5440,,,,Live,9/10/24,,
47,411,5441,469700132078,8/28/25,,32,9/8/25,212,1 day
41,249,5443,,,,Live,12/18/24,,
76,228,5445,,,,Live,12/4/24,,
17,176,5447,,,,Live,1/9/25,,
6,62,5449,,,,Live,9/19/24,,
54,388,5458,,,,TBD,,,
60,476,5461,,,,Live,8/29/24,,
60,476,5462,,,,Live,11/7/24,,
21,219,5466,,9/24/25,,35,10/7/25,399,2 day
22,234,5469,,,,TBD,,,
19,213,5471,,,,TBD,,,
19,202,5472,,,,Live,1/24/25,,
22,165,5476,,9/18/25,,35,10/1/25,351,2 day
7,83,5479,,,,Live,9/12/24,,
26,305,5481,,,,Live,9/16/22,,
41,249,5483,,,,TBD,,,
25,268,5485,,,,Live,9/22/23,,
25,266,5486,,,,Live,9/28/22,,
75,289,5488,,,,Live,9/23/24,,
4,310,5489,,,,Live,11/6/24,,
46,385,5491,,,,Live,1/11/23,,
56,400,5494,,9/30/25,,37,10/13/25,171,1 day
22,166,5495,,,,Live,1/22/25,,
21,221,5499,,,,TBD,,,
6,63,5612,,,,Live,9/6/24,,
25,267,5617,,,,TBD,,,
46,367,5626,,9/25/25,,36,10/8/25,344,2 day
60,471,5628,,,,Live,11/5/24,,
56,468,5629,,,,Live,12/11/24,,
57,449,5632,,,,Live,10/29/24,,
61,551,5640,,9/4/25,,33,9/17/25,43,1 day
58,464,5641,,,,Live,10/25/24,,
58,466,5644,,,,Live,11/13/24,,
22,170,5649,469700132089,8/28/25,,32,9/11/25,244,1 day
64,504,5657,,,,Live,1/28/22,,
53,442,5669,,,,Live,9/27/22,,
9,110,5671,,,,Live,9/19/24,,
54,380,5676,,,,Live,8/29/24,,
57,448,5686,,,,Live,11/5/24,,
11,137,5703,,,,TBD,,,
4,37,5705,,,,Live,8/13/24,,
42,324,5706,,,,TBD,,,
5,52,5707,,,,Live,10/6/23,,
2,19,5709,,,,Live,10/30/24,,
56,450,5710,,,,Live,10/21/24,,
41,254,5728,,,,TBD,,,
17,190,5732,,,,Live,11/13/24,,
26,299,5743,,9/24/25,,36,10/7/25,198,1 day
26,305,5745,,,,Live,1/13/25,,
56,451,5751,,,,Live,2/10/22,,
17,577,5752,,,,Live,9/4/24,,
19,197,5761,469700132090,9/18/25,,32,10/1/25,179,1 day
56,451,5766,,,,Live,2/14/22,,
46,371,5768,,,,Live,9/20/24,,
17,162,5777,,,,TBD,,,
4,310,5787,,9/23/25,,36,10/6/25,209,1 day
3,27,5797,,9/16/25,,35,9/29/25,116,1 day
59,494,5804,,,,Live,10/8/24,,
52,412,5806,,,,Live,12/12/24,,
57,465,5807,,,,Live,10/18/24,,
6,80,5809,,9/9/25,,34,9/22/25,159,1 day
5,49,5810,,,,Live,10/10/24,,
5,583,5823,,,,Live,10/10/23,,
56,468,5839,,,,Live,12/17/24,,
19,197,5842,,,,TBD,,,
56,450,5843,,,,Live,10/14/24,,
19,206,5844,,,,TBD,,,
56,454,5848,,,,Live,9/27/24,,
60,467,5853,,,,Live,11/4/24,,
21,219,5857,,,,Live,12/2/24,,
57,581,5859,,,,Live,10/17/24,,
17,176,5867,,,,Live,9/7/24,,
9,91,5871,,,,Live,10/16/24,,
26,306,5879,,9/9/25,,34,9/22/25,348,2 day
22,166,5881,,,,Live,10/23/24,,
60,474,5883,,,,Live,8/29/24,,
56,451,5884,,,,Live,1/31/22,,
22,234,5888,,,,TBD,,,
5,53,5889,,,,Live,11/12/24,,
56,450,5890,,,,Live,10/25/24,,
22,166,5891,,,,Live,9/5/24,,
19,203,5893,469700132104,9/17/25,,32,10/2/25,174,1 day
6,78,5898,,,,TBD,,,
9,110,5912,,,,Live,9/12/24,,
40,339,5927,,,,Live,10/24/24,,
58,464,5930,,,,Live,10/2/24,,
60,477,5935,,,,Live,8/30/24,,
58,458,5938,,,,Live,1/24/25,,
57,581,5956,,,,Live,11/8/24,,
54,585,5957,,,,Live,1/6/25,,
6,63,5959,,,,Live,9/4/24,,
25,267,5965,,,,Live,9/20/23,,
52,424,5976,,,,Live,10/25/24,,
52,423,5977,,,,Live,10/8/24,,
61,552,5981,,,,Live,1/27/25,,
61,552,5982,,,,Live,10/2/24,,
58,459,5996,,,,Live,11/14/24,,
7,81,6286,,9/3/25,,33,9/16/25,138,1 day
5,56,6300,,,,Live,11/5/24,,
47,411,6392,,,,Live,11/7/24,,
53,444,6394,,,,Live,10/22/24,,
4,29,6395,,9/11/25,,34,9/24/25,387,2 day
5,45,6467,,9/12/25,,34,9/25/25,155,1 day
41,482,6476,,,,TBD,,,
46,370,6477,,,,Live,10/4/24,,
4,39,6576,,9/23/25,,36,10/6/25,115,1 day
6,59,6579,,9/9/25,,34,9/22/25,234,1 day
26,308,6789,,,,Live,10/21/24,,
11,145,6807,,,,Live,10/15/24,,
12,5,6878,,,,TBD,,,
4,310,6879,,,,Live,11/4/24,,
6,67,6930,,,,Live,4/28/25,,
41,256,6931,,,,Live,12/10/24,,
5,52,6963,,,,Live,10/13/23,,
11,144,6964,,9/25/25,,36,10/8/25,287,1 day
3,101,6978,,,,Live,10/29/24,,
2,20,6998,,,,Live,8/8/24,,
12,153,7020,,,,Live,12/17/24,,
75,287,7032,,,,Live,1/21/25,,
3,27,7194,,,,Live,12/2/24,,
14,2,7280,,,,TBD,,,
59,554,7601,,,,Live,8/7/24,,
17,171,8331,,,,Live,7/15/23,,
5,583,8930,,,,Live,10/13/23,,