Market,Region,Store Number,Onhand Quantity This Year
1,14,991,12
1,14,1212,4
1,14,4581,13
1,14,853,6
1,14,6173,5
1,14,6173,8
1,14,6173,6
2,14,762,7
2,14,762,6
2,14,762,10
2,14,762,4
2,14,762,6
2,14,762,5
2,14,1158,9
2,14,1158,7
2,14,1158,9
2,14,1158,19
2,14,1158,14
2,14,1158,12
2,14,1158,6
2,14,1158,7
2,14,1158,4
2,14,1158,7
2,14,1158,4
2,14,1711,8
2,14,1711,9
2,14,2723,11
3,14,300,4
3,14,315,8
3,14,1201,13
4,12,118,4
4,12,164,6
4,12,164,3
4,12,164,7
4,12,258,9
4,12,258,8
4,12,114,6
4,12,114,0
4,12,114,0
4,12,114,0
4,12,114,0
5,12,375,6
5,12,433,8
7,14,604,7
7,14,1462,12
7,14,1462,4
7,14,2534,16
7,14,2534,15
8,14,483,9
8,14,483,12
8,14,700,3
8,14,700,3
8,14,930,9
8,14,930,14
8,14,938,8
8,14,5348,8
9,61,4473,8
9,61,4603,6
9,61,4324,18
9,61,4324,12
9,61,4324,13
10,14,355,26
10,14,355,7
10,14,355,12
10,14,355,4
10,14,356,8
10,14,356,4
10,14,356,10
10,14,730,8
10,14,730,13
10,14,733,6
10,14,733,8
10,14,809,8
10,14,809,5
10,14,863,4
10,14,863,5
10,14,863,8
10,14,863,6
11,14,715,6
11,14,715,8
11,14,715,9
11,14,715,8
11,14,715,5
11,14,731,6
11,14,731,12
11,14,731,4
11,14,731,6
11,14,731,4
11,14,731,14
11,14,764,5
13,14,1229,6
13,14,1481,4
13,14,1481,11
13,14,1481,6
13,14,4497,4
14,14,1493,6
14,14,1493,7
14,14,1620,6
14,14,2760,5
14,14,1174,7
14,14,1174,5
14,14,1174,7
14,14,7247,7
14,14,7247,3
14,14,7247,3
14,14,7247,7
16,3,494,6
16,3,4200,18
16,3,4200,10
16,3,4283,10
16,3,5363,6
18,2,4616,12
18,2,5786,8
18,2,5812,11
18,2,5812,10
18,2,5812,6
18,2,5812,7
19,2,745,7
19,2,3201,4
19,2,3401,5
19,2,3401,7
19,2,3401,8
19,2,3401,6
19,2,3402,8
19,2,3609,7
19,2,3609,13
19,2,3709,6
19,2,3709,17
19,2,3709,11
19,2,3709,7
19,2,3709,6
19,2,3709,4
19,2,3741,8
19,2,3741,11
20,2,1184,6
20,2,1184,9
20,2,2584,12
20,2,3118,9
20,2,3118,6
20,2,3188,11
20,2,3188,8
20,2,3188,8
20,2,3188,6
20,2,3710,4
20,2,4472,7
20,2,4472,6
21,2,3,10
21,2,3,6
21,2,3,8
21,2,510,5
21,2,1111,7
21,2,1111,8
21,2,1111,5
21,2,1121,9
21,2,1121,13
21,2,1121,4
21,2,5482,4
22,2,722,7
22,2,787,7
22,2,787,5
22,2,855,8
22,2,1047,4
22,2,1047,8
22,2,3205,14
22,2,3205,9
23,2,1181,9
23,2,5390,6
25,2,3388,5
25,2,3786,6
26,2,618,3
26,2,5275,11
26,2,5275,7
27,3,588,7
27,3,899,7
27,3,2615,5
27,3,2615,8
27,3,2615,6
27,3,5797,5
27,3,7194,5
27,3,7194,6
27,3,7194,5
28,3,556,8
28,3,686,6
28,3,686,6
28,3,686,8
28,3,836,15
28,3,836,12
28,3,836,14
28,3,1018,6
28,3,2630,6
28,3,5392,12
29,4,1383,8
29,4,1383,4
29,4,1383,7
29,4,1383,4
29,4,2832,12
29,4,6395,4
29,4,6395,6
30,3,1024,13
30,3,1293,9
30,3,1293,6
30,3,1658,5
30,3,1658,12
30,3,2754,6
30,3,2754,3
30,3,1227,5
30,3,5735,0
30,3,5735,16
30,3,5735,0
30,3,5735,0
30,3,5735,0
30,3,5735,0
30,3,1143,7
30,3,1143,10
32,3,555,5
32,3,555,9
32,3,1153,11
32,3,1367,7
32,3,2733,7
32,3,2733,4
32,3,2733,11
32,3,2733,9
32,3,2890,4
32,3,7246,8
35,2,3192,7
35,2,3192,2
35,2,3192,10
36,4,628,7
36,4,1358,4
36,4,2348,3
36,4,2348,12
37,4,643,11
37,4,5705,24
38,4,511,7
38,4,616,7
38,4,616,4
38,4,627,7
38,4,627,3
38,4,630,5
38,4,1017,4
38,4,1030,9
38,4,1030,8
38,4,1030,6
38,4,1030,6
38,4,1030,2
38,4,2703,7
38,4,2703,9
38,4,2703,20
38,4,2703,4
38,4,2703,7
38,4,2703,9
38,4,2703,7
38,4,2703,4
38,4,2703,4
38,4,2703,12
38,4,2703,8
38,4,642,7
38,4,642,10
38,4,642,9
38,4,642,8
38,4,642,8
38,4,642,6
38,4,642,9
38,4,642,5
38,4,642,8
38,4,642,9
39,2,644,5
39,2,644,3
39,2,795,3
39,2,795,8
39,2,1270,7
39,2,6887,9
39,2,6576,4
39,2,6576,8
41,4,1286,8
41,4,2214,5
41,4,1183,6
41,4,1183,5
41,4,4506,0
41,4,4506,0
41,4,4506,0
41,4,4506,0
41,4,4506,0
42,4,1603,7
42,4,585,13
42,4,585,8
42,4,1035,10
42,4,1035,5
42,4,1035,4
42,4,1035,10
42,4,1035,7
44,5,5147,7
44,5,5147,5
44,5,5147,8
44,5,5147,14
45,5,251,9
45,5,412,7
45,5,3764,15
47,44,38,7
47,44,38,8
47,44,131,10
47,44,131,7
47,44,2123,12
47,44,181,5
47,44,181,9
47,44,226,12
47,44,226,8
47,44,226,11
47,44,226,11
48,5,228,9
48,5,804,4
48,5,804,6
48,5,804,5
48,5,804,13
48,5,3431,10
48,5,3431,5
49,5,471,7
49,5,896,10
49,5,3014,5
49,5,3432,5
50,5,1178,7
50,5,3044,6
51,5,202,6
51,5,202,14
51,5,202,5
51,5,202,6
51,5,202,11
51,5,202,4
51,5,202,4
53,5,1216,10
53,5,2996,8
53,5,2996,17
53,5,2996,7
53,5,2996,7
53,5,2996,10
53,5,2996,7
53,5,2996,4
55,5,1118,6
55,5,2667,7
55,5,2667,6
55,5,2667,4
55,5,5191,8
56,5,2086,11
56,5,2926,4
56,5,2926,5
56,5,2926,11
56,5,2926,8
56,5,5866,5
58,64,2981,5
58,64,3043,10
58,64,3135,6
58,64,3135,5
58,64,3341,11
58,64,5613,9
59,6,297,4
59,6,1837,9
59,6,4298,7
59,6,1279,6
59,6,1279,5
60,6,3298,10
60,6,3298,9
60,6,3298,3
60,6,2439,4
60,6,2439,0
60,6,2439,0
60,6,2439,0
60,6,2439,0
61,6,808,5
61,6,1405,3
61,6,5388,8
62,6,2993,3
62,6,5449,4
63,6,3425,10
63,6,4526,3
63,6,4526,8
63,6,4526,7
63,6,5612,7
63,6,5612,6
63,6,2724,4
63,6,2724,4
63,6,2724,8
63,6,2724,4
63,6,2724,5
64,6,772,4
64,6,772,6
64,6,772,7
64,6,772,5
64,6,772,5
64,6,772,7
64,6,772,6
64,6,772,6
64,6,772,4
64,6,772,4
64,6,2066,8
64,6,2066,6
64,6,2066,3
64,6,3302,8
64,6,3302,8
64,6,3302,13
64,6,3827,6
64,6,3827,4
65,6,344,4
65,6,344,8
65,6,3640,3
65,6,4512,5
65,6,4512,16
65,6,4512,6
65,6,4512,6
65,6,4111,0
65,6,4111,0
65,6,4111,0
65,6,4111,0
65,6,4111,0
66,13,1204,7
67,6,4538,4
68,6,400,9
68,6,3591,8
68,6,351,0
68,6,351,0
68,6,351,0
68,6,351,0
68,6,5287,7
70,46,3384,6
70,46,3384,4
71,46,1051,4
71,46,1051,7
71,46,4299,9
71,46,4299,7
73,46,608,16
73,46,2891,7
74,5,536,5
74,5,1078,4
74,5,1078,11
74,5,1078,4
74,5,1249,6
74,5,438,12
74,5,438,24
74,5,438,8
76,5,561,4
76,5,6929,16
76,5,1254,0
76,5,1254,0
76,5,1254,0
76,5,1254,0
76,5,1254,0
77,6,290,5
77,6,290,4
77,6,4103,5
77,6,4103,5
77,6,4103,4
77,6,3279,6
77,6,3279,7
77,6,3279,7
77,6,3279,7
77,6,3279,4
77,6,5245,3
77,6,5245,5
78,6,464,7
78,6,464,9
78,6,791,13
78,6,5898,5
78,6,5898,2
78,6,5898,3
78,6,5898,3
78,6,5898,3
80,6,395,22
80,6,397,7
80,6,397,13
80,6,397,5
80,6,397,6
80,6,3320,3
80,6,5165,1
80,6,5165,1
80,6,5165,1
80,6,5165,1
81,5,1073,6
82,5,2133,3
82,5,4130,4
82,5,4130,9
82,5,4130,7
82,5,4130,6
82,5,4554,4
82,5,4554,6
82,5,4554,8
82,5,4554,4
83,5,280,8
83,5,1185,5
83,5,3169,9
83,5,3170,7
83,5,3569,7
83,5,3569,6
83,5,3569,4
83,5,3569,10
84,6,1098,5
84,6,4194,5
85,6,321,4
85,6,321,12
85,6,4183,10
86,6,999,7
86,6,999,4
86,6,3058,4
86,6,4102,6
86,6,4102,4
86,6,4102,3
86,6,5145,10
86,6,2599,7
86,6,2599,7
87,6,404,6
87,6,765,5
87,6,1803,6
88,46,554,6
88,46,554,5
88,46,554,6
88,46,554,7
88,46,554,4
88,46,782,5
88,46,3623,4
88,46,3623,10
88,46,447,4
88,46,447,12
88,46,447,11
88,46,461,3
88,46,461,6
88,46,443,4
88,46,443,6
89,9,110,12
89,9,959,6
89,9,959,17
89,9,959,10
89,9,959,6
89,9,959,6
89,9,959,13
89,9,2843,12
90,9,908,6
90,9,1220,4
90,9,4332,5
91,9,955,7
91,9,1084,7
91,9,1084,6
91,9,1374,4
91,9,1374,9
91,9,1374,4
91,9,5871,8
91,9,5894,5
92,9,771,6
92,9,771,14
92,9,771,12
92,9,771,17
92,9,771,20
92,9,771,19
92,9,771,7
92,9,956,7
92,9,956,7
92,9,956,15
92,9,956,15
92,9,956,12
93,3,551,7
93,3,1283,5
93,3,1283,5
93,3,1297,8
93,3,1847,5
93,3,1847,10
94,3,3207,5
94,3,3207,8
94,3,3207,16
96,72,4142,7
96,72,4160,5
96,72,4160,8
96,72,4160,5
96,72,4160,5
96,72,4160,3
96,72,4160,7
96,72,4160,8
96,72,4425,5
96,72,5179,5
97,3,1375,14
97,3,4427,12
97,3,4520,4
97,3,5422,6
97,3,1408,7
97,3,1408,8
97,3,1408,12
97,3,1408,6
97,3,1408,8
97,3,1408,12
97,3,1408,8
98,3,977,6
98,3,977,8
98,3,977,10
98,3,977,5
98,3,1172,8
98,3,1172,5
98,3,1173,4
98,3,1173,5
101,3,767,9
101,3,767,9
101,3,767,4
101,3,767,11
101,3,1090,9
101,3,1090,6
101,3,2626,5
102,72,5622,5
102,72,6968,4
102,72,7298,4
102,72,2392,12
102,72,2392,16
102,72,7221,8
102,72,7221,0
102,72,7221,0
102,72,7221,0
102,72,7221,0
103,72,3935,6
103,72,4498,7
103,72,4563,13
103,72,4563,7
103,72,4563,6
103,72,4617,12
103,72,3183,3
103,72,3183,2
103,72,3183,2
103,72,3183,3
103,72,3183,3
103,72,3183,3
103,72,3183,6
103,72,3183,3
103,72,3183,3
103,72,3183,3
103,72,3183,3
103,72,3183,2
103,72,3183,3
103,72,3183,3
104,9,988,12
104,9,3415,9
104,9,3415,9
104,9,3415,8
104,9,3415,10
104,9,3415,10
105,9,1119,9
105,9,1119,6
105,9,1119,9
107,9,5301,9
107,9,5301,8
107,9,5301,8
107,9,5301,4
107,9,5301,8
108,9,1387,8
108,9,1387,7
108,9,1398,6
108,9,2962,5
109,9,1349,11
109,9,1851,8
109,9,2987,7
109,9,2987,7
110,9,1680,9
110,9,1680,11
110,9,1680,7
110,9,1680,9
110,9,2814,11
110,9,2814,10
110,9,5671,16
111,9,1712,9
111,9,3372,7
111,9,3372,6
111,9,3372,11
111,9,4690,6
111,9,4690,5
111,9,4690,11
111,9,4690,9
111,9,4690,8
111,9,4690,11
111,9,4690,6
112,9,4681,5
112,9,4681,18
114,9,3463,22
116,9,968,7
116,9,968,7
118,9,1874,21
118,9,1874,6
118,9,2237,11
118,9,2237,13
118,9,2237,15
118,9,2237,10
118,9,2237,7
119,2,619,6
119,2,619,7
119,2,619,5
119,2,1089,14
119,2,1089,9
119,2,1089,10
119,2,1606,7
120,2,669,7
121,2,583,3
121,2,1466,6
121,2,1466,9
123,2,680,7
123,2,680,12
123,2,685,5
124,4,690,7
124,4,690,9
124,4,690,8
124,4,3852,9
125,13,912,4
125,13,912,5
125,13,1163,7
125,13,2665,11
125,13,2665,9
125,13,3167,3
125,13,909,9
127,42,87,11
127,42,87,6
127,42,87,3
127,42,87,11
127,42,876,15
127,42,876,11
127,42,876,5
127,42,876,15
127,42,876,6
127,42,876,13
127,42,1169,16
127,42,1169,8
128,13,1342,6
128,13,3616,6
128,13,4129,7
128,13,541,11
129,13,311,2
129,13,311,7
129,13,311,4
129,13,311,7
129,13,540,8
129,13,485,7
129,13,485,5
129,13,485,7
129,13,485,4
129,13,485,8
129,13,761,4
130,13,935,9
130,13,935,9
130,13,1266,8
131,13,401,4
131,13,401,10
131,13,1196,7
131,13,1196,5
131,13,1196,7
131,13,1136,8
131,13,1136,5
132,13,402,6
132,13,402,3
132,13,543,4
132,13,543,10
132,13,2938,7
132,13,7301,12
132,13,7301,0
132,13,7301,0
132,13,7301,0
134,13,75,14
134,13,75,8
134,13,170,10
134,13,170,5
134,13,170,6
134,13,170,5
134,13,170,6
134,13,170,10
134,13,312,8
134,13,312,8
134,13,539,8
134,13,539,12
134,13,773,8
134,13,773,9
134,13,1107,4
134,13,1107,4
134,13,1107,8
134,13,498,12
134,13,498,10
134,13,498,8
135,42,244,7
135,42,244,6
135,42,244,8
135,42,976,8
135,42,976,11
135,42,976,4
135,42,976,5
136,12,155,8
136,12,155,7
136,12,155,12
136,12,182,10
136,12,707,16
136,12,707,4
136,12,707,6
136,12,1074,12
136,12,1074,12
136,12,1074,7
136,12,1074,16
136,12,1074,12
136,12,1074,8
136,12,1074,6
136,12,1074,7
136,12,1074,24
136,12,1074,12
136,12,1074,16
136,12,1074,8
136,12,1074,18
136,12,1074,8
136,12,1074,12
136,12,1074,12
136,12,1074,12
136,12,1074,12
136,12,1074,16
136,12,1074,12
136,12,1074,16
136,12,1074,16
136,12,1074,12
136,12,1074,16
136,12,1074,16
137,12,1100,7
137,12,1100,4
137,12,1100,8
137,12,1124,18
137,12,5703,7
137,12,409,10
137,12,409,8
137,12,409,6
138,14,112,5
138,14,112,6
138,14,1069,3
138,14,1069,6
138,14,1069,5
138,14,115,5
138,14,115,6
138,14,115,8
138,14,115,6
138,14,1271,8
138,14,1271,4
138,14,1271,8
138,14,1271,5
138,14,1271,7
140,13,875,3
140,13,875,5
140,13,875,8
140,13,875,6
140,13,903,5
140,13,903,8
140,13,903,5
140,13,903,6
140,13,2720,11
140,13,2755,13
140,13,2755,9
140,13,3060,11
140,13,6469,5
140,13,365,6
140,13,708,8
140,13,708,12
140,13,708,7
140,13,708,6
140,13,708,8
140,13,708,8
140,13,3059,8
140,13,3059,5
140,13,3059,6
140,13,3059,5
140,13,3059,9
140,13,3059,8
140,13,3059,5
141,13,874,4
141,13,874,7
141,13,916,6
141,13,1106,13
141,13,1106,5
141,13,1168,3
141,13,1168,17
141,13,1168,8
141,13,1168,6
141,13,1168,5
141,13,1168,10
141,13,1192,7
141,13,954,8
141,13,954,8
143,13,1260,5
143,13,1260,4
143,13,1346,4
144,12,175,11
144,12,848,12
144,12,848,9
144,12,848,4
144,12,1248,6
144,12,1248,5
144,12,1248,5
144,12,1248,6
144,12,2846,9
144,12,5196,6
144,12,5419,8
144,12,5419,6
144,12,5419,5
144,12,6964,15
144,12,6964,15
144,12,6964,6
145,12,94,6
145,12,94,9
145,12,950,7
145,12,950,13
145,12,1561,13
145,12,1561,17
145,12,1561,6
145,12,1561,11
145,12,1561,4
145,12,2322,7
145,12,2322,4
145,12,2322,4
145,12,2322,5
145,12,2322,6
145,12,2322,7
145,12,4533,6
145,12,4533,4
145,12,6807,4
145,12,6807,4
145,12,6807,7
145,12,6807,8
145,12,6807,4
145,12,6807,11
146,41,97,6
146,41,106,10
146,41,106,5
146,41,64,9
146,41,107,0
146,41,107,0
146,41,107,0
146,41,107,0
146,41,107,0
146,41,677,5
147,12,683,3
147,12,684,4
147,12,684,9
147,12,161,0
147,12,161,0
147,12,161,0
147,12,161,0
149,12,390,3
149,12,695,4
149,12,695,5
149,12,695,13
149,12,4435,7
149,12,4435,8
151,12,5057,12
151,12,7020,8
151,12,7020,11
151,12,7020,9
151,12,7020,7
151,12,7020,5
151,12,7020,6
151,12,7020,13
151,12,7020,12
152,41,568,8
152,41,4414,7
152,41,4414,27
153,12,659,6
153,12,3717,5
153,12,3717,7
153,12,3717,5
153,12,4482,6
153,12,5058,7
153,12,5058,7
153,12,5058,7
153,12,5058,11
153,12,5616,5
153,12,5616,5
153,12,5616,4
153,12,5616,13
153,12,5616,4
154,16,2901,7
154,16,1967,0
154,16,1967,0
154,16,1967,0
154,16,1967,0
156,16,1918,4
156,16,2158,5
156,16,2158,7
156,16,2158,7
156,16,2267,6
157,16,2180,4
157,16,2180,7
157,16,2180,12
157,16,2222,5
157,16,2640,4
157,16,2640,6
157,16,2640,9
157,16,2640,7
157,16,2640,13
157,16,2640,6
157,16,2640,6
157,16,2640,9
157,16,2660,2
159,16,2122,0
159,16,2122,0
159,16,2122,0
159,16,2122,0
159,16,3200,0
159,16,3200,0
159,16,3200,0
159,16,3200,0
161,16,2885,10
161,16,2885,9
161,16,2885,7
161,16,2885,16
161,16,2885,5
161,16,3301,7
161,16,2261,8
161,16,2261,8
162,17,2898,8
162,17,2282,7
163,17,5095,5
163,17,5095,5
163,17,2965,24
163,17,2965,27
163,17,2965,16
164,17,2905,6
164,17,2905,6
165,22,1869,10
165,22,1807,9
165,22,1807,27
165,22,1807,10
165,22,1807,15
165,22,1807,4
165,22,1807,4
165,22,1807,6
165,22,3339,0
165,22,3339,0
165,22,3339,0
165,22,3339,0
165,22,3339,0
166,22,2141,9
166,22,2141,6
166,22,2141,4
166,22,2650,6
166,22,2650,9
166,22,2650,5
166,22,2650,8
166,22,2650,7
166,22,2650,10
167,22,2167,5
167,22,4687,9
167,22,4687,8
167,22,4687,8
167,22,4687,11
167,22,4687,8
167,22,5881,8
167,22,5881,7
167,22,5881,29
167,22,5881,9
167,22,5881,9
167,22,5881,9
167,22,3252,8
167,22,3475,0
167,22,3475,0
167,22,3475,0
167,22,3475,0
168,22,1777,9
168,22,1777,14
168,22,4612,8
168,22,4612,12
170,22,3564,11
170,22,3564,7
170,22,3564,6
170,22,3564,7
170,22,3564,9
170,22,3564,7
170,22,5012,11
170,22,5012,13
170,22,5012,9
170,22,5012,10
170,22,5012,7
170,22,5012,14
170,22,5012,6
171,17,2917,7
172,17,2916,8
172,17,2583,0
173,17,5294,11
173,17,3543,6
174,17,2003,8
174,17,2503,12
174,17,2604,8
175,17,2825,13
175,17,2825,10
175,17,3078,5
175,17,3078,7
175,17,3078,8
175,17,3469,14
175,17,4153,14
175,17,4153,10
175,17,4153,10
175,17,4153,7
175,17,5201,10
175,17,5281,7
176,17,5867,12
178,22,1977,28
178,22,1977,24
179,16,1924,8
179,16,2143,8
179,16,2143,10
179,16,2143,9
179,16,2178,5
180,16,2202,7
180,16,3269,3
181,16,2224,5
181,16,2639,8
181,16,2639,9
181,16,2639,7
181,16,2682,6
184,16,1930,8
184,16,1930,6
184,16,1930,7
184,16,1930,7
184,16,1930,8
184,16,1930,5
184,16,2142,5
184,16,1907,6
184,16,1907,10
184,16,1907,8
184,16,1907,5
184,16,1907,16
184,16,1907,7
184,16,1907,9
187,17,1871,9
187,17,2092,4
187,17,4403,12
188,17,1997,6
188,17,2152,9
188,17,2351,7
188,17,2504,10
188,17,3583,9
188,17,1940,8
188,17,1940,0
188,17,1940,0
188,17,1940,0
188,17,1940,0
189,17,2146,6
189,17,2874,5
189,17,2264,7
190,17,3221,5
191,17,1705,4
191,17,2166,0
191,17,2166,0
191,17,2166,0
191,17,2166,0
191,17,2166,0
194,17,1966,5
194,17,1966,0
194,17,1966,0
194,17,1966,0
194,17,1966,0
194,17,1973,14
194,17,1973,11
194,17,1973,0
194,17,1973,0
194,17,1973,0
194,17,1973,0
195,17,2586,6
195,17,2586,7
195,17,2586,12
195,17,2586,9
195,17,2586,7
195,17,2586,5
195,17,2586,7
195,17,2210,4
195,17,2210,5
196,53,1936,8
196,53,2417,6
196,53,2358,12
196,53,2358,11
196,53,2358,8
196,53,2358,8
196,53,2358,6
197,19,1790,6
197,19,2872,12
197,19,2872,6
197,19,2872,8
197,19,2872,9
197,19,2872,7
197,19,2872,25
197,19,2872,18
197,19,2872,7
197,19,2872,12
197,19,2872,10
197,19,2872,11
197,19,2872,10
197,19,2872,13
197,19,2872,9
197,19,2872,7
197,19,2872,11
197,19,2872,7
197,19,2872,4
197,19,2872,8
197,19,2912,4
197,19,3336,10
197,19,4383,11
197,19,4383,5
197,19,4383,6
197,19,4383,4
197,19,5761,10
197,19,5761,5
200,19,1791,6
200,19,1791,10
200,19,1791,4
200,19,1923,10
200,19,1923,5
200,19,1942,8
200,19,1942,7
200,19,1942,6
200,19,1942,7
200,19,1942,13
200,19,1942,7
200,19,1942,4
200,19,1942,5
200,19,2102,10
200,19,2493,8
200,19,2493,6
200,19,2567,10
200,19,3453,8
200,19,3453,8
200,19,3453,4
200,19,3453,3
200,19,5386,4
200,19,5386,8
200,19,5386,8
200,19,5386,8
200,19,3876,4
200,19,3876,0
200,19,3876,8
200,19,3876,7
200,19,3876,0
200,19,3876,0
200,19,3876,0
201,19,2062,7
201,19,2678,11
202,19,1593,7
202,19,5160,8
202,19,5411,4
202,19,5411,3
202,19,5411,4
202,19,1771,8
202,19,1771,15
202,19,1771,16
202,19,1771,8
202,19,1771,8
202,19,1771,20
202,19,1771,48
202,19,1771,16
202,19,1771,24
202,19,1771,8
202,19,1771,16
202,19,1771,8
203,19,2866,10
203,19,5893,9
203,19,5893,8
203,19,5893,5
203,19,2867,6
203,19,2867,2
204,19,1428,7
204,19,5097,15
205,19,1592,4
205,19,1592,3
205,19,1928,6
205,19,2354,8
205,19,2354,9
206,19,2873,8
206,19,4424,6
206,19,5844,5
207,19,1913,3
207,19,5029,4
207,19,5385,5
207,19,5385,9
207,19,5028,3
207,19,5028,4
207,19,5028,6
207,19,5028,8
207,19,5028,7
207,19,4479,3
208,20,2541,8
208,20,2541,8
208,20,2211,6
208,20,2211,6
208,20,2211,9
209,20,1863,9
209,20,2313,5
209,20,3250,7
213,19,1429,9
213,19,1986,8
214,20,1839,5
214,20,2073,7
214,20,2073,9
214,20,2073,9
214,20,2073,6
214,20,2362,5
214,20,4285,8
214,20,5066,5
215,20,2361,4
215,20,5410,4
215,20,5285,4
215,20,5285,2
215,20,5285,5
215,20,5285,5
215,20,5285,5
216,20,1782,6
216,20,1937,11
216,20,2823,7
216,20,2823,5
216,20,2209,6
216,20,2209,8
216,20,2209,7
216,20,2209,9
216,20,2209,11
217,21,2426,5
217,21,2471,6
217,21,2774,5
217,21,2774,4
217,21,5203,27
217,21,3812,8
217,21,3812,7
217,21,3812,7
217,21,3812,4
217,21,3812,7
217,21,3812,6
217,21,3812,8
217,21,3812,3
217,21,3812,8
217,21,3812,4
217,21,3812,8
217,21,3812,8
218,21,1368,7
219,21,3447,8
219,21,3447,8
221,21,1441,6
221,21,1503,5
221,21,1504,6
221,21,5104,4
221,21,5104,10
221,21,3784,8
222,21,1333,8
222,21,5355,7
222,21,5355,4
222,21,5355,8
222,21,5355,8
223,21,1331,11
223,21,1331,7
223,21,1331,7
223,21,1331,6
223,21,2124,4
223,21,2124,9
223,21,2429,7
223,21,2429,3
225,21,1521,4
225,21,2250,8
225,21,2250,4
225,21,2447,4
225,21,2447,6
225,21,3749,8
225,21,3749,14
225,21,3749,8
225,21,4609,5
226,17,2543,7
226,17,2543,14
226,17,2543,6
226,17,2543,5
227,20,3838,9
227,20,3838,5
227,20,3838,7
227,20,5088,9
227,20,2603,32
228,17,2561,7
228,17,3253,4
228,17,3253,6
228,17,3429,6
228,17,3429,0
228,17,3429,0
228,17,3429,0
228,17,3429,0
229,20,2008,6
229,20,2287,10
229,20,2287,9
229,20,2287,8
229,20,2287,7
233,22,2334,7
233,22,2340,6
233,22,2340,23
233,22,2945,8
233,22,2945,9
233,22,2945,12
233,22,2945,9
233,22,2945,7
233,22,5200,5
233,22,5200,9
233,22,5200,5
233,22,2519,0
233,22,2519,0
233,22,2519,0
233,22,2519,0
234,22,5358,9
235,20,5379,8
235,20,5446,5
235,20,5446,6
235,20,5446,8
237,22,2663,7
237,22,2663,8
237,22,2663,7
237,22,2663,10
237,22,2663,6
237,22,2663,7
237,22,5470,3
237,22,1607,0
237,22,1607,0
237,22,1607,0
237,22,1607,0
237,22,1935,7
238,19,1487,18
238,19,1576,10
238,19,2276,16
238,19,2276,5
238,19,2276,9
238,19,2276,5
238,19,2276,14
238,19,2818,9
239,21,1729,7
239,21,1745,8
239,21,2035,7
239,21,2035,7
239,21,2035,6
239,21,2388,5
239,21,2388,4
242,41,526,6
242,41,526,5
242,41,1053,5
242,41,1053,5
242,41,3294,8
242,41,5417,9
242,41,5417,7
242,41,5417,7
243,25,1033,3
243,25,1033,7
243,25,1327,7
243,25,2968,6
243,25,1160,6
243,25,1160,0
243,25,1160,0
243,25,1160,0
243,25,1160,0
246,21,1734,7
246,21,2339,5
246,21,2771,4
246,21,2771,7
246,21,2771,5
246,21,2771,15
246,21,3851,6
247,21,1329,9
247,21,1566,6
247,21,1639,9
248,21,1804,6
249,25,1141,6
249,25,1459,4
249,25,1580,9
249,25,2787,5
249,25,2787,7
249,25,5443,4
249,25,884,0
249,25,884,0
249,25,884,0
249,25,884,0
249,25,884,0
251,25,995,3
251,25,1356,8
251,25,1629,8
251,25,1991,11
253,41,430,5
253,41,430,12
253,41,431,17
253,41,655,9
253,41,736,3
253,41,294,12
253,41,3362,17
256,41,709,5
256,41,709,21
256,41,709,10
256,41,709,11
256,41,709,8
256,41,729,7
256,41,729,7
256,41,729,10
256,41,729,9
256,41,729,8
256,41,729,6
256,41,729,7
256,41,729,6
256,41,1165,10
256,41,1165,15
256,41,1165,7
256,41,6931,10
257,41,665,8
257,41,569,5
257,41,2654,5
258,41,739,5
258,41,1233,4
258,41,1743,5
258,41,1743,4
258,41,1743,4
258,41,1743,8
259,41,702,3
259,41,1140,5
259,41,1140,5
259,41,4461,4
259,41,1139,5
259,41,591,4
259,41,591,9
260,41,493,3
260,41,519,4
260,41,519,7
262,25,844,8
262,25,852,7
262,25,1003,7
262,25,1386,4
262,25,4323,8
262,25,4699,8
263,53,802,5
263,53,933,10
263,53,1490,20
263,53,1490,7
263,53,1740,9
263,53,5044,4
263,53,5398,16
263,53,5398,8
264,25,786,5
264,25,786,6
264,25,786,9
264,25,786,5
264,25,786,7
264,25,1848,5
265,25,1401,6
265,25,1401,11
265,25,1401,9
265,25,1401,6
265,25,1779,4
266,25,1556,8
266,25,1556,9
266,25,1556,9
266,25,1556,12
266,25,4049,4
266,25,5486,3
266,25,5486,8
266,25,5486,10
266,25,5486,12
266,25,5486,7
267,25,1933,7
267,25,2204,5
267,25,2204,7
267,25,2816,4
267,25,2816,5
267,25,3725,7
267,25,3725,6
268,25,1737,4
268,25,1892,4
268,25,2815,3
269,25,3891,8
269,25,3891,4
270,25,4641,16
270,25,4641,16
270,25,4641,23
270,25,4641,16
270,25,4641,24
271,25,196,5
271,25,222,6
271,25,252,4
271,25,252,9
271,25,262,13
271,25,352,7
271,25,352,8
271,25,833,3
272,25,317,4
272,25,1395,6
272,25,1395,4
272,25,4259,3
272,25,4259,5
273,25,798,8
273,25,798,6
273,25,798,5
273,25,254,12
273,25,254,16
273,25,254,12
273,25,254,20
273,25,254,24
273,25,254,12
273,25,254,12
273,25,254,16
273,25,454,4
273,25,422,3
273,25,422,2
273,25,422,0
273,25,422,8
273,25,422,5
273,25,422,0
273,25,422,0
275,25,480,5
275,25,480,5
275,25,3602,11
275,25,3602,8
275,25,3602,21
275,25,3602,8
275,25,3602,13
275,25,3602,6
275,25,3602,11
275,25,3602,12
275,25,3602,15
275,25,3602,6
275,25,1451,7
275,25,1451,5
278,25,197,4
278,25,199,8
278,25,199,8
278,25,199,4
278,25,199,6
278,25,199,17
278,25,199,10
278,25,1125,9
278,25,5157,8
278,25,5157,10
278,25,603,0
278,25,603,0
278,25,603,0
278,25,603,0
278,25,603,0
279,25,636,13
279,25,636,9
279,25,636,8
279,25,636,10
279,25,636,5
279,25,792,7
279,25,792,2
279,25,792,4
279,25,796,6
279,25,891,8
279,25,891,7
279,25,891,8
279,25,891,7
279,25,891,9
279,25,891,7
279,25,957,7
279,25,5399,5
279,25,5399,12
279,25,5399,9
279,25,5399,16
280,75,2551,3
280,75,2551,9
280,75,2566,7
280,75,2756,10
280,75,2756,8
280,75,2756,6
280,75,2756,6
280,75,2790,6
280,75,2790,8
280,75,2790,9
280,75,2027,7
281,75,1968,10
282,75,5228,5
282,75,1875,12
282,75,5382,0
282,75,5382,0
282,75,5382,0
282,75,5382,0
282,75,2279,0
282,75,2279,0
282,75,2279,1
282,75,2279,0
283,75,2194,9
283,75,2194,8
283,75,2194,7
283,75,2258,7
283,75,2357,7
283,75,5753,6
284,75,5436,8
284,75,5039,6
284,75,5039,4
285,75,1890,7
285,75,2460,5
285,75,2791,8
285,75,2791,7
285,75,2791,7
285,75,2791,5
285,75,2791,7
285,75,3843,7
285,75,3843,0
285,75,3843,8
285,75,3843,0
285,75,3843,0
286,75,3573,5
286,75,3573,13
286,75,3573,4
286,75,3573,8
286,75,3573,6
286,75,3573,10
286,75,4514,7
286,75,4514,10
286,75,6952,4
287,75,1525,12
287,75,1730,8
287,75,3869,3
287,75,4191,4
287,75,4191,5
287,75,4350,0
287,75,4350,0
287,75,4350,0
287,75,4350,0
287,75,4350,0
288,75,1773,6
288,75,4623,3
288,75,3831,7
289,75,3644,7
289,75,3644,9
289,75,5922,3
289,75,5922,7
290,75,1424,7
290,75,2160,8
290,75,2821,5
290,75,4476,12
291,75,2520,11
291,75,4638,6
291,75,5343,10
292,75,1904,6
292,75,1904,4
292,75,2038,5
292,75,5969,4
292,75,5227,8
293,75,1867,5
293,75,2412,10
293,75,3720,4
293,75,2850,13
294,2,2440,7
294,2,4428,1
294,2,1217,3
296,26,1191,9
296,26,1191,11
296,26,1191,4
296,26,1579,3
296,26,1579,5
296,26,2137,9
296,26,2256,3
296,26,2845,5
296,26,3182,8
296,26,3612,13
297,26,1816,7
297,26,1816,4
297,26,1816,5
297,26,4250,4
297,26,5118,8
297,26,5118,6
297,26,5292,5
297,26,1614,10
297,26,1614,8
297,26,1614,24
297,26,1751,4
297,26,1751,8
298,26,2704,6
298,26,3305,5
299,26,1664,7
299,26,2836,4
299,26,2836,6
299,26,3889,5
299,26,3889,6
300,26,1268,6
300,26,1352,4
300,26,1352,6
300,26,2580,6
300,26,2580,6
300,26,2580,10
301,26,1197,6
301,26,1379,5
301,26,1502,16
301,26,1641,8
301,26,1641,6
301,26,2730,7
301,26,2730,4
301,26,4459,7
302,26,1298,12
302,26,3701,4
302,26,7179,10
302,26,7179,11
304,4,1290,7
304,4,1290,21
304,4,1131,3
304,4,1131,0
304,4,1131,0
304,4,1131,0
304,4,1131,0
305,4,1385,2
305,4,1385,4
305,4,5298,4
305,4,5481,4
305,4,5481,0
305,4,5481,0
305,4,5481,0
305,4,5481,0
306,4,1156,8
306,4,1156,8
306,4,1156,6
306,4,1156,8
306,4,3371,6
306,4,5879,4
306,4,5879,4
308,26,1849,7
308,26,1849,5
308,26,3503,5
309,26,1133,9
309,26,1133,5
309,26,1255,11
309,26,1255,19
309,26,1255,8
309,26,1255,11
309,26,1255,8
309,26,1255,12
309,26,1255,10
309,26,1255,8
309,26,3700,10
309,26,5063,13
309,26,5063,11
309,26,5063,4
309,26,5063,5
309,26,5063,5
309,26,2908,3
310,26,1238,8
310,26,2929,8
310,26,6879,4
310,26,6879,4
310,26,1774,4
310,26,5489,5
310,26,5489,5
310,26,5489,7
310,26,5489,3
310,26,5489,6
310,26,5489,7
310,26,5489,4
310,26,5489,5
311,20,3303,4
311,20,3303,8
311,20,3303,7
311,20,3303,15
311,20,3772,5
311,20,3772,4
311,20,2761,6
312,75,1243,7
312,75,1243,8
312,75,1243,4
312,75,1292,11
312,75,2312,10
312,75,3770,6
312,75,3770,6
312,75,3770,6
314,75,1486,8
314,75,4636,5
314,75,2645,4
314,75,2645,4
314,75,2645,6
314,75,2645,10
314,75,2645,16
314,75,2805,4
314,75,2805,0
314,75,2805,0
314,75,2805,0
314,75,2805,0
315,75,1344,7
315,75,1399,8
315,75,2565,5
315,75,4682,8
315,75,4682,9
316,20,2810,11
316,20,2810,4
316,20,4277,7
316,20,2792,13
316,20,2792,12
316,20,2548,10
316,20,2548,0
316,20,2548,0
316,20,2548,0
316,20,2548,0
317,20,1477,16
317,20,2662,10
317,20,4278,5
317,20,5319,8
317,20,5319,11
317,20,1360,9
317,20,1360,10
317,20,6951,4
317,20,1499,5
317,20,2933,8
317,20,2933,12
320,75,1522,4
320,75,2474,4
320,75,2474,8
320,75,2474,10
320,75,2696,7
320,75,4372,7
320,75,4372,9
320,75,4372,5
321,42,230,5
321,42,279,3
324,42,124,3
324,42,124,6
324,42,124,8
325,42,52,6
325,42,133,7
325,42,1065,5
326,42,8,6
326,42,169,8
326,42,169,7
327,42,102,8
327,42,714,7
327,42,714,5
327,42,714,9
327,42,167,7
327,42,167,6
327,42,167,8
328,42,18,5
328,42,157,6
328,42,157,9
328,42,157,7
329,12,45,5
329,12,45,8
329,12,68,5
329,12,68,7
329,12,68,6
329,12,91,4
329,12,91,5
329,12,190,6
329,12,453,4
329,12,453,3
329,12,62,5
329,12,62,4
329,12,62,5
329,12,62,4
329,12,62,7
329,12,62,4
329,12,62,4
329,12,229,8
329,12,229,8
329,12,229,8
329,12,229,6
329,12,229,8
329,12,229,8
329,12,229,8
333,40,56,11
333,40,379,9
333,40,444,16
333,40,444,37
333,40,837,9
333,40,837,3
333,40,837,5
333,40,2175,10
333,40,2175,13
333,40,4381,16
334,42,48,5
334,42,59,9
334,42,59,10
334,42,59,7
334,42,59,10
334,42,267,13
334,42,338,11
334,42,338,5
334,42,338,9
335,40,30,5
335,40,37,9
335,40,69,7
335,40,122,6
335,40,122,8
336,40,99,5
336,40,101,10
336,40,101,32
339,40,51,4
339,40,60,8
339,40,243,4
339,40,648,7
339,40,1021,6
339,40,1021,4
339,40,1021,9
340,40,805,5
340,40,3061,7
340,40,5927,8
340,40,5927,10
340,40,5927,5
340,40,5927,5
341,25,201,12
341,25,328,9
341,25,328,7
341,25,328,4
341,25,1418,4
341,25,1761,8
341,25,1761,8
344,44,108,4
344,44,132,5
344,44,150,6
344,44,227,6
344,44,178,8
344,44,178,7
344,44,178,6
345,44,3055,8
345,44,3055,5
345,44,3055,7
345,44,3055,4
345,44,3055,8
345,44,3055,6
345,44,3055,8
345,44,246,10
345,44,246,6
345,44,207,7
345,44,207,0
345,44,207,15
345,44,207,15
345,44,207,0
345,44,207,0
345,44,207,0
347,44,81,4
349,44,162,8
349,44,162,4
349,44,162,9
349,44,414,8
349,44,3229,8
349,44,113,8
350,44,147,18
350,44,147,11
351,44,47,6
351,44,121,5
351,44,123,7
351,44,276,11
351,44,276,7
351,44,276,9
351,44,340,6
352,44,387,12
352,44,387,8
352,44,387,8
352,44,387,6
352,44,387,8
353,44,743,7
353,44,743,12
356,44,992,7
357,40,27,3
357,40,27,10
357,40,46,10
357,40,78,3
357,40,138,10
357,40,173,6
357,40,173,3
357,40,173,5
357,40,173,5
357,40,179,5
359,40,40,15
359,40,159,8
359,40,159,9
359,40,203,5
359,40,203,7
359,40,783,2
359,40,783,5
360,40,801,5
360,40,834,6
360,40,834,4
360,40,834,5
360,40,834,6
360,40,109,10
361,40,1094,10
362,40,1151,6
362,40,1599,4
362,40,1599,4
362,40,1599,10
362,40,4611,14
364,46,1175,4
364,46,1175,10
364,46,1299,16
364,46,4252,7
364,46,4252,7
365,57,1474,6
365,57,4337,16
366,46,1324,4
366,46,1324,5
366,46,1846,5
366,46,1846,6
366,46,1846,5
367,46,1149,4
368,46,1549,6
368,46,5369,12
369,46,5330,9
371,46,3799,13
371,46,3799,5
372,46,1334,10
372,46,1334,6
372,46,5428,10
375,46,869,5
375,46,869,12
375,46,966,4
375,46,2656,10
375,46,2656,7
376,54,1492,4
376,54,1492,10
376,54,1689,10
376,54,1689,7
376,54,1689,5
376,54,3313,6
376,54,5137,9
376,54,5137,8
376,54,5137,8
378,54,3177,4
378,54,3177,4
378,54,3177,4
378,54,3177,4
378,54,3177,4
379,54,5341,6
379,54,5341,6
379,54,1659,6
380,54,4284,12
380,54,4284,6
380,54,4284,6
380,54,5049,4
380,54,5676,8
381,54,1412,3
381,54,1461,11
381,54,1461,5
381,54,4471,13
381,54,4471,12
382,47,2084,3
382,47,2084,10
382,47,2084,6
382,47,2608,6
383,47,4247,7
384,46,1414,7
384,46,1414,8
385,46,835,9
385,46,835,8
385,46,835,9
385,46,835,8
385,46,835,7
385,46,850,8
385,46,850,7
385,46,850,7
385,46,850,5
385,46,3423,10
385,46,4201,6
387,46,4601,103
387,46,4601,38
387,46,4601,25
388,54,921,11
388,54,1058,5
388,54,1095,8
388,54,1199,12
388,54,5232,6
388,54,5232,11
388,54,5232,19
388,54,5458,8
388,54,1280,9
389,54,962,15
389,54,3018,7
389,54,3018,6
389,54,1384,6
392,56,4239,11
392,56,4239,8
392,56,5864,0
392,56,5864,0
392,56,5864,0
392,56,5864,0
394,57,2483,6
394,57,2592,11
397,61,3354,13
397,61,3354,28
397,61,3788,8
397,61,3788,9
397,61,3788,9
397,61,3788,6
397,61,4339,12
397,61,5259,7
399,56,1951,7
399,56,2781,8
399,56,2781,12
399,56,2862,14
399,56,2862,12
399,56,2862,8
400,56,1900,6
400,56,1902,8
400,56,1995,6
400,56,1995,6
400,56,2831,8
400,56,2831,7
400,56,3897,9
401,54,4272,7
401,54,4272,9
401,54,3848,0
401,54,3848,0
401,54,3848,0
401,54,3848,0
403,54,3589,9
403,54,5350,8
403,54,5350,9
403,54,5763,8
405,46,2794,5
405,46,3220,6
405,46,5168,7
406,47,1437,4
406,47,1437,4
406,47,2562,4
406,47,2562,8
406,47,370,6
406,47,370,5
406,47,370,6
406,47,370,7
406,47,1214,7
406,47,1214,7
406,47,1214,4
406,47,372,7
407,47,1282,5
407,47,1282,6
407,47,1282,6
407,47,558,13
409,44,186,6
409,44,794,6
409,44,1099,8
409,44,1099,6
409,44,1099,6
409,44,3103,7
410,44,111,9
410,44,111,15
410,44,1187,7
410,44,1187,6
411,47,378,4
411,47,378,3
411,47,484,4
411,47,2131,14
411,47,6392,6
411,47,6392,6
412,52,4244,4
412,52,4253,6
412,52,5806,4
413,52,1491,6
413,52,2935,4
413,52,751,16
413,52,751,16
413,52,751,16
414,52,1732,6
414,52,4256,4
414,52,4256,7
414,52,647,12
414,52,647,6
414,52,647,9
414,52,647,11
414,52,749,2
415,52,753,7
415,52,753,6
415,52,2004,7
415,52,2004,8
415,52,2004,8
415,52,2004,15
415,52,2004,8
418,52,559,8
418,52,1431,5
418,52,1431,3
418,52,1431,6
418,52,1621,3
418,52,1285,8
418,52,985,10
419,52,2937,6
419,52,4849,3
419,52,4849,0
419,52,4849,0
419,52,4849,0
419,52,4849,0
421,52,1738,7
421,52,1738,7
421,52,2820,8
421,52,2820,11
421,52,2820,5
421,52,3806,8
421,52,3806,7
421,52,3806,7
421,52,3806,7
422,52,2087,7
422,52,2087,6
422,52,2643,3
422,52,1864,5
422,52,3498,4
422,52,3498,4
423,52,1855,4
423,52,3364,4
423,52,5089,12
423,52,1472,5
423,52,5992,7
424,52,3209,9
424,52,3209,0
424,52,3209,0
424,52,3209,0
425,53,882,4
425,53,982,5
425,53,982,8
425,53,1038,2
425,53,1038,9
425,53,1038,7
425,53,1657,7
425,53,2812,11
426,52,1005,4
426,52,1005,10
426,52,1152,7
426,52,1152,3
426,52,1152,6
426,52,1152,3
426,52,1152,8
426,52,1332,5
426,52,1332,8
426,52,1332,7
426,52,1332,7
426,52,1332,8
426,52,1332,9
426,52,1526,7
426,52,1526,8
426,52,1546,10
427,47,1534,7
427,47,1565,11
427,47,1581,5
427,47,1581,5
427,47,2033,4
427,47,2033,8
427,47,2033,4
427,47,3648,7
429,47,637,10
430,47,1604,17
430,47,1604,9
430,47,1604,10
430,47,3734,10
430,47,3853,4
432,47,776,7
432,47,776,7
432,47,3151,6
432,47,4358,5
433,47,1943,31
433,47,4600,6
435,53,1394,4
435,53,1394,6
435,53,1394,6
435,53,1394,9
435,53,1394,9
435,53,2668,7
435,53,2668,6
435,53,2668,4
435,53,2828,8
435,53,2828,3
435,53,2828,6
435,53,2828,9
435,53,2828,5
435,53,2828,4
435,53,2828,6
435,53,2828,16
435,53,2828,7
435,53,2828,6
435,53,2828,7
435,53,4677,5
435,53,5667,5
435,53,5669,5
436,53,1446,9
436,53,1446,12
436,53,1446,24
436,53,1672,7
436,53,1672,3
436,53,4281,4
436,53,5432,7
436,53,5444,2
436,53,1819,0
436,53,1819,0
436,53,1819,0
436,53,1819,0
436,53,1819,0
438,53,1277,7
438,53,1277,5
439,53,1449,8
439,53,1449,6
439,53,1727,4
439,53,1828,16
440,53,1908,7
441,53,847,8
441,53,1138,12
441,53,1138,4
441,53,1138,8
441,53,1176,8
441,53,1274,7
441,53,1274,10
441,53,1396,8
442,53,1678,4
442,53,1776,4
442,53,1776,7
442,53,3322,4
442,53,3322,7
442,53,3322,10
442,53,3322,9
444,53,2452,5
444,53,2452,4
444,53,2452,6
444,53,2452,9
444,53,2452,5
444,53,2452,9
444,53,2452,5
444,53,2452,8
444,53,2452,6
444,53,2658,7
444,53,6394,5
444,53,6394,4
445,57,2333,7
445,57,4340,9
447,57,1574,8
447,57,2099,8
447,57,2507,5
447,57,2507,9
447,57,2556,12
447,57,2556,9
447,57,2557,7
447,57,1624,7
448,57,1563,6
448,57,2950,13
448,57,5686,10
448,57,5686,15
448,57,5686,15
448,57,5686,20
448,57,5686,20
448,57,5686,14
448,57,5686,11
448,57,5686,13
448,57,5686,10
449,57,1583,4
449,57,2001,4
451,56,2280,6
451,56,2280,6
451,56,2280,4
452,56,1554,8
452,56,2697,14
452,56,3493,7
452,56,3493,10
452,56,3455,21
452,56,3455,0
452,56,3455,14
452,56,3455,0
452,56,3455,0
453,56,2190,17
454,56,3652,9
455,56,4202,6
455,56,4202,8
457,56,1608,9
457,56,1910,6
457,56,1910,9
457,56,2053,10
458,57,3516,16
458,57,5305,9
459,57,2479,8
459,57,5996,8
459,57,5996,13
459,57,5886,7
459,57,5886,16
459,57,5886,9
460,57,2952,9
460,57,2952,6
460,57,2952,12
460,57,2952,10
460,57,2952,7
460,57,2952,8
460,57,2952,10
460,57,2952,8
460,57,2094,16
464,57,2546,6
464,57,2546,8
468,56,1834,8
468,56,5839,9
468,56,2320,5
469,60,2710,11
469,60,2722,6
469,60,4359,10
469,60,4359,9
469,60,4359,16
471,60,2450,4
471,60,2595,7
471,60,2595,9
472,60,2196,6
472,60,2196,7
473,60,3754,7
473,60,3217,11
474,60,2865,6
474,60,2485,8
475,60,1870,7
475,60,2241,13
475,60,2241,8
475,60,2492,6
475,60,3261,13
476,60,5929,7
476,60,2927,6
476,60,2927,6
476,60,5461,9
476,60,1876,7
477,60,1784,6
477,60,5368,8
477,60,4176,12
478,60,2538,8
478,60,2075,9
478,60,2075,4
478,60,2075,0
478,60,2075,0
478,60,2075,8
478,60,2075,8
479,5,972,7
479,5,972,11
479,5,2980,11
479,5,2980,13
479,5,2980,8
479,5,4165,6
481,61,3140,7
481,61,3141,4
481,61,3179,10
481,61,5602,13
481,61,5604,6
481,61,5604,4
481,61,5664,4
482,25,1275,7
482,25,1275,4
482,25,1518,6
482,25,1601,15
482,25,1601,10
482,25,1655,11
482,25,2786,15
482,25,2788,18
482,25,3781,6
485,59,5207,5
485,59,5308,12
485,59,6585,10
488,72,3011,3
488,72,3011,5
488,72,4380,5
488,72,4441,4
488,72,4441,7
488,72,2406,4
488,72,2406,7
488,72,5758,5
488,72,3104,3
490,61,3082,7
490,61,3082,6
490,61,3082,3
490,61,3083,6
490,61,3083,8
490,61,3083,8
490,61,3083,2
490,61,3083,9
490,61,3126,6
490,61,3127,6
490,61,3175,8
490,61,4491,6
490,61,4491,10
490,61,4491,9
490,61,4491,6
490,61,4491,6
490,61,4491,10
490,61,4491,7
490,61,4491,5
490,61,3128,4
490,61,3740,0
490,61,3740,0
490,61,3740,0
490,61,3740,0
490,61,3740,0
491,61,3153,6
491,61,3155,9
491,61,4138,5
491,61,4138,5
491,61,4139,3
491,61,4139,3
491,61,4139,10
491,61,4625,5
491,61,5991,3
492,72,2431,12
492,72,3593,3
492,72,3593,3
492,72,3593,6
492,72,5122,9
492,72,5122,3
492,72,5122,8
492,72,5122,5
492,72,5122,5
492,72,5122,5
492,72,5122,8
492,72,6876,12
492,72,6876,7
492,72,6876,8
492,72,6876,8
492,72,6876,10
492,72,6943,9
492,72,6943,8
494,59,4053,6
494,59,4053,3
494,59,4053,10
494,59,4054,4
494,59,5767,8
494,59,5767,4
494,59,5804,5
494,59,5804,3
494,59,5804,5
494,59,5804,5
494,59,5804,8
494,59,5804,7
494,59,5804,7
494,59,6390,8
494,59,6390,4
494,59,6390,3
494,59,6390,8
494,59,6390,4
494,59,6390,8
495,59,3110,12
495,59,5421,15
495,59,5427,4
496,59,7218,10
496,59,7162,8
496,59,2887,13
496,59,3899,8
497,59,377,4
497,59,2328,7
497,59,2328,3
497,59,3638,4
497,59,3638,4
497,59,3638,6
497,59,3638,5
497,59,5378,4
497,59,5383,5
497,59,5383,4
497,59,5383,11
497,59,4443,9
497,59,4443,6
497,59,4443,8
497,59,3724,16
497,59,3724,15
497,59,3724,10
497,59,3724,6
497,59,3724,7
497,59,3724,12
497,59,3724,15
497,59,3724,13
497,59,5291,7
497,59,5291,0
497,59,5291,0
497,59,5291,4
497,59,5291,8
497,59,5291,0
497,59,5291,0
497,59,5291,9
497,59,5291,0
497,59,5291,0
497,59,5291,0
497,59,5291,5
497,59,5291,0
497,59,5291,0
497,59,5291,0
497,59,5291,0
497,59,5291,0
497,59,5291,0
497,59,5291,0
497,59,3628,0
497,59,3628,0
497,59,3628,0
497,59,3628,0
497,59,3628,0
497,59,3628,0
497,59,3628,0
497,59,3628,0
497,59,3628,0
497,59,3628,0
497,59,3628,0
497,59,3628,0
497,59,3628,0
498,59,3619,6
498,59,4692,5
498,59,4692,7
498,59,5734,6
498,59,7304,5
498,59,7315,6
498,59,7315,9
498,59,7315,8
498,59,7315,5
499,59,4431,6
499,59,4431,6
499,59,4848,6
499,59,4848,12
499,59,6586,6
499,59,6962,7
499,59,6962,6
499,59,6962,6
499,59,6962,4
499,59,6962,7
499,59,7062,7
499,59,7062,6
499,59,7146,5
499,59,7146,8
499,59,7180,6
499,59,7180,7
499,59,7180,8
499,59,4148,4
499,59,4148,3
499,59,4148,3
499,59,4148,3
499,59,7205,0
499,59,7205,0
499,59,7205,0
499,59,7205,0
499,59,7205,0
499,59,7205,0
499,59,7205,0
499,59,7205,0
499,59,7205,0
499,59,7205,0
499,59,7205,0
499,59,7205,0
499,59,7205,0
500,59,3600,5
500,59,3600,3
500,59,3600,5
500,59,3600,7
500,59,4157,5
500,59,4157,8
500,59,4157,4
500,59,4545,4
500,59,4545,16
500,59,4545,4
500,59,4545,7
500,59,7222,4
500,59,7222,5
500,59,7334,7
500,59,7334,5
500,59,7334,10
500,59,7334,7
500,59,7334,8
500,59,2414,4
500,59,2414,8
500,59,2414,8
500,59,2414,7
500,59,2414,8
500,59,3411,0
500,59,3411,8
500,59,3411,0
500,59,3411,0
500,59,3411,0
500,59,3411,0
500,59,3411,0
500,59,3411,0
500,59,3411,0
500,59,3411,0
500,59,3411,0
500,59,3411,0
500,59,3411,0
500,59,3411,0
502,59,3156,5
502,59,3157,5
502,59,3157,15
502,59,3157,6
502,59,3157,8
502,59,3157,4
502,59,3299,4
502,59,3330,7
502,59,5754,7
502,59,6798,11
502,59,6798,9
502,59,6936,6
502,59,6936,6
502,59,6936,5
502,59,6936,7
502,59,6936,11
502,59,7177,4
502,59,7174,9
502,59,7174,12
502,59,7174,8
502,59,7174,8
502,59,7174,5
502,59,7174,7
502,59,7174,9
502,59,7174,4
502,59,4388,6
502,59,5755,3
502,59,5755,7
502,59,5755,2
502,59,5755,2
502,59,5755,3
502,59,5755,3
502,59,5755,3
502,59,5755,3
502,59,5755,4
502,59,5755,4
502,59,5755,3
502,59,5755,4
502,59,5755,4
503,6,285,4
503,6,285,9
503,6,285,4
503,6,285,7
503,6,285,6
503,6,285,8
503,6,285,4
503,6,288,3
503,6,364,3
504,64,2995,7
504,64,2995,4
504,64,3198,4
504,64,3199,6
504,64,3574,8
504,64,3574,8
504,64,4104,10
504,64,4182,4
504,64,4182,5
504,64,4182,4
504,64,4453,8
504,64,6078,6
505,46,2201,4
505,46,3763,10
505,46,3763,12
506,6,508,8
506,6,1126,4
506,6,1126,8
506,6,1198,6
506,6,3107,8
506,6,3107,8
506,6,4162,4
506,6,4162,12
507,64,5364,7
507,64,4390,8
507,64,4390,4
507,64,3340,0
507,64,3340,0
507,64,3340,0
507,64,3340,0
507,64,3340,0
507,64,3340,0
507,64,3340,0
507,64,3340,0
507,64,3340,0
507,64,3340,0
507,64,3340,0
507,64,3340,0
507,64,3340,0
508,75,1981,5
508,75,1985,9
509,59,3622,3
509,59,5014,5
509,59,5014,5
509,59,5014,4
509,59,5014,3
509,59,5014,6
509,59,6243,6
509,59,6264,3
509,59,6814,7
509,59,6814,5
509,59,6828,4
509,59,3603,0
509,59,3603,0
509,59,3603,0
509,59,3603,0
509,59,3603,0
509,59,3603,0
509,59,3603,0
509,59,3603,0
509,59,3603,0
509,59,3603,0
509,59,3603,0
509,59,3603,0
509,59,3603,0
509,59,6263,3
509,59,3614,9
509,59,3614,12
509,59,3614,4
509,59,3614,6
509,59,5013,3
509,59,6176,6
509,59,6176,6
509,59,6176,5
509,59,5393,4
510,61,3845,7
510,61,3845,3
510,61,3845,5
510,61,4218,6
510,61,4218,11
510,61,4218,7
510,61,4218,5
510,61,4218,5
510,61,4218,9
510,61,5257,8
510,61,5332,5
510,61,5332,4
510,61,5332,7
510,61,7320,6
510,61,3604,11
510,61,3604,5
511,56,1972,4
511,56,2161,4
511,56,2161,7
511,56,2989,6
511,56,2989,6
511,56,2989,8
511,56,2989,10
511,56,2989,8
512,61,2689,5
512,61,2689,6
512,61,5610,8
512,61,5610,5
512,61,5610,5
512,61,2486,6
512,61,3023,7
512,61,3023,0
512,61,3023,0
512,61,3023,0
512,61,3023,0
512,61,4174,3
512,61,4174,0
512,61,4174,0
512,61,4174,0
512,61,4174,0
514,60,2516,4
514,60,5073,8
514,60,2385,5
515,61,2998,4
515,61,3132,3
515,61,3133,13
515,61,3133,13
515,61,4762,3
515,61,4762,6
515,61,5600,9
515,61,5689,10
515,61,5689,9
515,61,5689,9
515,61,5689,5
515,61,5689,8
515,61,5689,10
515,61,5663,14
515,61,5663,5
515,61,3026,6
515,61,3026,2
515,61,3026,0
515,61,3026,0
515,61,3026,0
526,64,5726,6
526,64,5726,16
526,64,5726,5
526,64,4415,8
528,64,4056,7
528,64,4056,8
528,64,5290,6
528,64,5715,9
528,64,5715,4
528,64,6159,7
528,64,6459,6
528,64,6098,0
528,64,6098,0
528,64,6098,0
528,64,6098,0
528,64,6098,0
528,64,6098,0
528,64,6098,4
528,64,6098,0
528,64,6098,0
528,64,6098,0
528,64,6098,0
528,64,6098,0
528,64,6098,0
528,64,6098,0
528,64,7220,6
528,64,6786,9
528,64,6786,12
528,64,6786,8
528,64,6786,6
528,64,6786,8
533,64,3202,8
533,64,2876,5
533,64,2876,0
533,64,2876,0
533,64,2876,0
533,64,2876,0
533,64,2875,13
534,72,3164,7
534,72,3479,6
534,72,4375,7
537,72,3168,6
537,72,5789,6
537,72,5789,8
537,72,5790,10
537,72,6960,4
538,72,4470,4
538,72,4470,7
538,72,5692,9
541,64,4659,3
541,64,4659,4
541,64,5125,7
541,64,5125,3
541,64,5327,3
541,64,7233,6
541,64,7241,5
541,64,7241,3
541,64,7241,10
541,64,4048,11
541,64,7262,5
541,64,7262,7
541,64,7262,5
542,64,4193,7
542,64,4373,7
542,64,4577,3
542,64,4577,3
542,64,2940,12
542,64,2940,4
542,64,2940,8
542,64,2940,13
542,64,2940,16
542,64,2940,12
542,64,2940,24
542,64,2940,8
542,64,2940,12
542,64,2940,8
542,64,2940,8
543,64,3703,4
543,64,5464,3
543,64,5832,7
543,64,6166,9
543,64,5081,7
543,64,5081,7
543,64,6849,6
543,64,6849,8
543,64,6849,8
543,64,6849,8
543,64,7099,0
543,64,7099,0
543,64,7099,0
543,64,7099,0
543,64,7099,0
543,64,7099,0
543,64,7099,0
543,64,7099,0
543,64,7099,0
543,64,7099,0
543,64,7099,0
543,64,7099,0
543,64,7099,0
543,64,6577,14
543,64,6577,9
543,64,6577,10
543,64,6577,11
544,72,3424,6
544,72,4504,5
544,72,4504,10
544,72,4672,7
544,72,4691,7
544,72,4756,8
544,72,4756,10
544,72,5062,12
544,72,5062,4
544,72,5062,5
544,72,5100,28
544,72,5100,6
544,72,5100,14
544,72,5100,3
544,72,5100,7
544,72,5256,8
544,72,5256,11
544,72,5459,3
544,72,5248,14
544,72,5248,4
544,72,5248,9
545,72,4648,3
545,72,4657,4
545,72,4657,8
545,72,4210,4
545,72,4210,23
545,72,5740,6
545,72,5740,6
545,72,5740,8
545,72,5740,8
545,72,5740,4
545,72,5740,8
546,72,2773,4
546,72,2801,12
546,72,2801,7
546,72,4421,12
546,72,4421,5
546,72,4426,6
546,72,4426,5
546,72,4426,3
546,72,4519,7
546,72,4519,4
546,72,4519,6
546,72,4525,4
546,72,4525,9
546,72,4525,8
546,72,4525,8
546,72,4527,6
546,72,5907,4
546,72,5198,6
546,72,5198,4
546,72,5198,6
546,72,5198,6
546,72,5198,6
546,72,5198,7
546,72,5198,6
546,72,5198,7
546,72,5198,7
546,72,5198,7
546,72,4530,7
546,72,4530,3
546,72,4530,2
546,72,4530,2
546,72,4530,3
546,72,4530,3
546,72,4530,3
546,72,4530,3
546,72,4530,3
546,72,4530,3
546,72,4530,3
546,72,4530,2
546,72,4530,3
546,72,4530,3
548,72,2391,8
548,72,5654,9
548,72,5670,7
548,72,5670,3
549,72,5005,3
549,72,5005,5
549,72,5005,10
549,72,5816,5
549,72,5817,7
550,61,3146,5
550,61,3146,9
550,61,3178,8
550,61,4178,5
550,61,5678,4
550,61,5678,11
550,61,5994,5
550,61,5994,6
550,61,4757,4
550,61,3144,9
551,61,4134,9
551,61,5637,5
551,61,5637,6
551,61,3084,0
551,61,3084,11
551,61,4169,0
551,61,4169,0
551,61,4169,0
551,61,4169,0
552,61,5979,6
552,61,5007,6
552,61,5981,10
552,61,5981,10
552,61,5981,0
552,61,5981,0
552,61,5981,0
552,61,5981,0
552,61,5981,0
552,61,5609,13
553,9,1590,12
553,9,1996,7
553,9,1996,7
553,9,3311,11
553,9,3311,9
553,9,3397,6
553,9,3163,8
553,9,4303,10
554,59,840,5
554,59,840,8
554,59,840,3
554,59,840,9
554,59,920,4
554,59,2699,3
554,59,3071,33
554,59,3071,4
554,59,3074,7
554,59,5267,5
554,59,5267,3
554,59,5267,3
554,59,7339,10
554,59,4206,5
554,59,4206,5
554,59,2465,2
554,59,5815,4
557,61,3988,7
557,61,3988,6
557,61,3988,7
557,61,4100,4
557,61,4100,5
557,61,4700,3
557,61,7168,4
558,22,3266,0
558,22,3266,0
558,22,3266,0
558,22,3266,0
558,22,3266,0
558,22,3266,0
558,22,3266,0
558,22,3266,0
558,22,3266,0
558,22,3266,0
558,22,3266,0
558,22,3266,0
558,22,3266,0
558,22,3266,0
558,22,3266,0
558,22,3266,0
558,22,3266,0
558,22,3266,0
558,22,3266,0
558,22,3266,0
558,22,3266,0
558,22,3266,0
558,22,3266,0
558,22,3266,0
558,22,3266,0
558,22,5340,6
559,72,4159,5
559,72,5255,3
559,72,5760,3
559,72,5846,10
559,72,5875,7
559,72,6548,0
559,72,6548,0
559,72,6548,0
559,72,6548,0
561,64,2976,9
561,64,2977,7
561,64,2977,6
561,64,3015,3
561,64,3204,5
561,64,3204,4
561,64,3530,11
561,64,4046,6
561,64,5824,3
561,64,7224,9
561,64,7224,9
561,64,7232,6
561,64,7232,4
561,64,7232,8
562,64,3452,4
562,64,3452,3
562,64,3509,6
562,64,3509,3
562,64,3509,5
562,64,3509,3
562,64,3509,7
562,64,3509,10
562,64,5353,4
562,64,5353,6
562,64,6583,4
562,64,6583,5
562,64,7309,4
562,64,7357,7
562,64,7357,8
562,64,7361,3
562,64,7361,7
562,64,7361,4
562,64,7361,9
566,59,4188,3
566,59,4188,5
566,59,4469,6
566,59,4589,4
566,59,4589,9
566,59,4591,8
566,59,4591,7
566,59,4591,4
566,59,5119,5
566,59,5716,12
566,59,5925,4
566,59,5925,5
566,59,5925,7
566,59,5059,3
566,59,5059,3
566,59,5059,3
566,59,5148,6
569,6,413,4
569,6,1000,5
569,6,1041,11
569,6,4112,8
569,6,595,14
569,6,595,0
569,6,595,0
569,6,595,0
569,6,595,0
570,64,4464,6
570,64,7349,7
570,64,7349,4
570,64,7362,6
580,25,566,8
580,25,870,8
580,25,1676,9
580,25,2563,7
580,25,2563,6
580,25,2563,4
580,25,2563,4
581,57,1645,21
581,57,1645,8
581,57,5215,6
581,57,5215,7
581,57,5215,5
582,54,4068,4
582,54,4689,9
582,54,4696,11
582,54,3208,3
582,54,3208,4
583,5,259,4
583,5,259,12
583,5,259,10
583,5,259,4
583,5,1055,10
585,54,3533,10
585,54,2752,8
#N/A,#N/A,1854,6
#N/A,#N/A,2302,4
#N/A,#N/A,2721,10
#N/A,#N/A,7601,3
#N/A,#N/A,7601,43
#N/A,#N/A,7601,4
#N/A,#N/A,3693,0
#N/A,#N/A,3693,0
