Market,Store,Store Type,Launch Date 
326,7,SUP,2/22
347,12,SUP,2/22
322,54,SUP,2/22
328,71,SUP,2/22
134,75,SUP,2/22
145,94,SUP,2/22
324,124,SUP,2/22
345,168,SUP,2/22
344,221,SUP,2/22
344,227,SUP,2/22
345,246,SUP,2/22
353,277,SUP,2/22
135,307,SUP,2/22
322,359,SUP,2/22
352,389,SUP,2/22
39,396,SUP,2/22
132,402,SUP,2/22
132,415,SUP,2/22
130,428,SUP,2/22
128,489,SUP,2/22
353,517,SUP,2/22
26,518,SUP,2/22
132,531,SUP,2/22
134,539,SUP,2/22
129,542,SUP,2/22
353,544,SUP,2/22
25,548,SUP,2/22
125,553,SUP,2/22
407,557,SUP,2/22
344,564,SUP,2/22
37,574,SUP,2/22
24,575,SUP,2/22
362,577,SUP,2/22
42,585,SUP,2/22
37,586,SUP,2/22
27,588,SUP,2/22
406,592,SUP,2/22
29,605,SUP,2/22
344,622,SUP,2/22
38,627,SUP,2/22
38,630,SUP,2/22
29,635,SUP,2/22
37,643,SUP,2/22
152,671,SUP,2/22
151,682,SUP,2/22
121,741,SUP,2/22
353,743,SUP,2/22
19,745,SUP,2/22
129,761,SUP,2/22
22,787,SUP,2/22
385,824,SUP,2/22
375,826,SUP,2/22
251,828,SUP,2/22
385,831,SUP,2/22
385,835,SUP,2/22
130,839,SUP,2/22
554,840,WNM,2/22
389,842,SUP,2/22
22,855,SUP,2/22
554,920,WNM,2/22
482,923,SUP,2/22
130,935,SUP,2/22
128,989,SUP,2/22
407,993,SUP,2/22
251,995,SUP,2/22
389,1001,SUP,2/22
129,1016,SUP,2/22
425,1020,SUP,2/22
353,1056,SUP,2/22
130,1102,SUP,2/22
326,1105,SUP,2/22
131,1136,SUP,2/22
249,1141,SUP,2/22
125,1163,SUP,2/22
435,1167,SUP,2/22
20,1184,SUP,2/22
135,1193,SUP,2/22
130,1206,SUP,2/22
409,1221,SUP,2/22
30,1227,SUP,2/22
418,1241,SUP,2/22
144,1248,SUP,2/22
258,1259,SUP,2/22
130,1266,SUP,2/22
30,1293,SUP,2/22
16,1311,SUP,2/22
128,1342,SUP,2/22
387,1357,SUP,2/22
247,1378,SUP,2/22
39,1382,SUP,2/22
435,1394,SUP,2/22
248,1419,SUP,2/22
221,1441,SUP,2/22
440,1453,SUP,2/22
249,1459,SUP,2/22
221,1463,SUP,2/22
243,1476,SUP,2/22
238,1479,SUP,2/22
22,1488,SUP,2/22
223,1495,SUP,2/22
221,1503,SUP,2/22
221,1504,SUP,2/22
225,1521,SUP,2/22
233,1529,SUP,2/22
430,1543,SUP,2/22
435,1551,SUP,2/22
482,1557,SUP,2/22
396,1560,SUP,2/22
247,1566,SUP,2/22
238,1576,W/M,2/22
249,1580,SUP,2/22
396,1584,SUP,2/22
217,1595,SUP,2/22
265,1596,SUP,2/22
362,1599,SUP,2/22
482,1601,SUP,2/22
226,1623,SUP,2/22
352,1626,SUP,2/22
419,1654,SUP,2/22
280,1674,SUP,2/22
401,1699,SUP,2/22
280,1703,SUP,2/22
401,1708,SUP,2/22
140,1710,SUP,2/22
25,1720,SUP,2/22
239,1728,SUP,2/22
202,1771,SUP,2/22
168,1777,SUP,2/22
477,1784,SUP,2/22
411,1802,SUP,2/22
248,1804,SUP,2/22
282,1875,SUP,2/22
226,1884,SUP,2/22
234,1886,SUP,2/22
508,1893,W/M,2/22
215,1895,W/M,2/22
160,1906,W/M,2/22
440,1908,SUP,2/22
477,1920,W/M,2/22
214,1927,SUP,2/22
217,1990,W/M,2/22
174,2003,SUP,2/22
235,2019,SUP,2/22
396,2050,SUP,2/22
231,2059,SUP,2/22
201,2062,SUP,2/22
170,2096,SUP,2/22
219,2098,SUP,2/22
159,2122,SUP,2/22
223,2124,SUP,2/22
411,2131,SUP,2/22
131,2132,SUP,2/22
168,2145,SUP,2/22
160,2157,SUP,2/22
162,2170,W/M,2/22
233,2205,SUP,2/22
157,2222,SUP,2/22
280,2233,SUP,2/22
232,2255,SUP,2/22
440,2271,SUP,2/22
282,2279,SUP,2/22
221,2309,SUP,2/22
209,2313,SUP,2/22
145,2322,SUP,2/22
159,2341,W/M,2/22
196,2358,SUP,2/22
533,2393,WNM,2/22
533,2394,WNM,2/22
217,2426,SUP,2/22
282,2435,SUP,2/22
223,2441,SUP,2/22
526,2451,WNM,2/22
554,2465,WNM,2/22
217,2471,SUP,2/22
394,2483,SUP,2/22
215,2506,SUP,2/22
196,2522,SUP,2/22
263,2532,SUP,2/22
226,2543,SUP,2/22
238,2544,SUP,2/22
286,2564,SUP,2/22
281,2577,SUP,2/22
394,2592,SUP,2/22
235,2611,SUP,2/22
168,2614,SUP,2/22
168,2641,SUP,2/22
175,2651,SUP,2/22
125,2665,SUP,2/22
201,2678,SUP,2/22
247,2679,SUP,2/22
243,2691,SUP,2/22
38,2703,SUP,2/22
125,2706,SUP,2/22
37,2712,SUP,2/22
217,2725,SUP,2/22
219,2726,SUP,2/22
22,2732,SUP,2/22
32,2733,SUP,2/22
492,2743,WNM,2/22
537,2745,WNM,2/22
280,2756,SUP,2/22
414,2764,SUP,2/22
217,2774,SUP,2/22
482,2786,SUP,2/22
249,2787,SUP,2/22
546,2801,WNM,2/22
352,2803,SUP,2/22
352,2804,SUP,2/22
238,2818,SUP,2/22
131,2822,SUP,2/22
166,2830,W/M,2/22
396,2838,SUP,2/22
144,2846,SUP,2/22
362,2855,SUP,2/22
197,2872,SUP,2/22
533,2875,WNM,2/22
533,2876,WNM,2/22
533,2877,WNM,2/22
533,2878,WNM,2/22
394,2884,SUP,2/22
496,2887,WNM,2/22
157,2903,W/M,2/22
129,2913,SUP,2/22
51,2918,SUP,2/22
542,2919,WNM,2/22
401,2921,SUP,2/22
382,2923,SUP,2/22
132,2938,SUP,2/22
542,2940,WNM,2/22
160,2953,SUP,2/22
362,2955,SUP,2/22
554,3072,WNM,2/22
554,3074,WNM,2/22
175,3078,SUP,2/22
409,3103,SUP,2/22
491,3155,WNM,2/22
20,3188,SUP,2/22
159,3200,W/M,2/22
19,3201,SUP,2/22
533,3202,WNM,2/22
231,3228,SUP,2/22
209,3250,SUP,2/22
167,3252,W/M,2/22
362,3273,SUP,2/22
533,3275,WNM,2/22
176,3292,W/M,2/22
533,3327,WNM,2/22
394,3350,SUP,2/22
394,3351,SUP,2/22
397,3354,WNM,2/22
397,3355,WNM,2/22
397,3356,WNM,2/22
499,3359,WNM,2/22
401,3366,SUP,2/22
389,3382,SUP,2/22
526,3385,WNM,2/22
25,3388,SUP,2/22
25,3389,SUP,2/22
19,3401,SUP,2/22
19,3402,SUP,2/22
375,3428,SUP,2/22
352,3430,SUP,2/22
249,3435,SUP,2/22
201,3436,SUP,2/22
496,3442,WNM,2/22
207,3445,SUP,2/22
219,3447,SUP,2/22
24,3462,SUP,2/22
175,3469,SUP,2/22
26,3471,SUP,2/22
394,3473,SUP,2/22
197,3476,SUP,2/22
129,3483,SUP,2/22
223,3502,SUP,2/22
526,3512,WNM,2/22
249,3529,SUP,2/22
160,3560,SUP,2/22
170,3564,SUP,2/22
30,3570,SUP,2/22
221,3571,SUP,2/22
504,3574,WNM,2/22
492,3599,WNM,2/22
19,3609,SUP,2/22
533,3615,WNM,2/22
232,3634,SUP,2/22
533,3637,WNM,2/22
497,3638,WNM,2/22
397,3655,WNM,2/22
543,3703,WNM,2/22
20,3710,SUP,2/22
215,3722,SUP,2/22
541,3727,WNM,2/22
42,3733,SUP,2/22
541,3736,WNM,2/22
542,3743,WNM,2/22
542,3745,WNM,2/22
225,3749,SUP,2/22
32,3750,SUP,2/22
223,3783,SUP,2/22
221,3784,SUP,2/22
25,3786,SUP,2/22
397,3788,WNM,2/22
401,3789,SUP,2/22
217,3812,SUP,2/22
401,3848,SUP,2/22
494,4054,WNM,2/22
323,4108,SUP,2/22
30,4144,SUP,2/22
352,4195,SUP,2/22
485,4198,WNM,2/22
16,4200,SUP,2/22
554,4206,WNM,2/22
580,4216,SUP,2/22
248,4230,SUP,2/22
248,4231,SUP,2/22
42,4237,SUP,2/22
226,4276,SUP,2/22
16,4283,SUP,2/22
134,4295,SUP,2/22
409,4321,SUP,2/22
397,4339,WNM,2/22
396,4356,SUP,2/22
534,4375,WNM,2/22
247,4399,SUP,2/22
382,4412,SUP,2/22
251,4417,SUP,2/22
546,4421,WNM,2/22
280,4423,SUP,2/22
546,4426,WNM,2/22
497,4443,WNM,2/22
324,4460,SUP,2/22
362,4475,SUP,2/22
207,4479,SUP,2/22
537,4516,WNM,2/22
546,4517,WNM,2/22
546,4530,WNM,2/22
396,4557,SUP,2/22
507,4585,WNM,2/22
387,4601,SUP,2/22
225,4609,SUP,2/22
541,4659,WNM,2/22
37,4664,SUP,2/22
526,4676,WNM,2/22
131,4679,SUP,2/22
130,4683,SUP,2/22
248,5025,SUP,2/22
207,5028,SUP,2/22
207,5029,SUP,2/22
207,5030,SUP,2/22
396,5070,SUP,2/22
543,5081,WNM,2/22
37,5087,SUP,2/22
440,5090,SUP,2/22
53,5092,SUP,2/22
543,5102,WNM,2/22
221,5104,SUP,2/22
176,5111,W/M,2/22
418,5115,SUP,2/22
508,5129,W/M,2/22
566,5148,WNM,2/22
387,5155,SUP,2/22
485,5180,WNM,2/22
566,5182,WNM,2/22
219,5184,SUP,2/22
217,5185,SUP,2/22
175,5201,W/M,2/22
557,5205,WNM,2/22
557,5206,WNM,2/22
485,5207,WNM,2/22
282,5228,W/M,2/22
401,5234,SUP,2/22
231,5241,SUP,2/22
324,5244,SUP,2/22
397,5258,WNM,2/22
397,5259,WNM,2/22
397,5269,WNM,2/22
175,5281,W/M,2/22
533,5286,WNM,2/22
9,5304,WNM,2/22
397,5306,WNM,2/22
410,5307,SUP,2/22
485,5308,WNM,2/22
533,5314,WNM,2/22
533,5323,WNM,2/22
541,5328,WNM,2/22
16,5363,SUP,2/22
477,5368,SUP,2/22
235,5379,SUP,2/22
282,5382,SUP,2/22
494,5408,WNM,2/22
223,5409,SUP,2/22
397,5423,WNM,2/22
384,5430,SUP,2/22
477,5440,W/M,2/22
411,5441,SUP,2/22
249,5443,SUP,2/22
543,5464,WNM,2/22
219,5466,SUP,2/22
249,5483,SUP,2/22
385,5491,SUP,2/22
435,5667,SUP,2/22
435,5668,SUP,2/22
435,5669,SUP,2/22
495,5695,WNM,2/22
495,5697,WNM,2/22
37,5705,SUP,2/22
324,5706,SUP,2/22
19,5709,SUP,2/22
543,5722,WNM,2/22
30,5735,SUP,2/22
537,5737,WNM,2/22
534,5738,WNM,2/22
197,5761,SUP,2/22
494,5767,WNM,2/22
543,5774,WNM,2/22
526,5782,WNM,2/22
27,5797,SUP,2/22
494,5804,WNM,2/22
554,5813,WNM,2/22
26,5814,SUP,2/22
490,5828,WNM,2/22
507,5840,WNM,2/22
491,5855,WNM,2/22
219,5857,SUP,2/22
467,5861,SUP,2/22
533,5863,WNM,2/22
234,5888,SUP,2/22
546,5907,WNM,2/22
496,5923,WNM,2/22
283,5968,SUP,2/22
491,5990,WNM,2/22
491,5991,WNM,2/22
485,6172,WNM,2/22
494,6390,WNM,2/22
411,6392,SUP,2/22
494,6470,WNM,2/22
482,6476,SUP,2/22
39,6576,SUP,2/22
543,6577,WNM,2/22
485,6585,WNM,2/22
543,6588,WNM,2/22
145,6807,SUP,2/22
39,6887,SUP,2/22
499,6962,WNM,2/22
19,6998,SUP,2/22
496,7162,WNM,2/22
38,7188,SUP,2/22
541,7233,WNM,2/22
541,7241,WNM,2/22
537,7242,WNM,2/22
541,7262,WNM,2/22
132,7301,SUP,2/22
353,7326,SUP,2/22
554,7339,WNM,2/22
323,1,SUP,3/2
322,2,SUP,3/2
21,3,SUP,3/2
323,4,SUP,3/2
326,5,SUP,3/2
347,10,SUP,3/2
328,11,SUP,3/2
321,16,SUP,3/2
135,23,SUP,3/2
326,24,SUP,3/2
411,26,SUP,3/2
347,28,SUP,3/2
407,35,SUP,3/2
329,36,SUP,3/2
407,43,SUP,3/2
329,45,SUP,3/2
325,52,SUP,3/2
325,58,SUP,3/2
329,70,SUP,3/2
410,72,SUP,3/2
356,73,SUP,3/2
347,90,SUP,3/2
145,93,SUP,3/2
146,97,SUP,3/2
351,103,SUP,3/2
4,105,SUP,3/2
146,107,SUP,3/2
349,113,SUP,3/2
328,119,SUP,3/2
329,128,SUP,3/2
350,129,SUP,3/2
347,130,SUP,3/2
353,139,SUP,3/2
321,141,SUP,3/2
351,151,SUP,3/2
328,157,SUP,3/2
4,164,SUP,3/2
326,169,SUP,3/2
134,170,SUP,3/2
361,184,SUP,3/2
409,186,SUP,3/2
147,192,SUP,3/2
271,216,SUP,3/2
147,218,SUP,3/2
350,231,SUP,3/2
360,234,SUP,3/2
325,261,SUP,3/2
149,264,SUP,3/2
349,269,SUP,3/2
351,276,SUP,3/2
127,278,SUP,3/2
325,296,SUP,3/2
149,304,SUP,3/2
152,308,SUP,3/2
132,310,SUP,3/2
151,314,SUP,3/2
66,331,SUP,3/2
409,346,SUP,3/2
321,358,SUP,3/2
322,373,SUP,3/2
347,374,SUP,3/2
497,377,WNM,3/2
411,378,SUP,3/2
132,386,SUP,3/2
321,388,SUP,3/2
134,405,SUP,3/2
8,424,SUP,3/2
10,432,SUP,3/2
127,448,SUP,3/2
127,450,SUP,3/2
25,459,SUP,3/2
47,468,SUP,3/2
66,469,SUP,3/2
356,472,SUP,3/2
119,477,SUP,3/2
411,484,SUP,3/2
129,485,SUP,3/2
362,486,SUP,3/2
16,494,SUP,3/2
344,499,SUP,3/2
21,510,SUP,3/2
38,511,SUP,3/2
39,514,SUP,3/2
25,520,SUP,3/2
66,521,SUP,3/2
327,530,SUP,3/2
130,532,SUP,3/2
132,533,SUP,3/2
129,540,SUP,3/2
128,541,SUP,3/2
132,543,SUP,3/2
71,549,SUP,3/2
32,555,SUP,3/2
28,556,SUP,3/2
407,558,SUP,3/2
360,560,SUP,3/2
580,566,SUP,3/2
414,581,SUP,3/2
28,593,SUP,3/2
387,611,SUP,3/2
16,614,SUP,3/2
38,616,SUP,3/2
124,620,SUP,3/2
39,624,SUP,3/2
37,625,SUP,3/2
36,628,SUP,3/2
42,629,SUP,3/2
35,631,SUP,3/2
36,632,SUP,3/2
42,638,SUP,3/2
28,639,SUP,3/2
35,640,SUP,3/2
35,641,SUP,3/2
406,652,SUP,3/2
151,656,SUP,3/2
120,658,SUP,3/2
406,664,SUP,3/2
151,667,SUP,3/2
121,676,SUP,3/2
146,677,SUP,3/2
123,678,SUP,3/2
121,687,SUP,3/2
124,690,SUP,3/2
3,691,SUP,3/2
260,692,SUP,3/2
149,695,SUP,3/2
5,712,SUP,3/2
327,714,SUP,3/2
11,715,SUP,3/2
136,716,SUP,3/2
22,722,SUP,3/2
123,724,SUP,3/2
22,727,SUP,3/2
7,734,SUP,3/2
151,735,SUP,3/2
258,739,SUP,3/2
124,742,SUP,3/2
415,753,SUP,3/2
30,754,SUP,3/2
32,758,SUP,3/2
137,766,SUP,3/2
25,780,SUP,3/2
418,797,SUP,3/2
71,821,SUP,3/2
345,823,SUP,3/2
385,829,W/M,3/2
28,836,SUP,3/2
345,838,SUP,3/2
27,843,SUP,3/2
262,844,SUP,3/2
28,862,SUP,3/2
28,864,SUP,3/2
387,868,SUP,3/2
141,874,SUP,3/2
24,878,SUP,3/2
41,881,SUP,3/2
27,889,SUP,3/2
356,894,SUP,3/2
251,902,SUP,3/2
379,905,SUP,3/2
384,906,SUP,3/2
128,911,SUP,3/2
388,921,SUP,3/2
243,922,SUP,3/2
16,932,SUP,3/2
273,936,SUP,3/2
27,952,SUP,3/2
378,953,SUP,3/2
350,975,SUP,3/2
378,980,SUP,3/2
391,984,SUP,3/2
356,992,SUP,3/2
27,1006,SUP,3/2
378,1008,SUP,3/2
29,1011,SUP,3/2
361,1014,SUP,3/2
389,1019,SUP,3/2
580,1026,SUP,3/2
243,1033,SUP,3/2
294,1036,SUP,3/2
36,1037,SUP,3/2
379,1045,SUP,3/2
388,1058,SUP,3/2
27,1072,SUP,3/2
141,1106,SUP,3/2
21,1111,SUP,3/2
16,1112,SUP,3/2
349,1116,SUP,3/2
360,1120,SUP,3/2
18,1122,SUP,3/2
35,1123,SUP,3/2
39,1130,SUP,3/2
298,1132,SUP,3/2
309,1133,SUP,3/2
38,1135,SUP,3/2
441,1138,W/M,3/2
243,1142,SUP,3/2
42,1144,SUP,3/2
36,1146,SUP,3/2
362,1151,SUP,3/2
32,1153,SUP,3/2
243,1160,SUP,3/2
41,1164,SUP,3/2
441,1176,SUP,3/2
23,1181,SUP,3/2
41,1183,SUP,3/2
257,1190,SUP,3/2
391,1200,SUP,3/2
438,1202,SUP,3/2
66,1204,SUP,3/2
120,1215,SUP,3/2
379,1231,SUP,3/2
35,1244,SUP,3/2
380,1252,SUP,3/2
309,1255,SUP,3/2
254,1263,SUP,3/2
222,1264,SUP,3/2
389,1273,SUP,3/2
441,1274,SUP,3/2
482,1275,SUP,3/2
444,1276,SUP,3/2
388,1280,SUP,3/2
42,1281,SUP,3/2
418,1285,SUP,3/2
296,1288,SUP,3/2
221,1289,SUP,3/2
247,1294,SUP,3/2
364,1299,SUP,3/2
247,1304,SUP,3/2
441,1305,SUP,3/2
387,1306,SUP,3/2
380,1308,SUP,3/2
251,1310,SUP,3/2
381,1315,SUP,3/2
122,1319,SUP,3/2
299,1321,SUP,3/2
278,1323,W/M,3/2
243,1327,SUP,3/2
247,1329,SUP,3/2
222,1330,SUP,3/2
223,1331,SUP,3/2
315,1335,SUP,3/2
41,1339,SUP,3/2
254,1341,SUP,3/2
317,1351,SUP,3/2
251,1356,SUP,3/2
317,1360,SUP,3/2
426,1361,SUP,3/2
365,1370,SUP,3/2
152,1376,SUP,3/2
29,1383,SUP,3/2
441,1396,SUP,3/2
384,1397,SUP,3/2
21,1400,SUP,3/2
18,1403,SUP,3/2
221,1407,SUP,3/2
223,1410,SUP,3/2
381,1412,SUP,3/2
384,1414,SUP,3/2
203,1423,SUP,3/2
213,1429,SUP,3/2
439,1430,SUP,3/2
204,1432,SUP,3/2
222,1433,SUP,3/2
391,1434,SUP,3/2
405,1438,SUP,3/2
405,1439,SUP,3/2
225,1443,SUP,3/2
213,1448,SUP,3/2
439,1449,SUP,3/2
120,1458,SUP,3/2
381,1461,SUP,3/2
121,1466,SUP,3/2
259,1478,SUP,3/2
382,1485,SUP,3/2
376,1492,SUP,3/2
415,1496,SUP,3/2
301,1502,SUP,3/2
382,1508,SUP,3/2
442,1515,SUP,3/2
482,1518,SUP,3/2
218,1519,SUP,3/2
415,1528,SUP,3/2
136,1530,SUP,3/2
234,1537,W/M,3/2
412,1545,SUP,3/2
246,1547,SUP,3/2
229,1568,SUP,3/2
248,1570,SUP,3/2
442,1571,SUP,3/2
23,1578,SUP,3/2
26,1586,SUP,3/2
202,1593,SUP,3/2
219,1594,SUP,3/2
356,1597,SUP,3/2
430,1604,SUP,3/2
237,1607,SUP,3/2
419,1609,SUP,3/2
381,1617,SUP,3/2
213,1622,SUP,3/2
442,1635,SUP,3/2
202,1642,SUP,3/2
439,1643,SUP,3/2
232,1644,SUP,3/2
444,1650,SUP,3/2
320,1653,SUP,3/2
482,1655,SUP,3/2
228,1656,SUP,3/2
379,1659,SUP,3/2
239,1665,SUP,3/2
438,1669,SUP,3/2
438,1679,SUP,3/2
376,1689,SUP,3/2
427,1695,SUP,3/2
183,1698,SUP,3/2
208,1707,SUP,3/2
248,1709,SUP,3/2
285,1715,W/M,3/2
222,1718,SUP,3/2
418,1721,SUP,3/2
203,1733,SUP,3/2
227,1739,SUP,3/2
165,1742,SUP,3/2
36,1748,SUP,3/2
183,1749,SUP,3/2
222,1750,SUP,3/2
203,1754,SUP,3/2
239,1758,SUP,3/2
288,1759,SUP,3/2
157,1762,SUP,3/2
413,1764,SUP,3/2
237,1765,SUP,3/2
23,1766,SUP,3/2
300,1767,SUP,3/2
582,1768,SUP,3/2
231,1769,SUP,3/2
229,1770,SUP,3/2
468,1772,SUP,3/2
478,1775,SUP,3/2
442,1776,SUP,3/2
216,1782,SUP,3/2
580,1783,SUP,3/2
183,1788,SUP,3/2
477,1793,SUP,3/2
232,1794,SUP,3/2
294,1795,W/M,3/2
184,1796,SUP,3/2
179,1797,SUP,3/2
202,1809,SUP,3/2
475,1817,SUP,3/2
436,1819,SUP,3/2
229,1820,SUP,3/2
234,1823,SUP,3/2
582,1827,SUP,3/2
439,1828,SUP,3/2
37,1829,SUP,3/2
468,1834,SUP,3/2
214,1839,SUP,3/2
477,1843,W/M,3/2
234,1850,SUP,3/2
179,1856,SUP,3/2
209,1857,W/M,3/2
209,1863,SUP,3/2
180,1868,SUP,3/2
383,1872,SUP,3/2
161,1873,SUP,3/2
468,1880,SUP,3/2
229,1885,SUP,3/2
232,1887,W/M,3/2
285,1890,SUP,3/2
214,1894,SUP,3/2
391,1896,SUP,3/2
383,1901,SUP,3/2
215,1911,SUP,3/2
178,1921,W/M,3/2
184,1930,W/M,3/2
237,1935,SUP,3/2
216,1937,SUP,3/2
180,1939,SUP,3/2
399,1951,SUP,3/2
297,1953,SUP,3/2
183,1954,SUP,3/2
247,1962,SUP,3/2
161,1964,SUP,3/2
432,1965,SUP,3/2
159,1970,SUP,3/2
181,1975,SUP,3/2
162,1980,SUP,3/2
508,1981,SUP,3/2
439,1982,SUP,3/2
154,1984,SUP,3/2
213,1986,SUP,3/2
251,1991,SUP,3/2
301,2000,SUP,3/2
415,2004,SUP,3/2
229,2008,W/M,3/2
156,2012,SUP,3/2
179,2013,SUP,3/2
160,2021,SUP,3/2
162,2022,SUP,3/2
233,2023,SUP,3/2
280,2027,SUP,3/2
317,2036,SUP,3/2
180,2046,SUP,3/2
237,2049,SUP,3/2
183,2055,SUP,3/2
226,2064,SUP,3/2
468,2069,SUP,3/2
214,2073,SUP,3/2
382,2084,SUP,3/2
160,2095,SUP,3/2
165,2108,SUP,3/2
165,2109,W/M,3/2
216,2115,SUP,3/2
156,2118,W/M,3/2
380,2125,SUP,3/2
159,2128,SUP,3/2
183,2130,SUP,3/2
173,2144,W/M,3/2
383,2147,SUP,3/2
216,2149,SUP,3/2
183,2153,SUP,3/2
24,2154,SUP,3/2
156,2155,SUP,3/2
156,2158,SUP,3/2
173,2163,W/M,3/2
232,2169,SUP,3/2
154,2174,SUP,3/2
160,2184,W/M,3/2
232,2185,SUP,3/2
208,2193,SUP,3/2
216,2199,SUP,3/2
162,2200,W/M,3/2
180,2202,SUP,3/2
403,2207,SUP,3/2
226,2208,SUP,3/2
216,2209,SUP,3/2
41,2214,SUP,3/2
585,2223,SUP,3/2
181,2224,W/M,3/2
154,2228,W/M,3/2
237,2230,SUP,3/2
163,2232,W/M,3/2
167,2236,W/M,3/2
168,2252,SUP,3/2
296,2256,SUP,3/2
383,2259,SUP,3/2
161,2261,SUP,3/2
167,2263,SUP,3/2
35,2265,SUP,3/2
214,2266,SUP,3/2
156,2267,W/M,3/2
375,2270,SUP,3/2
285,2272,SUP,3/2
238,2276,SUP,3/2
228,2278,SUP,3/2
235,2281,SUP,3/2
173,2284,SUP,3/2
154,2289,SUP,3/2
174,2294,SUP,3/2
163,2299,SUP,3/2
582,2307,SUP,3/2
248,2311,SUP,3/2
478,2315,W/M,3/2
214,2316,SUP,3/2
468,2320,SUP,3/2
497,2328,WNM,3/2
156,2329,SUP,3/2
183,2330,SUP,3/2
162,2331,SUP,3/2
441,2335,SUP,3/2
159,2336,SUP,3/2
246,2339,SUP,3/2
233,2340,SUP,3/2
36,2348,SUP,3/2
207,2350,SUP,3/2
23,2360,SUP,3/2
174,2365,SUP,3/2
160,2366,SUP,3/2
163,2371,SUP,3/2
154,2386,SUP,3/2
507,2395,WNM,3/2
184,2399,SUP,3/2
218,2400,SUP,3/2
293,2412,SUP,3/2
196,2417,SUP,3/2
285,2419,W/M,3/2
235,2420,SUP,3/2
409,2428,SUP,3/2
223,2429,SUP,3/2
492,2431,WNM,3/2
293,2436,SUP,3/2
294,2440,SUP,3/2
485,2442,WNM,3/2
444,2452,SUP,3/2
383,2455,SUP,3/2
285,2460,SUP,3/2
320,2474,SUP,3/2
20,2475,SUP,3/2
226,2480,SUP,3/2
232,2481,SUP,3/2
174,2503,SUP,3/2
582,2511,SUP,3/2
233,2519,SUP,3/2
232,2528,SUP,3/2
232,2535,SUP,3/2
196,2545,SUP,3/2
285,2560,SUP,3/2
280,2566,SUP,3/2
326,2575,SUP,3/2
300,2580,SUP,3/2
20,2584,SUP,3/2
173,2585,W/M,3/2
326,2587,SUP,3/2
228,2597,SUP,3/2
174,2604,W/M,3/2
218,2605,SUP,3/2
316,2610,SUP,3/2
213,2613,SUP,3/2
27,2615,SUP,3/2
203,2618,SUP,3/2
202,2620,SUP,3/2
156,2629,SUP,3/2
28,2630,SUP,3/2
181,2639,SUP,3/2
375,2656,SUP,3/2
444,2658,SUP,3/2
157,2660,W/M,3/2
237,2663,SUP,3/2
181,2682,SUP,3/2
35,2687,SUP,3/2
554,2699,WNM,3/2
203,2700,SUP,3/2
163,2719,W/M,3/2
378,2729,SUP,3/2
353,2734,SUP,3/2
534,2741,WNM,3/2
537,2744,WNM,3/2
161,2747,W/M,3/2
380,2751,SUP,3/2
585,2752,SUP,3/2
18,2753,SUP,3/2
546,2773,WNM,3/2
280,2790,SUP,3/2
154,2797,W/M,3/2
42,2806,SUP,3/2
21,2811,SUP,3/2
425,2812,SUP,3/2
440,2813,SUP,3/2
216,2823,SUP,3/2
175,2825,W/M,3/2
418,2827,SUP,3/2
29,2832,SUP,3/2
546,2840,WNM,3/2
558,2841,W/M,3/2
296,2845,SUP,3/2
316,2849,SUP,3/2
293,2850,SUP,3/2
216,2852,SUP,3/2
360,2857,SUP,3/2
546,2858,WNM,3/2
29,2860,SUP,3/2
558,2871,SUP,3/2
507,2880,WNM,3/2
161,2885,W/M,3/2
233,2888,SUP,3/2
415,2889,SUP,3/2
32,2890,SUP,3/2
376,2892,SUP,3/2
173,2897,W/M,3/2
163,2900,W/M,3/2
36,2928,SUP,3/2
285,2931,SUP,3/2
317,2933,SUP,3/2
442,2936,SUP,3/2
24,2941,SUP,3/2
233,2945,SUP,3/2
439,2958,SUP,3/2
215,2966,SUP,3/2
533,2984,WNM,3/2
439,2986,SUP,3/2
360,2994,SUP,3/2
151,3017,SUP,3/2
389,3018,SUP,3/2
490,3019,WNM,3/2
543,3042,WNM,3/2
9,3049,WNM,3/2
345,3055,SUP,3/2
554,3069,WNM,3/2
554,3071,WNM,3/2
490,3082,WNM,3/2
490,3083,WNM,3/2
157,3114,SUP,3/2
490,3126,WNM,3/2
490,3127,WNM,3/2
490,3128,WNM,3/2
470,3149,W/M,3/2
432,3150,SUP,3/2
534,3164,WNM,3/2
537,3168,WNM,3/2
490,3175,WNM,3/2
490,3176,WNM,3/2
378,3177,SUP,3/2
35,3191,SUP,3/2
35,3192,SUP,3/2
22,3205,SUP,3/2
222,3206,SUP,3/2
582,3208,SUP,3/2
178,3212,SUP,3/2
405,3220,SUP,3/2
35,3222,SUP,3/2
391,3227,SUP,3/2
324,3230,SUP,3/2
321,3231,SUP,3/2
403,3232,SUP,3/2
123,3234,SUP,3/2
178,3236,SUP,3/2
478,3239,SUP,3/2
442,3247,SUP,3/2
218,3251,SUP,3/2
228,3253,SUP,3/2
478,3258,SUP,3/2
383,3259,SUP,3/2
216,3262,SUP,3/2
228,3281,SUP,3/2
174,3291,W/M,3/2
209,3293,SUP,3/2
356,3295,SUP,3/2
161,3301,W/M,3/2
376,3313,SUP,3/2
526,3317,WNM,3/2
444,3324,SUP,3/2
200,3328,SUP,3/2
327,3331,SUP,3/2
497,3338,WNM,3/2
165,3339,SUP,3/2
225,3342,SUP,3/2
36,3367,SUP,3/2
26,3403,SUP,3/2
156,3409,SUP,3/2
165,3422,SUP,3/2
385,3423,SUP,3/2
228,3429,SUP,3/2
577,3443,W/M,3/2
401,3454,SUP,3/2
507,3457,WNM,3/2
534,3479,WNM,3/2
18,3485,SUP,3/2
218,3486,SUP,3/2
206,3487,SUP,3/2
435,3488,SUP,3/2
442,3499,SUP,3/2
233,3501,SUP,3/2
441,3505,SUP,3/2
507,3508,WNM,3/2
228,3514,SUP,3/2
218,3515,SUP,3/2
526,3517,WNM,3/2
425,3534,SUP,3/2
157,3535,SUP,3/2
167,3541,SUP,3/2
173,3543,W/M,3/2
173,3548,W/M,3/2
577,3562,W/M,3/2
168,3563,W/M,3/2
380,3566,SUP,3/2
403,3568,SUP,3/2
219,3580,SUP,3/2
216,3581,SUP,3/2
391,3582,SUP,3/2
426,3590,SUP,3/2
384,3596,SUP,3/2
498,3619,WNM,3/2
403,3620,SUP,3/2
23,3621,SUP,3/2
21,3627,SUP,3/2
497,3628,WNM,3/2
415,3630,SUP,3/2
234,3633,SUP,3/2
498,3635,WNM,3/2
223,3641,SUP,3/2
496,3646,WNM,3/2
534,3654,WNM,3/2
120,3660,SUP,3/2
496,3713,WNM,3/2
497,3724,WNM,3/2
394,3728,SUP,3/2
392,3729,SUP,3/2
385,3731,SUP,3/2
385,3732,SUP,3/2
227,3738,SUP,3/2
490,3740,WNM,3/2
542,3746,WNM,3/2
239,3747,SUP,3/2
223,3765,SUP,3/2
165,3774,SUP,3/2
281,3780,SUP,3/2
482,3781,SUP,3/2
202,3791,SUP,3/2
219,3792,SUP,3/2
391,3805,SUP,3/2
585,3824,SUP,3/2
178,3830,SUP,3/2
227,3838,SUP,3/2
222,3840,SUP,3/2
405,3847,SUP,3/2
246,3851,SUP,3/2
441,3857,SUP,3/2
379,3867,SUP,3/2
127,3868,SUP,3/2
18,3874,SUP,3/2
496,3899,WNM,3/2
176,3912,SUP,3/2
557,3988,WNM,3/2
541,4048,WNM,3/2
494,4053,WNM,3/2
582,4068,SUP,3/2
537,4128,WNM,3/2
497,4145,WNM,3/2
326,4168,SUP,3/2
477,4176,SUP,3/2
550,4178,WNM,3/2
24,4185,SUP,3/2
137,4187,SUP,3/2
490,4196,WNM,3/2
365,4203,SUP,3/2
401,4208,SUP,3/2
251,4235,SUP,3/2
352,4241,SUP,3/2
214,4255,SUP,3/2
414,4256,SUP,3/2
401,4272,SUP,3/2
316,4277,SUP,3/2
317,4278,SUP,3/2
380,4284,SUP,3/2
214,4285,SUP,3/2
379,4288,SUP,3/2
365,4325,SUP,3/2
391,4335,SUP,3/2
237,4348,SUP,3/2
392,4370,SUP,3/2
534,4376,WNM,3/2
333,4381,SUP,3/2
36,4384,SUP,3/2
507,4390,WNM,3/2
233,4404,SUP,3/2
22,4409,SUP,3/2
149,4435,SUP,3/2
24,4436,SUP,3/2
403,4438,SUP,3/2
41,4440,SUP,3/2
497,4445,WNM,3/2
497,4452,WNM,3/2
566,4469,WNM,3/2
20,4472,SUP,3/2
9,4473,WNM,3/2
149,4483,SUP,3/2
39,4487,SUP,3/2
490,4491,WNM,3/2
235,4501,SUP,3/2
41,4506,SUP,3/2
546,4519,WNM,3/2
41,4521,SUP,3/2
546,4525,WNM,3/2
546,4527,WNM,3/2
498,4528,WNM,3/2
203,4540,SUP,3/2
361,4553,SUP,3/2
25,4558,SUP,3/2
379,4567,SUP,3/2
542,4577,WNM,3/2
566,4591,WNM,3/2
42,4593,SUP,3/2
378,4599,SUP,3/2
362,4611,SUP,3/2
18,4616,SUP,3/2
356,4637,SUP,3/2
229,4643,SUP,3/2
227,4644,SUP,3/2
381,4653,SUP,3/2
492,4654,WNM,3/2
507,4655,WNM,3/2
206,4660,SUP,3/2
435,4677,SUP,3/2
405,4678,SUP,3/2
582,4689,SUP,3/2
557,4700,WNM,3/2
585,4734,SUP,3/2
490,4747,WNM,3/2
419,4849,SUP,3/2
170,5012,SUP,3/2
203,5048,SUP,3/2
378,5051,SUP,3/2
214,5066,SUP,3/2
349,5071,SUP,3/2
179,5076,SUP,3/2
214,5082,SUP,3/2
227,5088,SUP,3/2
507,5093,WNM,3/2
388,5099,SUP,3/2
396,5101,SUP,3/2
566,5107,WNM,3/2
557,5109,WNM,3/2
557,5110,WNM,3/2
391,5123,SUP,3/2
541,5125,WNM,3/2
438,5127,SUP,3/2
376,5137,SUP,3/2
498,5143,WNM,3/2
120,5151,SUP,3/2
278,5157,SUP,3/2
582,5167,SUP,3/2
120,5173,SUP,3/2
176,5178,W/M,3/2
546,5198,WNM,3/2
542,5204,WNM,3/2
411,5219,SUP,3/2
403,5233,SUP,3/2
403,5235,SUP,3/2
167,5239,SUP,3/2
120,5251,SUP,3/2
25,5252,SUP,3/2
544,5256,WNM,3/2
323,5260,SUP,3/2
119,5263,SUP,3/2
554,5267,WNM,3/2
582,5270,SUP,3/2
496,5279,WNM,3/2
215,5285,SUP,3/2
497,5291,WNM,3/2
316,5296,SUP,3/2
213,5309,SUP,3/2
541,5310,WNM,3/2
317,5319,SUP,3/2
376,5334,SUP,3/2
507,5336,WNM,3/2
510,5349,WNM,3/2
403,5350,SUP,3/2
234,5358,SUP,3/2
507,5364,WNM,3/2
379,5370,SUP,3/2
497,5371,WNM,3/2
494,5372,WNM,3/2
438,5373,SUP,3/2
497,5378,WNM,3/2
200,5386,SUP,3/2
28,5392,SUP,3/2
478,5396,SUP,3/2
202,5411,SUP,3/2
178,5414,SUP,3/2
97,5422,SUP,3/2
436,5432,SUP,3/2
325,5433,SUP,3/2
228,5445,SUP,3/2
235,5446,SUP,3/2
494,5452,WNM,3/2
444,5463,SUP,3/2
498,5467,WNM,3/2
234,5469,SUP,3/2
213,5471,SUP,3/2
35,5487,SUP,3/2
221,5499,SUP,3/2
380,5676,SUP,3/2
254,5728,SUP,3/2
305,5745,SUP,3/2
414,5748,SUP,3/2
403,5763,SUP,3/2
541,5773,WNM,3/2
162,5777,SUP,3/2
18,5786,SUP,3/2
537,5789,WNM,3/2
537,5790,WNM,3/2
538,5791,WNM,3/2
233,5795,SUP,3/2
533,5805,WNM,3/2
412,5806,SUP,3/2
554,5815,WNM,3/2
543,5832,WNM,3/2
468,5839,SUP,3/2
498,5908,WNM,3/2
558,5944,SUP,3/2
507,6170,WNM,3/2
496,6174,WNM,3/2
490,6178,WNM,3/2
123,6370,SUP,3/2
541,6583,WNM,3/2
541,6590,WNM,3/2
546,6732,WNM,3/2
492,6876,WNM,3/2
127,6932,SUP,3/2
492,6943,WNM,3/2
534,6953,WNM,3/2
492,6975,WNM,3/2
557,7043,WNM,3/2
496,7098,WNM,3/2
543,7099,WNM,3/2
557,7168,WNM,3/2
29,7181,SUP,3/2
24,7185,SUP,3/2
27,7194,SUP,3/2
383,7199,SUP,3/2
500,7209,WNM,3/2
302,7238,SUP,3/2
27,7245,SUP,3/2
353,7294,SUP,3/2
498,7304,WNM,3/2
537,7317,WNM,3/2
335,9,SUP,3/8
357,14,SUP,3/8
334,17,SUP,3/8
335,19,SUP,3/8
336,21,SUP,3/8
335,37,SUP,3/8
345,41,SUP,3/8
334,59,SUP,3/8
339,60,SUP,3/8
361,61,SUP,3/8
335,69,SUP,3/8
334,79,SUP,3/8
359,80,SUP,3/8
324,85,SUP,3/8
357,86,SUP,3/8
336,89,SUP,3/8
335,95,SUP,3/8
336,99,SUP,3/8
323,100,SUP,3/8
336,101,SUP,3/8
146,104,SUP,3/8
138,112,SUP,3/8
146,120,SUP,3/8
335,122,SUP,3/8
47,131,SUP,3/8
357,138,SUP,3/8
503,140,SUP,3/8
253,143,SUP,3/8
350,147,SUP,3/8
47,148,SUP,3/8
335,152,SUP,3/8
311,154,SUP,3/8
136,155,SUP,3/8
359,159,SUP,3/8
503,163,SUP,3/8
46,165,SUP,3/8
336,172,SUP,3/8
92,174,SUP,3/8
144,175,SUP,3/8
357,179,SUP,3/8
136,182,SUP,3/8
350,185,SUP,3/8
335,188,SUP,3/8
60,194,SUP,3/8
360,195,SUP,3/8
271,196,SUP,3/8
278,197,SUP,3/8
272,198,SUP,3/8
275,200,SUP,3/8
341,201,SUP,3/8
51,202,SUP,3/8
52,206,SUP,3/8
53,217,SUP,3/8
359,219,SUP,3/8
48,220,SUP,3/8
272,224,SUP,3/8
48,228,SUP,3/8
503,249,SUP,3/8
341,256,SUP,3/8
4,258,SUP,3/8
583,259,SUP,3/8
55,260,SUP,3/8
45,265,SUP,3/8
50,266,SUP,3/8
334,267,SUP,3/8
153,272,SUP,3/8
503,275,SUP,3/8
253,282,SUP,3/8
44,284,SUP,3/8
503,285,SUP,3/8
11,287,SUP,3/8
77,290,SUP,3/8
253,294,SUP,3/8
340,295,SUP,3/8
59,297,SUP,3/8
5,298,SUP,3/8
254,299,SUP,3/8
3,300,SUP,3/8
3,301,SUP,3/8
271,302,SUP,3/8
5,306,SUP,3/8
132,309,SUP,3/8
335,313,SUP,3/8
3,316,SUP,3/8
361,319,SUP,3/8
85,321,SUP,3/8
85,322,SUP,3/8
10,329,SUP,3/8
84,330,SUP,3/8
5,332,SUP,3/8
254,333,SUP,3/8
275,334,SUP,3/8
146,335,SUP,3/8
46,345,SUP,3/8
68,351,SUP,3/8
10,355,SUP,3/8
10,356,SUP,3/8
341,361,SUP,3/8
140,365,SUP,3/8
121,366,SUP,3/8
48,371,SUP,3/8
5,375,SUP,3/8
127,376,SUP,3/8
333,379,SUP,3/8
81,381,SUP,3/8
66,383,SUP,3/8
66,384,SUP,3/8
4,391,SUP,3/8
147,393,SUP,3/8
80,395,SUP,3/8
80,397,SUP,3/8
46,398,SUP,3/8
46,399,SUP,3/8
68,400,SUP,3/8
87,404,SUP,3/8
153,406,SUP,3/8
66,408,SUP,3/8
146,410,SUP,3/8
349,414,SUP,3/8
151,416,SUP,3/8
349,420,SUP,3/8
13,423,SUP,3/8
53,426,SUP,3/8
47,427,SUP,3/8
80,429,SUP,3/8
253,430,SUP,3/8
253,431,SUP,3/8
5,433,SUP,3/8
5,434,SUP,3/8
78,440,SUP,3/8
78,442,SUP,3/8
333,444,SUP,3/8
88,447,SUP,3/8
66,449,SUP,3/8
359,451,SUP,3/8
80,452,SUP,3/8
569,456,SUP,3/8
66,457,SUP,3/8
78,458,SUP,3/8
88,461,SUP,3/8
61,462,SUP,3/8
78,464,SUP,3/8
52,467,SUP,3/8
78,470,SUP,3/8
49,471,SUP,3/8
83,475,SUP,3/8
273,481,SUP,3/8
8,483,SUP,3/8
97,488,SUP,3/8
78,490,SUP,3/8
253,491,SUP,3/8
273,492,SUP,3/8
138,495,SUP,3/8
242,497,SUP,3/8
141,501,SUP,3/8
61,504,SUP,3/8
260,507,SUP,3/8
506,508,SUP,3/8
73,513,SUP,3/8
45,516,SUP,3/8
260,519,SUP,3/8
60,522,SUP,3/8
549,525,WNM,3/8
242,526,SUP,3/8
61,527,SUP,3/8
115,528,SUP,3/8
61,529,SUP,3/8
74,535,SUP,3/8
74,536,SUP,3/8
73,537,SUP,3/8
93,538,SUP,3/8
62,546,SUP,3/8
114,547,SUP,3/8
93,551,SUP,3/8
418,559,SUP,3/8
2,562,SUP,3/8
94,563,SUP,3/8
55,565,SUP,3/8
260,571,SUP,3/8
46,572,SUP,3/8
361,573,SUP,3/8
345,576,SUP,3/8
123,578,SUP,3/8
94,579,SUP,3/8
116,580,SUP,3/8
94,582,SUP,3/8
256,589,SUP,3/8
48,590,SUP,3/8
22,594,SUP,3/8
569,595,SUP,3/8
429,598,SUP,3/8
124,599,SUP,3/8
74,601,SUP,3/8
68,602,SUP,3/8
278,603,SUP,3/8
7,604,SUP,3/8
29,606,W/M,3/8
73,608,SUP,3/8
275,609,SUP,3/8
76,610,SUP,3/8
273,612,SUP,3/8
94,613,SUP,3/8
26,615,SUP,3/8
26,618,SUP,3/8
119,619,SUP,3/8
118,623,SUP,3/8
38,634,SUP,3/8
39,644,SUP,3/8
433,645,SUP,3/8
339,648,SUP,3/8
92,649,SUP,3/8
66,651,SUP,3/8
253,653,SUP,3/8
253,655,SUP,3/8
152,657,SUP,3/8
153,659,SUP,3/8
137,660,SUP,3/8
137,661,SUP,3/8
137,662,SUP,3/8
119,663,SUP,3/8
257,665,SUP,3/8
115,666,SUP,3/8
152,668,SUP,3/8
120,669,SUP,3/8
2,670,SUP,3/8
122,672,SUP,3/8
149,673,SUP,3/8
152,674,SUP,3/8
123,680,SUP,3/8
3,681,SUP,3/8
147,683,SUP,3/8
123,685,SUP,3/8
153,688,SUP,3/8
257,689,SUP,3/8
254,694,SUP,3/8
93,697,SUP,3/8
119,698,SUP,3/8
136,699,SUP,3/8
8,700,SUP,3/8
254,701,SUP,3/8
259,702,SUP,3/8
67,703,SUP,3/8
89,705,SUP,3/8
114,706,SUP,3/8
140,708,SUP,3/8
256,709,SUP,3/8
153,710,SUP,3/8
257,711,SUP,3/8
114,718,SUP,3/8
257,719,SUP,3/8
260,720,SUP,3/8
118,721,SUP,3/8
7,723,SUP,3/8
114,725,SUP,3/8
10,726,SUP,3/8
29,728,SUP,3/8
256,729,SUP,3/8
10,730,SUP,3/8
10,733,SUP,3/8
151,737,SUP,3/8
7,740,SUP,3/8
59,744,SUP,3/8
76,746,SUP,3/8
414,749,SUP,3/8
63,752,SUP,3/8
70,755,SUP,3/8
120,756,SUP,3/8
2,762,SUP,3/8
11,764,SUP,3/8
87,765,SUP,3/8
101,767,SUP,3/8
65,768,SUP,3/8
115,769,SUP,3/8
92,771,SUP,3/8
64,772,SUP,3/8
433,774,SUP,3/8
279,775,SUP,3/8
432,776,SUP,3/8
66,777,SUP,3/8
118,778,SUP,3/8
114,779,SUP,3/8
81,781,SUP,3/8
264,786,SUP,3/8
583,789,SUP,3/8
70,793,SUP,3/8
409,794,SUP,3/8
279,796,SUP,3/8
89,800,SUP,3/8
340,805,SUP,3/8
387,806,SUP,3/8
50,807,SUP,3/8
61,808,SUP,3/8
10,809,SUP,3/8
426,810,SUP,3/8
81,813,SUP,3/8
107,814,SUP,3/8
336,815,SUP,3/8
141,816,SUP,3/8
90,817,SUP,3/8
15,818,SUP,3/8
105,819,SUP,3/8
70,822,SUP,3/8
257,825,SUP,3/8
144,848,SUP,3/8
59,849,SUP,3/8
385,850,SUP,3/8
262,852,SUP,3/8
1,853,SUP,3/8
94,857,SUP,3/8
116,859,SUP,3/8
94,860,SUP,3/8
71,861,SUP,3/8
87,865,SUP,3/8
1,866,SUP,3/8
429,867,SUP,3/8
580,870,SUP,3/8
62,872,SUP,3/8
140,875,SUP,3/8
309,877,SUP,3/8
50,880,SUP,3/8
249,884,SUP,3/8
426,886,SUP,3/8
141,887,SUP,3/8
91,890,SUP,3/8
279,891,SUP,3/8
414,892,SUP,3/8
49,896,SUP,3/8
27,899,SUP,3/8
77,901,SUP,3/8
140,903,SUP,3/8
1,904,SUP,3/8
90,908,SUP,3/8
125,909,SUP,3/8
442,910,SUP,3/8
62,915,SUP,3/8
141,916,SUP,3/8
46,918,SUP,3/8
15,919,SUP,3/8
114,925,W/M,3/8
98,928,SUP,3/8
107,929,SUP,3/8
92,931,SUP,3/8
1,934,SUP,3/8
26,937,SUP,3/8
8,938,SUP,3/8
76,939,SUP,3/8
479,940,SUP,3/8
116,941,SUP,3/8
89,942,SUP,3/8
91,943,SUP,3/8
15,944,SUP,3/8
71,945,SUP,3/8
350,947,SUP,3/8
304,948,SUP,3/8
145,950,SUP,3/8
91,955,SUP,3/8
89,959,SUP,3/8
93,960,SUP,3/8
129,961,SUP,3/8
48,963,SUP,3/8
505,964,SUP,3/8
104,967,SUP,3/8
116,968,SUP,3/8
143,969,SUP,3/8
143,970,SUP,3/8
479,972,SUP,3/8
92,973,SUP,3/8
92,974,SUP,3/8
138,981,SUP,3/8
425,982,SUP,3/8
388,986,W/M,3/8
105,987,SUP,3/8
104,988,SUP,3/8
14,990,SUP,3/8
1,991,SUP,3/8
104,994,SUP,3/8
86,999,SUP,3/8
569,1000,SUP,3/8
262,1003,SUP,3/8
115,1004,SUP,3/8
333,1009,SUP,3/8
309,1010,SUP,3/8
444,1012,SUP,3/8
505,1015,SUP,3/8
339,1021,SUP,3/8
45,1022,SUP,3/8
311,1023,SUP,3/8
141,1025,SUP,3/8
306,1027,SUP,3/8
278,1028,SUP,3/8
104,1029,SUP,3/8
38,1030,SUP,3/8
15,1032,SUP,3/8
305,1034,SUP,3/8
304,1039,SUP,3/8
65,1040,SUP,3/8
569,1041,SUP,3/8
85,1042,SUP,3/8
45,1044,SUP,3/8
22,1047,SUP,3/8
257,1048,SUP,3/8
242,1053,SUP,3/8
583,1055,SUP,3/8
304,1060,SUP,3/8
63,1062,SUP,3/8
304,1064,SUP,3/8
143,1066,SUP,3/8
92,1068,SUP,3/8
18,1070,SUP,3/8
341,1071,SUP,3/8
149,1075,SUP,3/8
32,1076,SUP,3/8
97,1077,SUP,3/8
94,1079,SUP,3/8
124,1080,SUP,3/8
93,1081,SUP,3/8
98,1082,SUP,3/8
101,1083,SUP,3/8
104,1085,SUP,3/8
90,1086,SUP,3/8
107,1087,SUP,3/8
143,1088,SUP,3/8
246,1093,SUP,3/8
361,1094,SUP,3/8
304,1096,SUP,3/8
309,1097,SUP,3/8
409,1099,SUP,3/8
8,1101,SUP,3/8
59,1103,SUP,3/8
104,1104,SUP,3/8
258,1113,SUP,3/8
51,1117,SUP,3/8
55,1118,SUP,3/8
21,1121,SUP,3/8
137,1124,SUP,3/8
278,1125,SUP,3/8
506,1126,SUP,3/8
82,1129,SUP,3/8
7,1134,SUP,3/8
60,1137,SUP,3/8
259,1140,SUP,3/8
349,1148,SUP,3/8
367,1149,SUP,3/8
85,1150,SUP,3/8
506,1154,SUP,3/8
310,1155,SUP,3/8
306,1156,SUP,3/8
2,1158,SUP,3/8
123,1159,W/M,3/8
339,1161,SUP,3/8
256,1165,SUP,3/8
256,1170,SUP,3/8
115,1171,SUP,3/8
98,1172,SUP,3/8
98,1173,SUP,3/8
340,1177,SUP,3/8
50,1178,SUP,3/8
294,1179,SUP,3/8
94,1182,SUP,3/8
83,1185,SUP,3/8
60,1186,SUP,3/8
339,1188,SUP,3/8
296,1191,SUP,3/8
122,1194,SUP,3/8
143,1195,SUP,3/8
301,1197,SUP,3/8
506,1198,SUP,3/8
388,1199,SUP,3/8
3,1201,SUP,3/8
116,1203,SUP,3/8
101,1205,SUP,3/8
15,1207,SUP,3/8
305,1209,SUP,3/8
260,1210,SUP,3/8
270,1211,SUP,3/8
1,1212,SUP,3/8
104,1213,SUP,3/8
53,1216,SUP,3/8
294,1217,SUP,3/8
366,1218,SUP,3/8
101,1219,SUP,3/8
90,1220,SUP,3/8
14,1222,SUP,3/8
97,1223,SUP,3/8
14,1224,SUP,3/8
101,1225,SUP,3/8
269,1228,SUP,3/8
13,1229,SUP,3/8
364,1230,SUP,3/8
81,1232,SUP,3/8
258,1233,SUP,3/8
86,1235,SUP,3/8
302,1236,SUP,3/8
299,1237,SUP,3/8
310,1238,SUP,3/8
217,1239,SUP,3/8
367,1240,SUP,3/8
294,1242,SUP,3/8
312,1243,SUP,3/8
114,1245,SUP,3/8
258,1247,SUP,3/8
74,1249,SUP,3/8
82,1253,SUP,3/8
76,1254,SUP,3/8
266,1256,SUP,3/8
310,1261,SUP,3/8
340,1265,SUP,3/8
441,1267,SUP,3/8
300,1268,SUP,3/8
39,1270,SUP,3/8
138,1271,SUP,3/8
59,1279,SUP,3/8
93,1283,SUP,3/8
16,1284,SUP,3/8
296,1287,SUP,3/8
304,1290,SUP,3/8
312,1292,SUP,3/8
569,1296,SUP,3/8
302,1298,SUP,3/8
302,1300,SUP,3/8
312,1301,SUP,3/8
311,1302,SUP,3/8
81,1303,SUP,3/8
262,1307,SUP,3/8
310,1312,SUP,3/8
77,1313,SUP,3/8
294,1317,SUP,3/8
122,1318,SUP,3/8
122,1320,SUP,3/8
366,1324,SUP,3/8
429,1326,SUP,3/8
426,1332,SUP,3/8
304,1337,SUP,3/8
16,1338,SUP,3/8
315,1344,SUP,3/8
314,1345,SUP,3/8
87,1347,SUP,3/8
300,1348,SUP,3/8
109,1349,SUP,3/8
315,1350,SUP,3/8
128,1353,SUP,3/8
301,1354,SUP,3/8
302,1355,SUP,3/8
15,1362,SUP,3/8
365,1364,SUP,3/8
436,1365,W/M,3/8
299,1372,SUP,3/8
97,1375,SUP,3/8
270,1377,SUP,3/8
301,1379,SUP,3/8
305,1385,SUP,3/8
108,1387,SUP,3/8
248,1388,SUP,3/8
111,1390,SUP,3/8
94,1391,SUP,3/8
300,1392,SUP,3/8
272,1395,SUP,3/8
265,1401,SUP,3/8
269,1404,SUP,3/8
61,1405,SUP,3/8
286,1406,SUP,3/8
97,1408,SUP,3/8
65,1409,SUP,3/8
366,1411,SUP,3/8
270,1413,SUP,3/8
364,1417,SUP,3/8
341,1418,SUP,3/8
264,1420,SUP,3/8
278,1421,SUP,3/8
204,1422,SUP,3/8
290,1424,SUP,3/8
248,1425,SUP,3/8
259,1426,SUP,3/8
218,1427,SUP,3/8
204,1428,SUP,3/8
213,1445,SUP,3/8
436,1446,SUP,3/8
419,1447,SUP,3/8
309,1452,W/M,3/8
275,1454,SUP,3/8
44,1455,SUP,3/8
429,1460,SUP,3/8
305,1464,SUP,3/8
314,1465,SUP,3/8
120,1469,SUP,3/8
421,1470,SUP,3/8
423,1472,SUP,3/8
421,1473,SUP,3/8
365,1474,SUP,3/8
13,1481,SUP,3/8
314,1486,SUP,3/8
238,1487,SUP,3/8
269,1489,W/M,3/8
263,1490,SUP,3/8
78,1494,SUP,3/8
266,1497,SUP,3/8
298,1498,SUP,3/8
430,1500,SUP,3/8
258,1505,SUP,3/8
409,1507,SUP,3/8
225,1510,SUP,3/8
553,1511,SUP,3/8
371,1512,SUP,3/8
111,1513,SUP,3/8
340,1514,SUP,3/8
108,1517,SUP,3/8
430,1520,SUP,3/8
320,1522,SUP,3/8
287,1523,SUP,3/8
290,1524,SUP,3/8
287,1525,SUP,3/8
301,1527,SUP,3/8
270,1531,SUP,3/8
369,1532,SUP,3/8
369,1533,SUP,3/8
427,1534,SUP,3/8
430,1535,SUP,3/8
111,1536,SUP,3/8
430,1538,SUP,3/8
213,1539,SUP,3/8
107,1541,SUP,3/8
320,1544,SUP,3/8
368,1549,SUP,3/8
308,1552,SUP,3/8
264,1553,SUP,3/8
452,1554,SUP,3/8
463,1555,SUP,3/8
266,1556,SUP,3/8
298,1558,SUP,3/8
448,1563,SUP,3/8
218,1564,SUP,3/8
427,1567,SUP,3/8
447,1574,SUP,3/8
457,1575,SUP,3/8
424,1577,SUP,3/8
296,1579,SUP,3/8
427,1581,SUP,3/8
449,1583,W/M,3/8
429,1585,SUP,3/8
445,1588,SUP,3/8
108,1589,SUP,3/8
553,1590,SUP,3/8
234,1591,SUP,3/8
370,1598,SUP,3/8
447,1600,SUP,3/8
275,1602,SUP,3/8
14,1605,SUP,3/8
119,1606,SUP,3/8
457,1608,SUP,3/8
192,1610,W/M,3/8
205,1611,SUP,3/8
366,1612,SUP,3/8
308,1613,SUP,3/8
297,1614,SUP,3/8
238,1618,SUP,3/8
192,1619,SUP,3/8
427,1627,SUP,3/8
213,1628,SUP,3/8
288,1631,SUP,3/8
412,1632,SUP,3/8
424,1633,SUP,3/8
427,1636,SUP,3/8
432,1637,SUP,3/8
237,1640,SUP,3/8
581,1645,SUP,3/8
372,1646,SUP,3/8
392,1648,SUP,3/8
453,1651,SUP,3/8
312,1652,SUP,3/8
425,1657,SUP,3/8
448,1660,SUP,3/8
302,1661,SUP,3/8
304,1662,SUP,3/8
294,1663,SUP,3/8
299,1664,SUP,3/8
306,1666,SUP,3/8
269,1668,SUP,3/8
168,1670,W/M,3/8
433,1671,SUP,3/8
192,1673,SUP,3/8
189,1677,SUP,3/8
442,1678,SUP,3/8
268,1681,SUP,3/8
288,1682,SUP,3/8
289,1687,SUP,3/8
289,1688,SUP,3/8
275,1690,SUP,3/8
445,1692,SUP,3/8
124,1694,SUP,3/8
459,1700,SUP,3/8
92,1702,SUP,3/8
453,1704,SUP,3/8
191,1705,SUP,3/8
2,1711,SUP,3/8
111,1712,SUP,3/8
320,1714,SUP,3/8
508,1716,W/M,3/8
508,1717,W/M,3/8
413,1723,SUP,3/8
315,1726,SUP,3/8
192,1731,SUP,3/8
246,1734,SUP,3/8
269,1735,SUP,3/8
284,1736,SUP,3/8
268,1737,SUP,3/8
263,1740,SUP,3/8
284,1741,SUP,3/8
192,1744,SUP,3/8
239,1745,SUP,3/8
371,1746,SUP,3/8
461,1747,SUP,3/8
204,1752,SUP,3/8
453,1755,W/M,3/8
419,1757,SUP,3/8
455,1760,SUP,3/8
341,1761,SUP,3/8
311,1763,SUP,3/8
288,1773,SUP,3/8
310,1774,SUP,3/8
265,1779,W/M,3/8
315,1780,SUP,3/8
190,1781,SUP,3/8
184,1785,W/M,3/8
452,1789,SUP,3/8
197,1790,SUP,3/8
231,1792,SUP,3/8
583,1800,SUP,3/8
44,1801,SUP,3/8
87,1803,SUP,3/8
463,1805,SUP,3/8
189,1806,SUP,3/8
165,1807,SUP,3/8
164,1810,SUP,3/8
288,1811,SUP,3/8
215,1812,SUP,3/8
192,1813,SUP,3/8
264,1814,SUP,3/8
449,1815,SUP,3/8
297,1816,W/M,3/8
286,1825,SUP,3/8
581,1826,SUP,3/8
191,1830,SUP,3/8
191,1831,SUP,3/8
463,1832,SUP,3/8
291,1833,SUP,3/8
190,1835,SUP,3/8
202,1836,SUP,3/8
59,1837,SUP,3/8
511,1840,SUP,3/8
298,1842,SUP,3/8
109,1845,SUP,3/8
93,1847,SUP,3/8
264,1848,SUP,3/8
308,1849,SUP,3/8
109,1851,SUP,3/8
291,1852,SUP,3/8
461,1853,SUP,3/8
423,1855,SUP,3/8
463,1859,SUP,3/8
284,1860,SUP,3/8
422,1861,SUP,3/8
422,1864,SUP,3/8
293,1867,W/M,3/8
475,1870,SUP,3/8
187,1871,SUP,3/8
118,1874,SUP,3/8
476,1876,W/M,3/8
581,1877,W/M,3/8
400,1878,SUP,3/8
445,1879,SUP,3/8
454,1881,SUP,3/8
581,1882,SUP,3/8
208,1883,SUP,3/8
401,1888,SUP,3/8
162,1891,SUP,3/8
268,1892,SUP,3/8
268,1897,SUP,3/8
264,1898,SUP,3/8
461,1899,SUP,3/8
400,1900,SUP,3/8
400,1902,SUP,3/8
455,1903,SUP,3/8
292,1904,SUP,3/8
184,1907,SUP,3/8
195,1909,SUP,3/8
461,1912,SUP,3/8
207,1913,SUP,3/8
445,1914,SUP,3/8
463,1915,SUP,3/8
108,1916,SUP,3/8
156,1918,W/M,3/8
462,1922,W/M,3/8
200,1923,SUP,3/8
191,1926,SUP,3/8
205,1928,SUP,3/8
419,1929,SUP,3/8
314,1934,SUP,3/8
268,1938,SUP,3/8
188,1940,SUP,3/8
462,1941,SUP,3/8
200,1942,SUP,3/8
433,1943,SUP,3/8
227,1948,SUP,3/8
194,1949,SUP,3/8
422,1952,SUP,3/8
263,1955,SUP,3/8
382,1956,SUP,3/8
105,1957,SUP,3/8
80,1958,SUP,3/8
164,1959,SUP,3/8
112,1960,SUP,3/8
225,1961,SUP,3/8
194,1966,SUP,3/8
281,1968,SUP,3/8
290,1969,SUP,3/8
425,1971,SUP,3/8
511,1972,W/M,3/8
194,1973,SUP,3/8
190,1976,SUP,3/8
178,1977,SUP,3/8
247,1978,SUP,3/8
453,1979,W/M,3/8
450,1983,SUP,3/8
508,1985,SUP,3/8
205,1987,SUP,3/8
455,1988,SUP,3/8
447,1989,SUP,3/8
195,1993,SUP,3/8
187,1994,SUP,3/8
400,1995,SUP,3/8
188,1997,SUP,3/8
267,1998,SUP,3/8
424,1999,SUP,3/8
449,2001,SUP,3/8
451,2002,SUP,3/8
306,2005,SUP,3/8
475,2006,SUP,3/8
473,2007,SUP,3/8
281,2009,W/M,3/8
201,2010,SUP,3/8
292,2015,SUP,3/8
511,2025,SUP,3/8
461,2028,SUP,3/8
450,2030,SUP,3/8
511,2031,W/M,3/8
427,2033,SUP,3/8
239,2035,SUP,3/8
472,2037,SUP,3/8
292,2038,SUP,3/8
450,2039,W/M,3/8
170,2040,SUP,3/8
284,2041,W/M,3/8
457,2044,W/M,3/8
453,2048,SUP,3/8
405,2051,SUP,3/8
453,2052,W/M,3/8
188,2056,SUP,3/8
297,2058,SUP,3/8
208,2063,SUP,3/8
122,2065,SUP,3/8
64,2066,SUP,3/8
469,2070,SUP,3/8
469,2071,SUP,3/8
469,2074,SUP,3/8
478,2075,SUP,3/8
460,2077,SUP,3/8
216,2078,SUP,3/8
196,2079,SUP,3/8
202,2080,SUP,3/8
111,2081,SUP,3/8
464,2082,SUP,3/8
320,2083,SUP,3/8
56,2086,SUP,3/8
422,2087,SUP,3/8
195,2088,SUP,3/8
311,2089,SUP,3/8
174,2090,W/M,3/8
110,2091,SUP,3/8
189,2093,SUP,3/8
460,2094,SUP,3/8
188,2097,SUP,3/8
447,2099,W/M,3/8
475,2101,SUP,3/8
159,2103,SUP,3/8
164,2104,SUP,3/8
53,2105,SUP,3/8
392,2106,SUP,3/8
195,2107,SUP,3/8
13,2111,SUP,3/8
372,2112,SUP,3/8
7,2114,SUP,3/8
187,2116,SUP,3/8
450,2117,SUP,3/8
451,2119,SUP,3/8
472,2121,SUP,3/8
47,2123,SUP,3/8
470,2126,W/M,3/8
440,2127,SUP,3/8
231,2129,SUP,3/8
82,2133,SUP,3/8
306,2134,SUP,3/8
291,2136,SUP,3/8
296,2137,SUP,3/8
181,2138,W/M,3/8
157,2139,W/M,3/8
189,2146,SUP,3/8
458,2150,W/M,3/8
188,2152,SUP,3/8
171,2156,W/M,3/8
194,2159,SUP,3/8
290,2160,SUP,3/8
511,2161,W/M,3/8
191,2166,SUP,3/8
333,2175,SUP,3/8
107,2176,SUP,3/8
459,2177,W/M,3/8
157,2180,W/M,3/8
463,2181,SUP,3/8
473,2187,SUP,3/8
469,2188,SUP,3/8
392,2189,SUP,3/8
207,2191,SUP,3/8
283,2194,W/M,3/8
178,2195,SUP,3/8
472,2196,SUP,3/8
208,2197,SUP,3/8
423,2198,SUP,3/8
505,2201,SUP,3/8
267,2204,SUP,3/8
466,2206,W/M,3/8
195,2210,SUP,3/8
208,2211,SUP,3/8
340,2213,SUP,3/8
265,2215,SUP,3/8
466,2218,SUP,3/8
333,2221,SUP,3/8
161,2225,SUP,3/8
481,2226,WNM,3/8
159,2227,W/M,3/8
279,2231,SUP,3/8
189,2234,SUP,3/8
118,2237,SUP,3/8
200,2238,SUP,3/8
86,2239,SUP,3/8
475,2241,SUP,3/8
464,2242,SUP,3/8
478,2243,SUP,3/8
316,2244,SUP,3/8
460,2245,SUP,3/8
299,2247,SUP,3/8
467,2249,SUP,3/8
225,2250,SUP,3/8
484,2251,SUP,3/8
458,2253,SUP,3/8
67,2257,SUP,3/8
190,2262,SUP,3/8
473,2269,SUP,3/8
205,2273,SUP,3/8
424,2274,SUP,3/8
239,2275,SUP,3/8
449,2277,SUP,3/8
451,2280,W/M,3/8
162,2282,SUP,3/8
161,2283,SUP,3/8
189,2285,SUP,3/8
171,2286,W/M,3/8
229,2287,SUP,3/8
462,2288,W/M,3/8
484,2292,SUP,3/8
585,2293,SUP,3/8
287,2295,SUP,3/8
227,2300,SUP,3/8
11,2306,SUP,3/8
470,2308,W/M,3/8
123,2310,SUP,3/8
312,2312,SUP,3/8
470,2314,W/M,3/8
472,2317,W/M,3/8
231,2318,SUP,3/8
472,2319,W/M,3/8
215,2323,SUP,3/8
472,2325,SUP,3/8
181,2332,W/M,3/8
445,2333,W/M,3/8
233,2334,SUP,3/8
196,2338,SUP,3/8
424,2352,SUP,3/8
205,2354,SUP,3/8
195,2355,SUP,3/8
283,2357,SUP,3/8
209,2359,SUP,3/8
215,2361,W/M,3/8
209,2362,SUP,3/8
174,2368,SUP,3/8
181,2369,SUP,3/8
188,2370,SUP,3/8
161,2373,W/M,3/8
514,2385,SUP,3/8
114,2387,SUP,3/8
548,2391,WNM,3/8
102,2392,WNM,3/8
488,2396,WNM,3/8
58,2397,WNM,3/8
484,2401,W/M,3/8
514,2403,SUP,3/8
87,2404,SUP,3/8
194,2405,SUP,3/8
488,2406,WNM,3/8
500,2414,WNM,3/8
455,2418,W/M,3/8
477,2422,W/M,3/8
495,2425,WNM,3/8
433,2432,SUP,3/8
561,2433,WNM,3/8
196,2434,SUP,3/8
286,2437,SUP,3/8
291,2438,SUP,3/8
60,2439,SUP,3/8
430,2443,SUP,3/8
189,2444,SUP,3/8
170,2445,SUP,3/8
170,2446,SUP,3/8
423,2448,SUP,3/8
471,2450,W/M,3/8
455,2457,SUP,3/8
451,2458,SUP,3/8
115,2459,SUP,3/8
53,2463,SUP,3/8
454,2464,SUP,3/8
552,2468,WNM,3/8
467,2469,SUP,3/8
308,2472,SUP,3/8
470,2473,W/M,3/8
475,2476,SUP,3/8
468,2477,SUP,3/8
459,2479,SUP,3/8
371,2482,SUP,3/8
118,2484,SUP,3/8
515,2487,WNM,3/8
566,2488,WNM,3/8
246,2491,SUP,3/8
200,2493,SUP,3/8
460,2494,SUP,3/8
124,2496,SUP,3/8
96,2499,WNM,3/8
231,2502,SUP,3/8
188,2504,SUP,3/8
62,2505,SUP,3/8
399,2508,SUP,3/8
18,2513,SUP,3/8
371,2515,SUP,3/8
514,2516,SUP,3/8
466,2517,SUP,3/8
291,2520,SUP,3/8
464,2523,W/M,3/8
460,2527,W/M,3/8
181,2530,W/M,3/8
164,2531,W/M,3/8
14,2533,SUP,3/8
7,2534,SUP,3/8
457,2537,SUP,3/8
208,2541,SUP,3/8
464,2546,W/M,3/8
164,2547,SUP,3/8
474,2549,SUP,3/8
476,2550,SUP,3/8
280,2551,W/M,3/8
476,2552,SUP,3/8
453,2553,W/M,3/8
368,2554,SUP,3/8
284,2555,W/M,3/8
447,2556,W/M,3/8
447,2557,SUP,3/8
206,2559,SUP,3/8
315,2565,SUP,3/8
200,2567,SUP,3/8
446,2568,W/M,3/8
514,2571,W/M,3/8
316,2576,SUP,3/8
191,2581,SUP,3/8
174,2582,W/M,3/8
172,2583,W/M,3/8
195,2586,SUP,3/8
235,2588,SUP,3/8
550,2590,WNM,3/8
109,2591,SUP,3/8
471,2594,W/M,3/8
471,2595,SUP,3/8
471,2596,SUP,3/8
86,2599,SUP,3/8
339,2600,SUP,3/8
227,2603,W/M,3/8
339,2616,SUP,3/8
204,2619,SUP,3/8
446,2621,W/M,3/8
197,2631,SUP,3/8
510,2632,WNM,3/8
259,2638,SUP,3/8
423,2642,SUP,3/8
422,2643,SUP,3/8
204,2644,SUP,3/8
511,2648,W/M,3/8
50,2649,SUP,3/8
166,2650,SUP,3/8
183,2659,W/M,3/8
55,2667,SUP,3/8
435,2668,SUP,3/8
373,2671,SUP,3/8
154,2683,W/M,3/8
534,2686,WNM,3/8
45,2688,SUP,3/8
512,2689,WNM,3/8
205,2693,SUP,3/8
340,2694,SUP,3/8
89,2695,SUP,3/8
314,2705,SUP,3/8
460,2708,SUP,3/8
3,2713,SUP,3/8
140,2720,SUP,3/8
469,2722,SUP,3/8
2,2723,SUP,3/8
63,2724,SUP,3/8
275,2728,SUP,3/8
301,2730,SUP,3/8
554,2731,WNM,3/8
454,2735,SUP,3/8
14,2739,SUP,3/8
112,2740,SUP,3/8
1,2748,SUP,3/8
140,2755,SUP,3/8
151,2757,SUP,3/8
311,2761,SUP,3/8
312,2762,SUP,3/8
569,2763,SUP,3/8
569,2765,SUP,3/8
370,2766,SUP,3/8
372,2767,SUP,3/8
372,2768,SUP,3/8
87,2769,SUP,3/8
300,2772,SUP,3/8
368,2777,SUP,3/8
399,2780,SUP,3/8
399,2781,SUP,3/8
260,2783,SUP,3/8
192,2785,SUP,3/8
108,2789,SUP,3/8
285,2791,SUP,3/8
308,2793,SUP,3/8
287,2795,SUP,3/8
111,2796,SUP,3/8
508,2799,W/M,3/8
315,2807,SUP,3/8
290,2808,SUP,3/8
320,2809,SUP,3/8
267,2816,W/M,3/8
238,2817,SUP,3/8
290,2821,SUP,3/8
515,2826,WNM,3/8
400,2831,SUP,3/8
50,2834,SUP,3/8
528,2835,WNM,3/8
299,2836,SUP,3/8
538,2839,WNM,3/8
89,2843,SUP,3/8
188,2844,SUP,3/8
433,2847,SUP,3/8
162,2854,SUP,3/8
361,2856,SUP,3/8
194,2859,SUP,3/8
399,2861,SUP,3/8
506,2864,SUP,3/8
203,2866,W/M,3/8
203,2867,W/M,3/8
203,2869,SUP,3/8
496,2870,WNM,3/8
90,2881,SUP,3/8
422,2882,SUP,3/8
56,2883,SUP,3/8
484,2886,SUP,3/8
73,2891,SUP,3/8
162,2898,W/M,3/8
163,2899,W/M,3/8
154,2901,W/M,3/8
159,2902,W/M,3/8
164,2905,W/M,3/8
171,2906,W/M,3/8
103,2907,WNM,3/8
208,2910,SUP,3/8
191,2911,SUP,3/8
197,2912,SUP,3/8
171,2915,W/M,3/8
172,2916,W/M,3/8
171,2917,W/M,3/8
101,2920,SUP,3/8
366,2922,SUP,3/8
453,2925,SUP,3/8
56,2926,SUP,3/8
476,2927,SUP,3/8
310,2929,SUP,3/8
103,2930,WNM,3/8
122,2932,SUP,3/8
419,2937,SUP,3/8
140,2939,SUP,3/8
549,2944,WNM,3/8
109,2946,SUP,3/8
484,2948,SUP,3/8
448,2950,SUP,3/8
448,2951,SUP,3/8
460,2952,W/M,3/8
173,2954,W/M,3/8
262,2956,SUP,3/8
206,2959,SUP,3/8
108,2962,SUP,3/8
108,2963,SUP,3/8
156,2964,SUP,3/8
225,2967,SUP,3/8
51,2973,SUP,3/8
561,2974,WNM,3/8
561,2975,WNM,3/8
561,2976,WNM,3/8
58,2977,WNM,3/8
44,2978,SUP,3/8
58,2979,WNM,3/8
479,2980,SUP,3/8
58,2981,WNM,3/8
449,2985,SUP,3/8
109,2987,SUP,3/8
511,2989,W/M,3/8
82,2991,SUP,3/8
190,2992,SUP,3/8
62,2993,SUP,3/8
504,2995,WNM,3/8
53,2996,SUP,3/8
515,2998,WNM,3/8
268,3004,SUP,3/8
23,3008,SUP,3/8
488,3011,WNM,3/8
548,3013,WNM,3/8
49,3014,SUP,3/8
561,3015,WNM,3/8
512,3022,WNM,3/8
512,3023,WNM,3/8
515,3026,WNM,3/8
283,3035,SUP,3/8
58,3043,WNM,3/8
50,3044,SUP,3/8
512,3046,WNM,3/8
512,3047,WNM,3/8
550,3050,WNM,3/8
506,3056,SUP,3/8
506,3057,SUP,3/8
86,3058,SUP,3/8
140,3059,SUP,3/8
340,3061,SUP,3/8
538,3062,WNM,3/8
102,3066,WNM,3/8
20,3067,SUP,3/8
554,3070,WNM,3/8
15,3075,SUP,3/8
454,3081,SUP,3/8
551,3084,WNM,3/8
424,3088,SUP,3/8
552,3090,WNM,3/8
399,3093,SUP,3/8
557,3094,WNM,3/8
550,3098,WNM,3/8
551,3099,WNM,3/8
551,3101,WNM,3/8
424,3102,SUP,3/8
488,3104,WNM,3/8
86,3106,SUP,3/8
506,3107,SUP,3/8
495,3110,WNM,3/8
538,3111,WNM,3/8
77,3112,SUP,3/8
20,3118,SUP,3/8
15,3119,SUP,3/8
512,3123,WNM,3/8
515,3132,WNM,3/8
58,3135,WNM,3/8
505,3136,SUP,3/8
149,3137,SUP,3/8
481,3138,WNM,3/8
481,3139,WNM,3/8
481,3140,WNM,3/8
481,3141,WNM,3/8
9,3143,WNM,3/8
550,3144,WNM,3/8
550,3145,WNM,3/8
550,3146,WNM,3/8
481,3147,WNM,3/8
432,3151,SUP,3/8
491,3152,WNM,3/8
491,3153,WNM,3/8
491,3154,WNM,3/8
502,3156,WNM,3/8
502,3157,WNM,3/8
577,3159,SUP,3/8
548,3161,WNM,3/8
96,3162,WNM,3/8
83,3169,SUP,3/8
83,3170,SUP,3/8
491,3172,WNM,3/8
491,3173,WNM,3/8
550,3178,WNM,3/8
481,3179,WNM,3/8
446,3180,SUP,3/8
296,3182,SUP,3/8
103,3183,WNM,3/8
544,3184,WNM,3/8
566,3185,WNM,3/8
112,3197,SUP,3/8
561,3198,WNM,3/8
504,3199,WNM,3/8
561,3204,WNM,3/8
94,3207,SUP,3/8
424,3209,SUP,3/8
275,3210,SUP,3/8
68,3213,SUP,3/8
289,3214,SUP,3/8
320,3215,SUP,3/8
289,3216,SUP,3/8
467,3218,SUP,3/8
288,3219,SUP,3/8
229,3223,SUP,3/8
583,3224,SUP,3/8
583,3225,SUP,3/8
65,3226,SUP,3/8
419,3233,SUP,3/8
430,3237,SUP,3/8
538,3238,WNM,3/8
369,3241,SUP,3/8
312,3243,SUP,3/8
464,3248,SUP,3/8
392,3254,SUP,3/8
246,3255,SUP,3/8
475,3261,SUP,3/8
288,3265,SUP,3/8
558,3266,W/M,3/8
432,3267,SUP,3/8
311,3270,SUP,3/8
13,3271,SUP,3/8
50,3274,SUP,3/8
445,3276,W/M,3/8
392,3277,SUP,3/8
433,3278,SUP,3/8
77,3279,SUP,3/8
409,3283,SUP,3/8
44,3284,SUP,3/8
44,3285,SUP,3/8
52,3286,SUP,3/8
504,3287,WNM,3/8
131,3288,SUP,3/8
470,3290,W/M,3/8
242,3294,SUP,3/8
64,3296,SUP,3/8
67,3297,SUP,3/8
60,3298,SUP,3/8
502,3299,WNM,3/8
64,3302,SUP,3/8
298,3304,SUP,3/8
298,3305,SUP,3/8
101,3308,SUP,3/8
98,3309,SUP,3/8
94,3310,SUP,3/8
510,3314,WNM,3/8
510,3315,WNM,3/8
81,3319,SUP,3/8
80,3320,SUP,3/8
442,3322,W/M,3/8
187,3329,SUP,3/8
502,3330,WNM,3/8
191,3332,SUP,3/8
197,3336,SUP,3/8
178,3337,SUP,3/8
507,3340,WNM,3/8
561,3341,WNM,3/8
286,3344,SUP,3/8
116,3347,SUP,3/8
107,3348,SUP,3/8
118,3349,SUP,3/8
452,3352,SUP,3/8
9,3357,WNM,3/8
373,3360,SUP,3/8
253,3362,SUP,3/8
254,3363,SUP,3/8
423,3364,SUP,3/8
115,3370,SUP,3/8
306,3371,SUP,3/8
111,3372,SUP,3/8
9,3377,WNM,3/8
366,3379,SUP,3/8
475,3380,SUP,3/8
70,3383,SUP,3/8
118,3387,SUP,3/8
68,3390,SUP,3/8
87,3391,SUP,3/8
58,3392,WNM,3/8
429,3395,SUP,3/8
553,3397,SUP,3/8
265,3400,SUP,3/8
422,3404,SUP,3/8
51,3406,SUP,3/8
368,3407,SUP,3/8
392,3408,SUP,3/8
500,3411,WNM,3/8
548,3414,WNM,3/8
105,3417,SUP,3/8
112,3418,SUP,3/8
58,3419,WNM,3/8
172,3420,W/M,3/8
544,3424,WNM,3/8
63,3425,SUP,3/8
48,3431,SUP,3/8
49,3432,SUP,3/8
49,3433,SUP,3/8
270,3434,SUP,3/8
15,3439,SUP,3/8
528,3449,WNM,3/8
528,3450,WNM,3/8
562,3452,WNM,3/8
200,3453,SUP,3/8
500,3456,WNM,3/8
278,3459,SUP,3/8
278,3460,SUP,3/8
16,3461,SUP,3/8
114,3463,SUP,3/8
462,3464,SUP,3/8
369,3465,SUP,3/8
474,3472,SUP,3/8
115,3474,SUP,3/8
167,3475,SUP,3/8
465,3477,SUP,3/8
470,3478,W/M,3/8
51,3482,SUP,3/8
14,3484,SUP,3/8
184,3491,W/M,3/8
409,3492,SUP,3/8
452,3493,W/M,3/8
149,3495,SUP,3/8
422,3498,SUP,3/8
60,3500,SUP,3/8
308,3503,SUP,3/8
498,3504,WNM,3/8
562,3509,WNM,3/8
62,3510,SUP,3/8
474,3511,SUP,3/8
423,3513,SUP,3/8
458,3516,SUP,3/8
88,3518,SUP,3/8
577,3520,SUP,3/8
504,3521,WNM,3/8
484,3522,SUP,3/8
448,3523,SUP,3/8
514,3525,SUP,3/8
104,3526,SUP,3/8
107,3527,SUP,3/8
561,3530,WNM,3/8
467,3531,SUP,3/8
585,3533,SUP,3/8
467,3537,SUP,3/8
92,3538,SUP,3/8
562,3542,WNM,3/8
173,3546,W/M,3/8
173,3547,W/M,3/8
184,3549,W/M,3/8
160,3561,W/M,3/8
80,3567,SUP,3/8
83,3569,SUP,3/8
62,3572,SUP,3/8
286,3573,SUP,3/8
562,3579,WNM,3/8
188,3583,SUP,3/8
64,3584,SUP,3/8
68,3585,SUP,3/8
455,3587,SUP,3/8
291,3588,SUP,3/8
68,3591,SUP,3/8
492,3593,WNM,3/8
310,3595,SUP,3/8
270,3597,SUP,3/8
176,3598,W/M,3/8
500,3600,WNM,3/8
266,3601,SUP,3/8
275,3602,SUP,3/8
509,3603,WNM,3/8
510,3604,WNM,3/8
509,3605,WNM,3/8
549,3606,WNM,3/8
195,3607,SUP,3/8
209,3608,SUP,3/8
26,3611,SUP,3/8
296,3612,SUP,3/8
509,3614,WNM,3/8
559,3617,WNM,3/8
509,3622,WNM,3/8
88,3623,SUP,3/8
424,3624,SUP,3/8
308,3626,SUP,3/8
549,3629,WNM,3/8
44,3631,SUP,3/8
292,3639,SUP,3/8
65,3640,SUP,3/8
289,3644,SUP,3/8
73,3645,SUP,3/8
427,3648,SUP,3/8
454,3652,SUP,3/8
58,3653,WNM,3/8
298,3658,SUP,3/8
526,3661,WNM,3/8
309,3700,SUP,3/8
98,3702,SUP,3/8
467,3705,SUP,3/8
452,3708,SUP,3/8
455,3712,SUP,3/8
153,3717,SUP,3/8
267,3725,SUP,3/8
205,3726,SUP,3/8
364,3730,SUP,3/8
399,3739,SUP,3/8
19,3741,SUP,3/8
26,3748,SUP,3/8
542,3752,WNM,3/8
471,3757,SUP,3/8
45,3764,SUP,3/8
371,3771,SUP,3/8
479,3773,SUP,3/8
56,3777,SUP,3/8
91,3782,SUP,3/8
14,3785,SUP,3/8
265,3790,SUP,3/8
514,3794,SUP,3/8
462,3796,SUP,3/8
371,3799,SUP,3/8
471,3801,SUP,3/8
284,3802,SUP,3/8
173,3803,W/M,3/8
168,3810,SUP,3/8
559,3817,WNM,3/8
433,3823,SUP,3/8
71,3826,SUP,3/8
64,3827,SUP,3/8
46,3828,SUP,3/8
124,3829,SUP,3/8
288,3831,SUP,3/8
372,3833,SUP,3/8
119,3835,SUP,3/8
263,3837,SUP,3/8
192,3842,SUP,3/8
510,3844,WNM,3/8
510,3845,WNM,3/8
510,3846,WNM,3/8
467,3850,SUP,3/8
108,3858,SUP,3/8
373,3861,SUP,3/8
549,3862,WNM,3/8
302,3864,SUP,3/8
287,3869,SUP,3/8
58,3870,WNM,3/8
200,3876,SUP,3/8
93,3877,SUP,3/8
502,3880,WNM,3/8
470,3883,W/M,3/8
367,3884,SUP,3/8
502,3885,WNM,3/8
80,3886,SUP,3/8
115,3887,SUP,3/8
299,3889,SUP,3/8
269,3891,SUP,3/8
269,3893,SUP,3/8
259,3894,SUP,3/8
368,3896,SUP,3/8
400,3897,SUP,3/8
103,3935,WNM,3/8
458,3947,SUP,3/8
498,3959,WNM,3/8
544,3990,WNM,3/8
561,4046,WNM,3/8
266,4049,SUP,3/8
87,4055,SUP,3/8
528,4056,WNM,3/8
538,4057,WNM,3/8
105,4063,SUP,3/8
289,4064,SUP,3/8
300,4065,SUP,3/8
557,4100,WNM,3/8
465,4101,SUP,3/8
77,4103,SUP,3/8
504,4104,WNM,3/8
526,4105,WNM,3/8
65,4111,SUP,3/8
569,4112,SUP,3/8
542,4114,WNM,3/8
87,4115,SUP,3/8
256,4118,SUP,3/8
552,4127,WNM,3/8
128,4129,SUP,3/8
82,4130,SUP,3/8
506,4131,SUP,3/8
551,4134,WNM,3/8
467,4137,SUP,3/8
491,4138,WNM,3/8
491,4139,WNM,3/8
103,4140,WNM,3/8
548,4141,WNM,3/8
96,4142,WNM,3/8
500,4147,WNM,3/8
499,4148,WNM,3/8
175,4153,SUP,3/8
500,4157,WNM,3/8
559,4159,WNM,3/8
506,4162,SUP,3/8
82,4163,SUP,3/8
479,4165,SUP,3/8
121,4166,SUP,3/8
551,4169,WNM,3/8
466,4171,SUP,3/8
512,4174,WNM,3/8
557,4180,WNM,3/8
561,4182,WNM,3/8
85,4183,SUP,3/8
566,4188,WNM,3/8
544,4189,WNM,3/8
287,4191,SUP,3/8
542,4193,WNM,3/8
84,4194,SUP,3/8
96,4197,WNM,3/8
385,4201,SUP,3/8
455,4202,SUP,3/8
545,4210,WNM,3/8
96,4211,WNM,3/8
510,4218,WNM,3/8
82,4219,SUP,3/8
502,4220,WNM,3/8
477,4221,SUP,3/8
122,4223,SUP,3/8
304,4224,SUP,3/8
370,4232,SUP,3/8
510,4233,WNM,3/8
449,4238,SUP,3/8
392,4239,SUP,3/8
53,4240,SUP,3/8
205,4243,SUP,3/8
297,4250,SUP,3/8
364,4252,SUP,3/8
425,4257,SUP,3/8
291,4258,SUP,3/8
107,4260,SUP,3/8
89,4262,SUP,3/8
9,4264,WNM,3/8
300,4273,SUP,3/8
305,4274,SUP,3/8
510,4275,WNM,3/8
44,4279,SUP,3/8
265,4286,SUP,3/8
71,4299,SUP,3/8
455,4309,SUP,3/8
447,4317,SUP,3/8
8,4318,SUP,3/8
262,4323,SUP,3/8
9,4324,WNM,3/8
13,4330,SUP,3/8
90,4332,SUP,3/8
1,4333,SUP,3/8
294,4334,SUP,3/8
368,4336,SUP,3/8
445,4340,SUP,3/8
427,4352,SUP,3/8
102,4354,WNM,3/8
545,4357,WNM,3/8
432,4358,SUP,3/8
469,4359,SUP,3/8
90,4365,SUP,3/8
526,4366,WNM,3/8
542,4367,WNM,3/8
93,4368,SUP,3/8
542,4371,WNM,3/8
542,4373,WNM,3/8
488,4380,WNM,3/8
197,4383,SUP,3/8
156,4387,SUP,3/8
502,4388,WNM,3/8
445,4392,SUP,3/8
454,4393,SUP,3/8
474,4394,SUP,3/8
474,4395,SUP,3/8
187,4403,SUP,3/8
264,4405,SUP,3/8
8,4407,SUP,3/8
304,4410,SUP,3/8
494,4413,WNM,3/8
526,4415,WNM,3/8
67,4416,SUP,3/8
206,4424,SUP,3/8
96,4425,WNM,3/8
97,4427,SUP,3/8
294,4428,SUP,3/8
499,4431,WNM,3/8
498,4432,WNM,3/8
548,4434,WNM,3/8
201,4439,SUP,3/8
488,4441,WNM,3/8
98,4444,SUP,3/8
107,4446,SUP,3/8
242,4450,SUP,3/8
373,4451,SUP,3/8
504,4453,WNM,3/8
558,4456,SUP,3/8
299,4458,SUP,3/8
301,4459,SUP,3/8
504,4464,WNM,3/8
562,4465,WNM,3/8
562,4466,WNM,3/8
562,4468,WNM,3/8
538,4470,WNM,3/8
290,4476,SUP,3/8
308,4477,SUP,3/8
538,4478,WNM,3/8
153,4482,SUP,3/8
297,4484,SUP,3/8
451,4488,SUP,3/8
9,4490,WNM,3/8
557,4494,WNM,3/8
13,4497,SUP,3/8
103,4498,WNM,3/8
299,4499,SUP,3/8
49,4503,SUP,3/8
544,4504,WNM,3/8
80,4508,SUP,3/8
48,4509,SUP,3/8
279,4511,SUP,3/8
65,4512,SUP,3/8
286,4514,SUP,3/8
97,4520,SUP,3/8
266,4529,SUP,3/8
265,4531,SUP,3/8
67,4538,SUP,3/8
500,4545,WNM,3/8
488,4546,WNM,3/8
82,4554,SUP,3/8
29,4556,SUP,3/8
488,4560,WNM,3/8
549,4561,WNM,3/8
103,4563,WNM,3/8
299,4564,SUP,3/8
559,4565,WNM,3/8
306,4574,SUP,3/8
537,4579,WNM,3/8
544,4580,WNM,3/8
1,4581,SUP,3/8
545,4582,WNM,3/8
35,4583,SUP,3/8
543,4586,WNM,3/8
91,4588,SUP,3/8
566,4589,WNM,3/8
361,4590,SUP,3/8
305,4594,SUP,3/8
103,4595,WNM,3/8
195,4597,SUP,3/8
433,4600,SUP,3/8
542,4605,WNM,3/8
494,4607,WNM,3/8
168,4612,SUP,3/8
356,4615,SUP,3/8
103,4617,WNM,3/8
562,4618,WNM,3/8
492,4619,WNM,3/8
288,4623,SUP,3/8
491,4625,WNM,3/8
485,4626,WNM,3/8
52,4627,SUP,3/8
238,4631,SUP,3/8
121,4635,SUP,3/8
291,4638,SUP,3/8
270,4641,SUP,3/8
545,4648,WNM,3/8
545,4657,WNM,3/8
548,4667,WNM,3/8
544,4672,WNM,3/8
544,4673,WNM,3/8
542,4674,WNM,3/8
112,4681,SUP,3/8
167,4687,SUP,3/8
544,4691,WNM,3/8
498,4692,WNM,3/8
272,4695,SUP,3/8
315,4697,SUP,3/8
262,4699,SUP,3/8
557,4706,WNM,3/8
544,4756,WNM,3/8
550,4757,WNM,3/8
552,4759,WNM,3/8
515,4762,WNM,3/8
103,4826,WNM,3/8
499,4848,WNM,3/8
430,4865,SUP,3/8
549,5005,WNM,3/8
552,5007,WNM,3/8
551,5008,WNM,3/8
509,5013,WNM,3/8
509,5014,WNM,3/8
561,5021,WNM,3/8
125,5022,SUP,3/8
458,5023,SUP,3/8
194,5027,SUP,3/8
366,5031,SUP,3/8
105,5034,SUP,3/8
116,5035,SUP,3/8
112,5036,SUP,3/8
98,5037,SUP,3/8
262,5038,SUP,3/8
284,5039,SUP,3/8
227,5040,W/M,3/8
514,5041,SUP,3/8
492,5043,WNM,3/8
67,5045,SUP,3/8
299,5046,SUP,3/8
558,5047,W/M,3/8
380,5049,SUP,3/8
98,5054,SUP,3/8
105,5055,SUP,3/8
131,5056,SUP,3/8
151,5057,SUP,3/8
153,5058,SUP,3/8
566,5059,WNM,3/8
270,5060,SUP,3/8
544,5062,WNM,3/8
309,5063,SUP,3/8
201,5064,SUP,3/8
201,5065,SUP,3/8
514,5073,W/M,3/8
460,5075,SUP,3/8
577,5077,W/M,3/8
473,5078,SUP,3/8
143,5079,SUP,3/8
50,5080,SUP,3/8
305,5085,SUP,3/8
67,5091,SUP,3/8
562,5094,WNM,3/8
163,5095,SUP,3/8
463,5096,SUP,3/8
204,5097,SUP,3/8
545,5098,WNM,3/8
544,5100,WNM,3/8
286,5105,SUP,3/8
96,5106,WNM,3/8
526,5108,WNM,3/8
2,5113,SUP,3/8
60,5116,SUP,3/8
315,5117,SUP,3/8
297,5118,SUP,3/8
566,5119,WNM,3/8
492,5122,WNM,3/8
370,5124,SUP,3/8
170,5131,W/M,3/8
96,5132,WNM,3/8
457,5133,SUP,3/8
447,5134,SUP,3/8
494,5135,WNM,3/8
455,5136,SUP,3/8
453,5139,SUP,3/8
432,5141,SUP,3/8
178,5142,SUP,3/8
77,5144,SUP,3/8
86,5145,SUP,3/8
506,5146,SUP,3/8
44,5147,SUP,3/8
485,5149,WNM,3/8
340,5150,SUP,3/8
446,5152,W/M,3/8
484,5154,SUP,3/8
463,5156,SUP,3/8
202,5160,SUP,3/8
448,5162,SUP,3/8
80,5165,SUP,3/8
1,5174,SUP,3/8
152,5175,SUP,3/8
96,5179,WNM,3/8
494,5183,WNM,3/8
373,5186,SUP,3/8
498,5188,WNM,3/8
369,5189,SUP,3/8
370,5190,SUP,3/8
55,5191,SUP,3/8
454,5192,SUP,3/8
461,5193,SUP,3/8
5,5197,SUP,3/8
269,5199,SUP,3/8
233,5200,W/M,3/8
171,5202,W/M,3/8
51,5210,SUP,3/8
52,5211,SUP,3/8
90,5214,SUP,3/8
581,5215,SUP,3/8
70,5216,SUP,3/8
111,5218,SUP,3/8
112,5220,SUP,3/8
548,5221,WNM,3/8
528,5224,WNM,3/8
528,5226,WNM,3/8
292,5227,W/M,3/8
452,5231,SUP,3/8
254,5236,SUP,3/8
190,5240,SUP,3/8
191,5242,SUP,3/8
77,5245,SUP,3/8
479,5247,SUP,3/8
544,5248,WNM,3/8
90,5250,SUP,3/8
289,5253,SUP,3/8
297,5254,SUP,3/8
559,5255,WNM,3/8
510,5257,WNM,3/8
323,5261,SUP,3/8
13,5262,SUP,3/8
115,5264,SUP,3/8
559,5265,WNM,3/8
104,5266,SUP,3/8
472,5272,SUP,3/8
472,5273,SUP,3/8
470,5274,W/M,3/8
26,5275,SUP,3/8
154,5278,SUP,3/8
201,5280,SUP,3/8
68,5287,SUP,3/8
49,5288,SUP,3/8
528,5290,WNM,3/8
297,5292,SUP,3/8
173,5294,W/M,3/8
172,5295,SUP,3/8
494,5297,WNM,3/8
305,5298,SUP,3/8
89,5299,SUP,3/8
116,5300,SUP,3/8
107,5301,SUP,3/8
364,5303,SUP,3/8
52,5311,SUP,3/8
479,5312,SUP,3/8
339,5313,SUP,3/8
479,5316,SUP,3/8
82,5317,SUP,3/8
298,5320,SUP,3/8
102,5321,WNM,3/8
109,5325,SUP,3/8
93,5326,SUP,3/8
541,5327,WNM,3/8
370,5329,SUP,3/8
369,5330,SUP,3/8
368,5331,SUP,3/8
510,5332,WNM,3/8
463,5335,SUP,3/8
449,5337,SUP,3/8
459,5338,W/M,3/8
379,5341,SUP,3/8
365,5342,SUP,3/8
291,5343,SUP,3/8
281,5344,W/M,3/8
508,5345,W/M,3/8
296,5346,SUP,3/8
105,5347,SUP,3/8
8,5348,SUP,3/8
264,5352,SUP,3/8
562,5353,WNM,3/8
48,5359,SUP,3/8
432,5361,SUP,3/8
96,5365,WNM,3/8
96,5366,WNM,3/8
496,5367,WNM,3/8
368,5369,SUP,3/8
239,5374,SUP,3/8
227,5381,W/M,3/8
497,5383,WNM,3/8
284,5384,W/M,3/8
207,5385,SUP,3/8
209,5387,SUP,3/8
61,5388,SUP,3/8
76,5389,SUP,3/8
23,5390,SUP,3/8
105,5391,SUP,3/8
509,5393,WNM,3/8
581,5394,SUP,3/8
438,5397,SUP,3/8
263,5398,SUP,3/8
279,5399,SUP,3/8
267,5402,SUP,3/8
246,5403,SUP,3/8
238,5404,SUP,3/8
215,5410,SUP,3/8
50,5416,SUP,3/8
242,5417,SUP,3/8
242,5418,SUP,3/8
144,5419,SUP,3/8
90,5420,SUP,3/8
495,5421,WNM,3/8
468,5424,SUP,3/8
461,5425,SUP,3/8
511,5426,W/M,3/8
495,5427,WNM,3/8
372,5428,SUP,3/8
368,5429,SUP,3/8
511,5434,W/M,3/8
451,5435,SUP,3/8
284,5436,W/M,3/8
444,5438,SUP,3/8
163,5439,SUP,3/8
264,5442,SUP,3/8
176,5447,SUP,3/8
160,5448,SUP,3/8
62,5449,SUP,3/8
284,5450,SUP,3/8
102,5451,WNM,3/8
102,5453,WNM,3/8
92,5455,SUP,3/8
544,5459,WNM,3/8
78,5460,SUP,3/8
476,5461,SUP,3/8
476,5462,SUP,3/8
202,5472,SUP,3/8
165,5476,SUP,3/8
359,5477,SUP,3/8
83,5479,SUP,3/8
83,5480,SUP,3/8
305,5481,SUP,3/8
268,5485,SUP,3/8
266,5486,SUP,3/8
288,5488,SUP,3/8
528,5490,WNM,3/8
400,5494,SUP,3/8
166,5495,W/M,3/8
187,5497,SUP,3/8
515,5600,WNM,3/8
551,5601,WNM,3/8
481,5602,WNM,3/8
551,5603,WNM,3/8
481,5604,WNM,3/8
552,5606,WNM,3/8
552,5608,WNM,3/8
552,5609,WNM,3/8
512,5610,WNM,3/8
512,5611,WNM,3/8
63,5612,SUP,3/8
58,5613,WNM,3/8
58,5614,WNM,3/8
103,5615,WNM,3/8
153,5616,SUP,3/8
267,5617,SUP,3/8
102,5622,WNM,3/8
545,5623,WNM,3/8
504,5624,WNM,3/8
422,5625,SUP,3/8
367,5626,SUP,3/8
550,5627,WNM,3/8
471,5628,SUP,3/8
457,5629,W/M,3/8
449,5632,SUP,3/8
512,5633,WNM,3/8
512,5634,WNM,3/8
512,5635,WNM,3/8
551,5638,WNM,3/8
551,5640,WNM,3/8
464,5641,SUP,3/8
495,5646,WNM,3/8
170,5649,SUP,3/8
545,5653,WNM,3/8
548,5654,WNM,3/8
504,5657,WNM,3/8
481,5658,WNM,3/8
481,5659,WNM,3/8
551,5661,WNM,3/8
515,5663,WNM,3/8
481,5664,WNM,3/8
548,5670,WNM,3/8
110,5671,SUP,3/8
51,5672,SUP,3/8
51,5673,SUP,3/8
526,5675,WNM,3/8
550,5678,WNM,3/8
552,5683,WNM,3/8
448,5686,SUP,3/8
515,5689,WNM,3/8
515,5691,WNM,3/8
538,5692,WNM,3/8
538,5693,WNM,3/8
542,5700,WNM,3/8
449,5701,SUP,3/8
561,5702,WNM,3/8
137,5703,SUP,3/8
488,5704,WNM,3/8
52,5707,SUP,3/8
450,5710,SUP,3/8
88,5713,SUP,3/8
58,5715,WNM,3/8
566,5716,WNM,3/8
505,5717,SUP,3/8
103,5719,WNM,3/8
9,5725,WNM,3/8
526,5726,WNM,3/8
115,5727,SUP,3/8
190,5732,SUP,3/8
498,5734,WNM,3/8
545,5740,WNM,3/8
559,5741,WNM,3/8
299,5743,SUP,3/8
545,5744,WNM,3/8
451,5751,SUP,3/8
283,5753,SUP,3/8
502,5754,WNM,3/8
502,5755,WNM,3/8
488,5758,WNM,3/8
488,5759,WNM,3/8
559,5760,WNM,3/8
479,5764,SUP,3/8
451,5766,SUP,3/8
371,5768,SUP,3/8
545,5769,WNM,3/8
545,5771,WNM,3/8
104,5772,SUP,3/8
543,5776,WNM,3/8
492,5780,WNM,3/8
267,5781,SUP,3/8
310,5787,SUP,3/8
367,5799,SUP,3/8
569,5808,SUP,3/8
80,5809,SUP,3/8
49,5810,SUP,3/8
18,5812,SUP,3/8
549,5816,WNM,3/8
549,5817,WNM,3/8
549,5818,WNM,3/8
549,5819,WNM,3/8
549,5820,WNM,3/8
561,5824,WNM,3/8
102,5826,WNM,3/8
509,5829,WNM,3/8
548,5831,WNM,3/8
370,5835,SUP,3/8
534,5837,WNM,3/8
399,5841,SUP,3/8
197,5842,SUP,3/8
511,5843,SUP,3/8
206,5844,SUP,3/8
15,5845,SUP,3/8
559,5846,WNM,3/8
290,5847,SUP,3/8
301,5851,SUP,3/8
467,5853,SUP,3/8
367,5858,SUP,3/8
581,5859,SUP,3/8
392,5864,SUP,3/8
56,5866,SUP,3/8
176,5867,SUP,3/8
475,5869,SUP,3/8
91,5871,SUP,3/8
15,5872,SUP,3/8
465,5874,W/M,3/8
559,5875,WNM,3/8
548,5876,WNM,3/8
306,5879,SUP,3/8
292,5880,SUP,3/8
108,5882,SUP,3/8
474,5883,SUP,3/8
451,5884,SUP,3/8
459,5886,SUP,3/8
53,5889,SUP,3/8
450,5890,SUP,3/8
203,5893,SUP,3/8
91,5894,SUP,3/8
78,5898,SUP,3/8
476,5899,SUP,3/8
546,5903,WNM,3/8
108,5911,SUP,3/8
110,5912,SUP,3/8
289,5922,SUP,3/8
566,5925,WNM,3/8
340,5927,SUP,3/8
476,5929,SUP,3/8
464,5930,SUP,3/8
109,5932,SUP,3/8
477,5935,SUP,3/8
283,5936,SUP,3/8
458,5938,W/M,3/8
103,5945,WNM,3/8
505,5947,SUP,3/8
484,5954,SUP,3/8
581,5956,SUP,3/8
585,5957,SUP,3/8
63,5959,SUP,3/8
526,5960,WNM,3/8
526,5962,WNM,3/8
504,5963,WNM,3/8
112,5964,SUP,3/8
266,5965,SUP,3/8
292,5969,SUP,3/8
424,5976,SUP,3/8
423,5977,SUP,3/8
552,5979,WNM,3/8
552,5980,WNM,3/8
552,5981,WNM,3/8
552,5982,WNM,3/8
583,5987,SUP,3/8
559,5988,WNM,3/8
423,5992,SUP,3/8
550,5993,WNM,3/8
550,5994,WNM,3/8
504,6078,WNM,3/8
528,6098,WNM,3/8
559,6149,WNM,3/8
528,6159,WNM,3/8
543,6165,WNM,3/8
543,6166,WNM,3/8
1,6173,SUP,3/8
509,6176,WNM,3/8
548,6207,WNM,3/8
502,6226,WNM,3/8
499,6233,WNM,3/8
509,6243,WNM,3/8
509,6263,WNM,3/8
509,6264,WNM,3/8
81,6286,SUP,3/8
56,6300,SUP,3/8
543,6323,WNM,3/8
444,6394,SUP,3/8
29,6395,SUP,3/8
110,6397,SUP,3/8
549,6398,WNM,3/8
528,6459,WNM,3/8
45,6467,SUP,3/8
140,6469,SUP,3/8
369,6477,SUP,3/8
373,6480,SUP,3/8
485,6500,WNM,3/8
545,6531,WNM,3/8
559,6548,WNM,3/8
58,6578,WNM,3/8
59,6579,SUP,3/8
499,6586,WNM,3/8
526,6587,WNM,3/8
528,6786,WNM,3/8
308,6789,SUP,3/8
502,6798,WNM,3/8
526,6813,WNM,3/8
509,6814,WNM,3/8
509,6828,WNM,3/8
543,6849,WNM,3/8
528,6850,WNM,3/8
504,6851,WNM,3/8
5,6878,SUP,3/8
310,6879,SUP,3/8
96,6894,WNM,3/8
71,6898,SUP,3/8
76,6929,SUP,3/8
256,6931,SUP,3/8
502,6936,WNM,3/8
102,6937,WNM,3/8
102,6941,WNM,3/8
507,6942,WNM,3/8
310,6958,SUP,3/8
537,6960,WNM,3/8
52,6963,SUP,3/8
144,6964,SUP,3/8
504,6966,WNM,3/8
488,6967,WNM,3/8
102,6968,WNM,3/8
101,6978,SUP,3/8
499,7004,WNM,3/8
302,7009,SUP,3/8
153,7020,SUP,3/8
287,7032,SUP,3/8
499,7062,WNM,3/8
538,7072,WNM,3/8
538,7127,WNM,3/8
496,7137,WNM,3/8
499,7146,WNM,3/8
76,7156,SUP,3/8
502,7174,WNM,3/8
502,7177,WNM,3/8
56,7178,SUP,3/8
302,7179,SUP,3/8
499,7180,WNM,3/8
499,7205,WNM,3/8
499,7206,WNM,3/8
496,7218,WNM,3/8
528,7220,WNM,3/8
102,7221,WNM,3/8
500,7222,WNM,3/8
561,7224,WNM,3/8
526,7229,WNM,3/8
561,7232,WNM,3/8
500,7235,WNM,3/8
561,7240,WNM,3/8
58,7251,WNM,3/8
2,7280,SUP,3/8
74,7281,SUP,3/8
242,7290,SUP,3/8
498,7296,WNM,3/8
102,7298,WNM,3/8
488,7299,WNM,3/8
102,7307,WNM,3/8
533,7308,WNM,3/8
562,7309,WNM,3/8
562,7310,WNM,3/8
528,7311,WNM,3/8
498,7315,WNM,3/8
510,7320,WNM,3/8
5,7324,SUP,3/8
500,7329,WNM,3/8
500,7334,WNM,3/8
500,7337,WNM,3/8
500,7340,WNM,3/8
566,7342,WNM,3/8
58,7347,WNM,3/8
504,7349,WNM,3/8
562,7357,WNM,3/8
562,7361,WNM,3/8
504,7362,WNM,3/8
171,8331,SUP,3/8
515,8958,WNM,3/8
462,1756,W/M,3/8
427,1565,SUP,3/8
172,5293,SUP,3/8
48,804,SUP,3/8
466,2636,W/M,3/8
445,1693,W/M,3/8
110,5854,SUP,3/8
466,2495,W/M,3/8
166,2141,SUP,3/8
454,1697,W/M,3/8
454,5848,W/M,3/8
283,5941,SUP,3/8
361,96,SUP,3/8
447,2507,W/M,3/8
121,583,SUP,3/8
101,1090,SUP,3/8
109,2151,SUP,3/8
392,2453,SUP,3/8
256,445,SUP,3/8
93,1297,SUP,3/8
461,2842,SUP,3/8
45,412,SUP,3/8
178,1844,W/M,3/8
446,2032,SUP,3/8
8,930,SUP,3/8
47,417,SUP,3/8
111,4690,SUP,3/8
503,214,SUP,3/8
580,1676,SUP,3/8
55,4164,SUP,3/8
73,897,SUP,3/8
70,600,SUP,3/8
55,286,SUP,3/8
167,5881,SUP,3/8
71,1051,SUP,3/8
400,2782,SUP,3/8
97,5172,SUP,3/8
502,4184,WNM,3/8
189,2264,W/M,3/8
344,392,SUP,3/8
38,1017,SUP,3/8
446,3650,W/M,3/8
306,1821,W/M,3/8
267,1933,W/M,3/8
74,3381,SUP,3/8
127,87,SUP,3/8
22,856,SUP,3/8
286,2647,SUP,3/8
36,1358,SUP,3/8
70,1516,SUP,3/8
476,2947,W/M,3/8
165,1869,W/M,3/8
110,1680,SUP,3/8
333,32,W/M,3/8
344,150,SUP,3/8
503,364,SUP,3/8
143,3528,SUP,3/8
45,827,SUP,3/8
243,1157,SUP,3/8
46,523,SUP,3/8
4,118,SUP,3/8
152,587,SUP,3/8
253,736,SUP,3/8
446,3087,W/M,3/8
414,1389,SUP,3/8
291,5731,SUP,3/8
147,684,SUP,3/8
315,4682,SUP,3/8
349,271,SUP,3/8
136,1074,SUP,3/8
77,757,SUP,3/8
97,858,SUP,3/8
71,927,SUP,3/8
251,1629,W/M,3/8
137,403,SUP,3/8
48,353,SUP,3/8
246,854,SUP,3/8
269,4177,Online Pickup,3/8
339,51,SUP,3/8
364,1175,W/M,3/8
128,803,SUP,3/8
414,748,SUP,3/8
70,3384,SUP,3/8
78,791,SUP,3/8
3,5126,SUP,3/8
427,1649,SUP,3/8
83,77,SUP,3/8
84,1098,SUP,3/8
352,360,SUP,3/8
74,1272,SUP,3/8
259,591,SUP,3/8
285,3843,SUP,3/8
30,1024,SUP,3/8
118,6190,SUP,3/8
470,2321,W/M,3/8
247,1639,SUP,3/8
157,2640,W/M,3/8
41,4420,SUP,3/8
350,1295,SUP,3/8
239,2388,SUP,3/8
304,1131,SUP,3/8
280,2894,SUP,3/8
70,812,SUP,3/8
146,106,SUP,3/8
88,782,SUP,3/8
271,262,SUP,3/8
257,1234,SUP,3/8
287,1730,SUP,3/8
97,3307,SUP,3/8
344,132,SUP,3/8
147,161,SUP,3/8
46,180,SUP,3/8
253,204,SUP,3/8
45,251,SUP,3/8
147,268,SUP,3/8
137,394,SUP,3/8
84,463,SUP,3/8
260,493,SUP,3/8
18,515,SUP,3/8
38,642,SUP,3/8
28,686,SUP,3/8
147,738,SUP,3/8
425,882,SUP,3/8
28,1018,SUP,3/8
243,1180,SUP,3/8
143,1260,SUP,3/8
239,1480,SUP,3/8
259,1569,SUP,3/8
247,1667,SUP,3/8
256,1675,SUP,3/8
239,1729,SUP,3/8
201,2061,SUP,3/8
165,2254,W/M,3/8
283,2258,W/M,3/8
188,2351,SUP,3/8
436,2421,SUP,3/8
446,2526,SUP,3/8
246,2771,SUP,3/8
508,2853,W/M,3/8
444,3497,SUP,3/8
582,4696,SUP,3/8
231,5356,SUP,3/8
291,5779,SUP,3/8
124,2749,SUP,3/8
425,913,SUP,3/8
413,1491,SUP,3/8
192,3280,SUP,3/8
334,13,SUP,Already Launched 
359,29,SUP,Already Launched 
89,110,SUP,Already Launched 
321,125,SUP,Already Launched 
324,126,SUP,Already Launched 
352,137,SUP,Already Launched 
322,144,SUP,Already Launched 
353,212,SUP,Already Launched 
339,243,SUP,Already Launched 
81,407,SUP,Already Launched 
505,500,SUP,Already Launched 
505,512,SUP,Already Launched 
485,998,WNM,Already Launched 
42,1035,SUP,Already Launched 
41,1286,SUP,Already Launched 
367,1291,SUP,Already Launched 
312,1309,SUP,Already Launched 
24,1314,SUP,Already Launched 
308,1322,SUP,Already Launched 
20,1340,SUP,Already Launched 
143,1346,SUP,Already Launched 
36,1359,SUP,Already Launched 
32,1367,SUP,Already Launched 
364,1369,SUP,Already Launched 
580,1371,SUP,Already Launched 
24,1373,SUP,Already Launched 
372,1381,SUP,Already Launched 
108,1398,SUP,Already Launched 
107,1436,SUP,Already Launched 
403,1440,SUP,Already Launched 
98,1444,SUP,Already Launched 
145,1561,SUP,Already Launched 
462,1862,SUP,Already Launched 
154,1967,SUP,Already Launched 
281,2045,SUP,Already Launched 
170,2068,SUP,Already Launched 
465,2110,SUP,Already Launched 
370,2113,SUP,Already Launched 
512,2486,WNM,Already Launched 
174,2497,SUP,Already Launched 
369,2512,SUP,Already Launched 
289,2529,SUP,Already Launched 
474,2539,SUP,Already Launched 
228,2561,SUP,Already Launched 
234,2574,SUP,Already Launched 
396,2593,SUP,Already Launched 
454,2598,W/M,Already Launched 
465,2609,SUP,Already Launched 
505,2612,SUP,Already Launched 
112,2627,SUP,Already Launched 
260,2628,SUP,Already Launched 
164,2637,SUP,Already Launched 
201,2680,SUP,Already Launched 
137,2690,SUP,Already Launched 
206,2692,SUP,Already Launched 
452,2697,SUP,Already Launched 
333,2702,SUP,Already Launched 
298,2704,SUP,Already Launched 
143,2715,SUP,Already Launched 
415,2716,SUP,Already Launched 
141,2717,SUP,Already Launched 
110,2727,SUP,Already Launched 
534,2742,WNM,Already Launched 
482,2788,SUP,Already Launched 
110,2814,SUP,Already Launched 
435,2828,SUP,Already Launched 
399,2862,SUP,Already Launched 
206,2873,SUP,Already Launched 
189,2874,SUP,Already Launched 
215,2914,SUP,Already Launched 
384,2924,SUP,Already Launched 
471,3053,SUP,Already Launched 
292,3077,SUP,Already Launched 
515,3131,WNM,Already Launched 
553,3163,SUP,Already Launched 
495,3166,WNM,Already Launched 
553,3235,SUP,Already Launched 
104,3415,SUP,Already Launched 
58,3594,WNM,Already Launched 
119,3659,SUP,Already Launched 
373,3751,SUP,Already Launched 
413,3762,SUP,Already Launched 
505,3763,SUP,Already Launched 
23,3775,SUP,Already Launched 
381,3778,SUP,Already Launched 
208,3860,SUP,Already Launched 
430,3872,SUP,Already Launched 
86,3888,SUP,Already Launched 
465,4132,SUP,Already Launched 
59,4298,SUP,Already Launched 
373,4430,SUP,Already Launched 
494,4524,WNM,Already Launched 
63,4526,SUP,Already Launched 
481,5605,WNM,Already Launched 
466,5644,SUP,Already Launched 
551,5684,WNM,Already Launched 
577,5752,SUP,Already Launched 
465,5807,SUP,Already Launched 
583,5823,SUP,Already Launched 
583,8930,SUP,Already Launched 
,,,
,,,
,,,
,,,
,,,
,,,
,,,
,,,
,,,
,,,
,,,
,,,
,,,
,,,
,,,
,,,
,,,
,,,
,,,
,,,
,,,
,,,
,,,
,,,
,,,
,,,
,,,
,,,
,,,
,,,
,,,
,,,
,,,
,,,
,,,
,,,
,,,
,,,
,,,
,,,
,,,
,,,
,,,
,,,
,,,
,,,
,,,
,,,
,,,
,,,
,,,
,,,
,,,
,,,
,,,
,,,
,,,
,,,
,,,
,,,
,,,
,,,
,,,
,,,
,,,
,,,
,,,
,,,
,,,
,,,
,,,
,,,
,,,
,,,
,,,
,,,
,,,
,,,
,,,
,,,
,,,
,,,
,,,
,,,
,,,
,,,
,,,
,,,
,,,
,,,
,,,
,,,
,,,
,,,
,,,
,,,
,,,
,,,
,,,
,,,
,,,
,,,
,,,
,,,
,,,
,,,
,,,
,,,
,,,
,,,
,,,
,,,
,,,
,,,
,,,
,,,
,,,
,,,
,,,
,,,
,,,
,,,
,,,
,,,
,,,
,,,
,,,
,,,
,,,
,,,
,,,
,,,
,,,
,,,
,,,
,,,
,,,
,,,
,,,
,,,
,,,
,,,
,,,
,,,
,,,
,,,
,,,
,,,
,,,
,,,
,,,
,,,
,,,
,,,
,,,
,,,
,,,
,,,
,,,
,,,
,,,
,,,
,,,
,,,
,,,
,,,
,,,
,,,
,,,
,,,
,,,
,,,
,,,
,,,
,,,
,,,
,,,
,,,
,,,
,,,
,,,
,,,
,,,
,,,
,,,
,,,
,,,
,,,
,,,
,,,
,,,
,,,
,,,
,,,
,,,
,,,
,,,
,,,
,,,
,,,
,,,
,,,
,,,
,,,
,,,
,,,
,,,
,,,
,,,
,,,
,,,
,,,
,,,
,,,
,,,
,,,
,,,
,,,
,,,
,,,
,,,
,,,
,,,
,,,
,,,
,,,
,,,
,,,
,,,
,,,
,,,
,,,
,,,
,,,
,,,
,,,
,,,
,,,
,,,
,,,
,,,
,,,
,,,
,,,
,,,
,,,
,,,
,,,
,,,
,,,
,,,
,,,
,,,
,,,
,,,
,,,
,,,
,,,
,,,
,,,
,,,
,,,
,,,
,,,
,,,
,,,
,,,
,,,
,,,
,,,
,,,
,,,
,,,
,,,
,,,
,,,
,,,
,,,
,,,
,,,
,,,
,,,
,,,
,,,
,,,
,,,
,,,
,,,
,,,
,,,
,,,
,,,
,,,
,,,
,,,
,,,
,,,
,,,
,,,
,,,
,,,
,,,
,,,
,,,
,,,
,,,
,,,
,,,
,,,
,,,
,,,
,,,
,,,
,,,
,,,
,,,
,,,
,,,
,,,
,,,
,,,
,,,
,,,
,,,
,,,
,,,
,,,
,,,
,,,
,,,
,,,
,,,
,,,
,,,
,,,
,,,
,,,
,,,
,,,
,,,
,,,
,,,
,,,
,,,
,,,
,,,
,,,
,,,
,,,
,,,
,,,
,,,
,,,
,,,
,,,
,,,
,,,
,,,
,,,
,,,
,,,
,,,
,,,
,,,
,,,
,,,
,,,
,,,
,,,
,,,
,,,
,,,
,,,
,,,
,,,
,,,
,,,
,,,
,,,
,,,
,,,
,,,
,,,
,,,
,,,
,,,
,,,
,,,
,,,
,,,
,,,
,,,
,,,
,,,
,,,
,,,
,,,
,,,
,,,
,,,
,,,
,,,
,,,
,,,
,,,
,,,
,,,
,,,
,,,
,,,
,,,
,,,
,,,
,,,
,,,
,,,
,,,
,,,
,,,
,,,
,,,
,,,
,,,
,,,
,,,
,,,
,,,
,,,
,,,
,,,
,,,
,,,
,,,
,,,
,,,
,,,
,,,
,,,
,,,
,,,
,,,
,,,
,,,
,,,
,,,
,,,
,,,
,,,
,,,
,,,
,,,
,,,
,,,
,,,
,,,
,,,
,,,
,,,
,,,
,,,
,,,
,,,
,,,
,,,
,,,
,,,
,,,
,,,
,,,
,,,
,,,
,,,
,,,
,,,
,,,
,,,
,,,
,,,
,,,
,,,
,,,
,,,
,,,
,,,
,,,
,,,
,,,
,,,
,,,
,,,
,,,
,,,
,,,
,,,
,,,
,,,
,,,
,,,
,,,
,,,
,,,
,,,
,,,
,,,
,,,
,,,
,,,
,,,
,,,
,,,
,,,
,,,
,,,
,,,
,,,
,,,
,,,
,,,
,,,
,,,
,,,
,,,
,,,
,,,
,,,
,,,
,,,
,,,
,,,
,,,
,,,
,,,
,,,
,,,
,,,
,,,
,,,
,,,
,,,
,,,
,,,
,,,
,,,
,,,
,,,
,,,
,,,
,,,
,,,
,,,
,,,
,,,
,,,
,,,
,,,
,,,
,,,
,,,
,,,
,,,
,,,
,,,
,,,
,,,
,,,
,,,
,,,
,,,
,,,
,,,
,,,
,,,
,,,
,,,
,,,
,,,
,,,
,,,
,,,
,,,
,,,
,,,
,,,
,,,
,,,
,,,
,,,
,,,
,,,
,,,
,,,
,,,
,,,
,,,
,,,
,,,
,,,
,,,
,,,
,,,
,,,
,,,
,,,
,,,
,,,
,,,
,,,
,,,
,,,
,,,
,,,
,,,
,,,
,,,
,,,
,,,
,,,
,,,
,,,
,,,
,,,
,,,
,,,
,,,
,,,
,,,
,,,
,,,
,,,
,,,
,,,
,,,
,,,
,,,
,,,
,,,
,,,
,,,
,,,
,,,
,,,
,,,
,,,
,,,
,,,
,,,
,,,
,,,
,,,
,,,
,,,
,,,
,,,
,,,
,,,
,,,
,,,
,,,
,,,
,,,
,,,
,,,
,,,
,,,
,,,
,,,
,,,
,,,
,,,
,,,
,,,
,,,
,,,
,,,
,,,
,,,
,,,
,,,
,,,
,,,
,,,
,,,
,,,
,,,
,,,
,,,
,,,
,,,
,,,
,,,
,,,
,,,
,,,
,,,
,,,
,,,
,,,
,,,
,,,
,,,
,,,
,,,
,,,
,,,
,,,
,,,
,,,
,,,
,,,
,,,
,,,
,,,
,,,
,,,
,,,
,,,
,,,
,,,
,,,
,,,
,,,
,,,
,,,
,,,
,,,
,,,
,,,
,,,
,,,
,,,
,,,
,,,
,,,
,,,
,,,
,,,
,,,
,,,
,,,
,,,
,,,
,,,
,,,
,,,
,,,
,,,
,,,
,,,
,,,
,,,
,,,
,,,
,,,
,,,
,,,
,,,
,,,
,,,
,,,
,,,
,,,
,,,
,,,
,,,
,,,
,,,
,,,
,,,
,,,
,,,
,,,
,,,
,,,
,,,
,,,
,,,
,,,
,,,
,,,
,,,
,,,
,,,
,,,
,,,
,,,
,,,
,,,
,,,
,,,
,,,
,,,
,,,
,,,
,,,
,,,
,,,
,,,
,,,
,,,
,,,
,,,
,,,
,,,
,,,
,,,
,,,
,,,
,,,
,,,
,,,
,,,
,,,
,,,
,,,
,,,
,,,
,,,
,,,
,,,
,,,
,,,
,,,
,,,
,,,
,,,
,,,
,,,
,,,
,,,
,,,
,,,
,,,
,,,
,,,
,,,
,,,
,,,
,,,
,,,
,,,
,,,
,,,
,,,
,,,
,,,
,,,
,,,
,,,
,,,
,,,
,,,
,,,
,,,
,,,
,,,
,,,
,,,
,,,
,,,
,,,
,,,
,,,
,,,
,,,
,,,
,,,
,,,
,,,
,,,
,,,
,,,
,,,
,,,
,,,
,,,
,,,
,,,
,,,
,,,
,,,
,,,
,,,
,,,
,,,
,,,
,,,
,,,
,,,
,,,
,,,
,,,
,,,
,,,
,,,
,,,
,,,
,,,
,,,
,,,
,,,
,,,
,,,
,,,
,,,
,,,
,,,
,,,
,,,
,,,
,,,
,,,
,,,
,,,
,,,
,,,
,,,
,,,
,,,
,,,
,,,
,,,
,,,
,,,
,,,
,,,
,,,
,,,
,,,
,,,
,,,
,,,
,,,
,,,
,,,
,,,
,,,
,,,
,,,
,,,
,,,
,,,
,,,
,,,
,,,
,,,
,,,
,,,
,,,
,,,
,,,
,,,
,,,
,,,
,,,
,,,
,,,
,,,
,,,
,,,
,,,
,,,
,,,
,,,
,,,
,,,
,,,
,,,
,,,
,,,
,,,
,,,
,,,
,,,
,,,
,,,
,,,
,,,
,,,
,,,
,,,
,,,
,,,
,,,
,,,
,,,
,,,
,,,
,,,
,,,
,,,
,,,
,,,
,,,
,,,
,,,
,,,
,,,
,,,
,,,
,,,
,,,
,,,
,,,
,,,
,,,
,,,
,,,
,,,
,,,
,,,
,,,
,,,
,,,
,,,
,,,
,,,
