Store,Program Name,Arival Date,Carrier, Tracking #
5215,FY25 Scoop Scuba,10/12/24,FedEx,414077380872
4615,FY25 Scoop Scuba,10/14/24,FedEx,414077376685
269,FY25 Scoop Scuba,10/14/24,FedEx,414077377924
822,FY25 Scoop Scuba,10/14/24,FedEx,414077377935
1150,FY25 Scoop Scuba,10/14/24,FedEx,414077377968
6300,FY25 Scoop Scuba,10/14/24,FedEx,414077377980
284,FY25 Scoop Scuba,10/14/24,FedEx,414077378004
544,FY25 Scoop Scuba,10/14/24,FedEx,414077378037
1254,FY25 Scoop Scuba,10/14/24,FedEx,414077378060
1434,FY25 Scoop Scuba,10/14/24,FedEx,414077378118
6467,FY25 Scoop Scuba,10/14/24,FedEx,414077378151
1216,FY25 Scoop Scuba,10/14/24,FedEx,414077378162
2385,FY25 Scoop Scuba,10/14/24,FedEx,414077378200
2463,FY25 Scoop Scuba,10/14/24,FedEx,414077378210
2427,FY25 Scoop Scuba,10/14/24,FedEx,414077378232
2947,FY25 Scoop Scuba,10/14/24,FedEx,414077378254
5312,FY25 Scoop Scuba,10/14/24,FedEx,414077378324
140,FY25 Scoop Scuba,10/14/24,FedEx,414077378335
743,FY25 Scoop Scuba,10/14/24,FedEx,414077378379
1204,FY25 Scoop Scuba,10/14/24,FedEx,414077378405
1626,FY25 Scoop Scuba,10/14/24,FedEx,414077378574
3406,FY25 Scoop Scuba,10/14/24,FedEx,414077378585
266,FY25 Scoop Scuba,10/14/24,FedEx,414077378633
131,FY25 Scoop Scuba,10/14/24,FedEx,414077378677
414,FY25 Scoop Scuba,10/14/24,FedEx,414077378688
202,FY25 Scoop Scuba,10/14/24,FedEx,414077378699
420,FY25 Scoop Scuba,10/14/24,FedEx,414077378703
426,FY25 Scoop Scuba,10/14/24,FedEx,414077378714
129,FY25 Scoop Scuba,10/14/24,FedEx,414077378747
4430,FY25 Scoop Scuba,10/14/24,FedEx,414077380210
806,FY25 Scoop Scuba,10/14/24,FedEx,414077380221
1218,FY25 Scoop Scuba,10/14/24,FedEx,414077380232
1888,FY25 Scoop Scuba,10/14/24,FedEx,414077380265
2781,FY25 Scoop Scuba,10/14/24,FedEx,414077380298
3833,FY25 Scoop Scuba,10/14/24,FedEx,414077380302
3751,FY25 Scoop Scuba,10/14/24,FedEx,414077380357
2482,FY25 Scoop Scuba,10/14/24,FedEx,414077380380
3360,FY25 Scoop Scuba,10/14/24,FedEx,414077380390
5428,FY25 Scoop Scuba,10/14/24,FedEx,414077380416
1859,FY25 Scoop Scuba,10/14/24,FedEx,414077380438
1381,FY25 Scoop Scuba,10/14/24,FedEx,414077380471
1646,FY25 Scoop Scuba,10/14/24,FedEx,414077380508
1951,FY25 Scoop Scuba,10/14/24,FedEx,414077380519
3896,FY25 Scoop Scuba,10/14/24,FedEx,414077380541
1306,FY25 Scoop Scuba,10/14/24,FedEx,414077380563
2780,FY25 Scoop Scuba,10/14/24,FedEx,414077380574
3799,FY25 Scoop Scuba,10/14/24,FedEx,414077380585
4601,FY25 Scoop Scuba,10/14/24,FedEx,414077380611
1324,FY25 Scoop Scuba,10/14/24,FedEx,414077380633
4325,FY25 Scoop Scuba,10/14/24,FedEx,414077380736
1474,FY25 Scoop Scuba,10/14/24,FedEx,414077380758
5155,FY25 Scoop Scuba,10/14/24,FedEx,414077380791
5342,FY25 Scoop Scuba,10/14/24,FedEx,414077380806
1411,FY25 Scoop Scuba,10/14/24,FedEx,414077380817
1149,FY25 Scoop Scuba,10/14/24,FedEx,414077380839
1438,FY25 Scoop Scuba,10/14/24,FedEx,414077380840
3861,FY25 Scoop Scuba,10/14/24,FedEx,414077380850
2556,FY25 Scoop Scuba,10/14/24,FedEx,414077380861
1853,FY25 Scoop Scuba,10/14/24,FedEx,414077380883
2297,FY25 Scoop Scuba,10/14/24,FedEx,414077380894
1600,FY25 Scoop Scuba,10/14/24,FedEx,414077380909
4238,FY25 Scoop Scuba,10/14/24,FedEx,414077380910
1832,FY25 Scoop Scuba,10/14/24,FedEx,414077380920
1879,FY25 Scoop Scuba,10/14/24,FedEx,414077380931
1805,FY25 Scoop Scuba,10/14/24,FedEx,414077380942
2099,FY25 Scoop Scuba,10/14/24,FedEx,414077380953
1838,FY25 Scoop Scuba,10/14/24,FedEx,414077380964
2501,FY25 Scoop Scuba,10/14/24,FedEx,414077368470
130,FY25 Scoop Scuba,10/14/24,FedEx,414077370805
12,FY25 Scoop Scuba,10/14/24,FedEx,414077370985
10,FY25 Scoop Scuba,10/14/24,FedEx,414077371021
168,FY25 Scoop Scuba,10/14/24,FedEx,414077371124
894,FY25 Scoop Scuba,10/14/24,FedEx,414077371889
1597,FY25 Scoop Scuba,10/14/24,FedEx,414077371970
4637,FY25 Scoop Scuba,10/14/24,FedEx,414077373918
935,FY25 Scoop Scuba,10/15/24,FedEx,414077375244
1534,FY25 Scoop Scuba,10/15/24,FedEx,414077375380
1864,FY25 Scoop Scuba,10/15/24,FedEx,414077375748
3209,FY25 Scoop Scuba,10/15/24,FedEx,414077376343
3886,FY25 Scoop Scuba,10/15/24,FedEx,414077376457
429,FY25 Scoop Scuba,10/15/24,FedEx,414077376880
839,FY25 Scoop Scuba,10/15/24,FedEx,414077376928
531,FY25 Scoop Scuba,10/15/24,FedEx,414077376940
1535,FY25 Scoop Scuba,10/15/24,FedEx,414077377030
7301,FY25 Scoop Scuba,10/15/24,FedEx,414077377317
397,FY25 Scoop Scuba,10/15/24,FedEx,414077377350
3567,FY25 Scoop Scuba,10/15/24,FedEx,414077377410
1562,FY25 Scoop Scuba,10/15/24,FedEx,414077377589
5432,FY25 Scoop Scuba,10/15/24,FedEx,414077377692
4129,FY25 Scoop Scuba,10/15/24,FedEx,414077377762
1126,FY25 Scoop Scuba,10/15/24,FedEx,414077377946
1199,FY25 Scoop Scuba,10/15/24,FedEx,414077377957
1315,FY25 Scoop Scuba,10/15/24,FedEx,414077377979
5341,FY25 Scoop Scuba,10/15/24,FedEx,414077377990
462,FY25 Scoop Scuba,10/15/24,FedEx,414077378015
651,FY25 Scoop Scuba,10/15/24,FedEx,414077378048
984,FY25 Scoop Scuba,10/15/24,FedEx,414077378059
3259,FY25 Scoop Scuba,10/15/24,FedEx,414077378081
3794,FY25 Scoop Scuba,10/15/24,FedEx,414077378092
791,FY25 Scoop Scuba,10/15/24,FedEx,414077378107
1837,FY25 Scoop Scuba,10/15/24,FedEx,414077378129
2269,FY25 Scoop Scuba,10/15/24,FedEx,414077378130
3298,FY25 Scoop Scuba,10/15/24,FedEx,414077378140
953,FY25 Scoop Scuba,10/15/24,FedEx,414077378173
1689,FY25 Scoop Scuba,10/15/24,FedEx,414077378184
2243,FY25 Scoop Scuba,10/15/24,FedEx,414077378195
2729,FY25 Scoop Scuba,10/15/24,FedEx,414077378221
3279,FY25 Scoop Scuba,10/15/24,FedEx,414077378265
3824,FY25 Scoop Scuba,10/15/24,FedEx,414077378276
5137,FY25 Scoop Scuba,10/15/24,FedEx,414077378287
5146,FY25 Scoop Scuba,10/15/24,FedEx,414077378298
4567,FY25 Scoop Scuba,10/15/24,FedEx,414077378302
407,FY25 Scoop Scuba,10/15/24,FedEx,414077378357
504,FY25 Scoop Scuba,10/15/24,FedEx,414077378368
782,FY25 Scoop Scuba,10/15/24,FedEx,414077378380
1347,FY25 Scoop Scuba,10/15/24,FedEx,414077378416
2066,FY25 Scoop Scuba,10/15/24,FedEx,414077378427
2249,FY25 Scoop Scuba,10/15/24,FedEx,414077378438
2101,FY25 Scoop Scuba,10/15/24,FedEx,414077378449
3867,FY25 Scoop Scuba,10/15/24,FedEx,414077378450
3645,FY25 Scoop Scuba,10/15/24,FedEx,414077378460
3623,FY25 Scoop Scuba,10/15/24,FedEx,414077378471
4599,FY25 Scoop Scuba,10/15/24,FedEx,414077378482
5144,FY25 Scoop Scuba,10/15/24,FedEx,414077378493
5440,FY25 Scoop Scuba,10/15/24,FedEx,414077378508
5370,FY25 Scoop Scuba,10/15/24,FedEx,414077378519
5317,FY25 Scoop Scuba,10/15/24,FedEx,414077378520
744,FY25 Scoop Scuba,10/15/24,FedEx,414077378530
906,FY25 Scoop Scuba,10/15/24,FedEx,414077378563
508,FY25 Scoop Scuba,10/15/24,FedEx,414077378622
399,FY25 Scoop Scuba,10/15/24,FedEx,414077378666
449,FY25 Scoop Scuba,10/15/24,FedEx,414077378758
1440,FY25 Scoop Scuba,10/15/24,FedEx,414077380243
3208,FY25 Scoop Scuba,10/15/24,FedEx,414077380254
1240,FY25 Scoop Scuba,10/15/24,FedEx,414077380276
2553,FY25 Scoop Scuba,10/15/24,FedEx,414077380287
4337,FY25 Scoop Scuba,10/15/24,FedEx,414077380313
5494,FY25 Scoop Scuba,10/15/24,FedEx,414077380324
1903,FY25 Scoop Scuba,10/15/24,FedEx,414077380335
2044,FY25 Scoop Scuba,10/15/24,FedEx,414077380346
1598,FY25 Scoop Scuba,10/15/24,FedEx,414077380368
2051,FY25 Scoop Scuba,10/15/24,FedEx,414077380379
3366,FY25 Scoop Scuba,10/15/24,FedEx,414077380405
3493,FY25 Scoop Scuba,10/15/24,FedEx,414077380427
2307,FY25 Scoop Scuba,10/15/24,FedEx,414077380449
1417,FY25 Scoop Scuba,10/15/24,FedEx,414077380450
1364,FY25 Scoop Scuba,10/15/24,FedEx,414077380482
1575,FY25 Scoop Scuba,10/15/24,FedEx,414077380493
3408,FY25 Scoop Scuba,10/15/24,FedEx,414077380520
3848,FY25 Scoop Scuba,10/15/24,FedEx,414077380530
5139,FY25 Scoop Scuba,10/15/24,FedEx,414077380552
3407,FY25 Scoop Scuba,10/15/24,FedEx,414077380596
3712,FY25 Scoop Scuba,10/15/24,FedEx,414077380600
5136,FY25 Scoop Scuba,10/15/24,FedEx,414077380622
1370,FY25 Scoop Scuba,10/15/24,FedEx,414077380644
1648,FY25 Scoop Scuba,10/15/24,FedEx,414077380655
1846,FY25 Scoop Scuba,10/15/24,FedEx,414077380666
2190,FY25 Scoop Scuba,10/15/24,FedEx,414077380677
2402,FY25 Scoop Scuba,10/15/24,FedEx,414077380688
2418,FY25 Scoop Scuba,10/15/24,FedEx,414077380699
3277,FY25 Scoop Scuba,10/15/24,FedEx,414077380703
3708,FY25 Scoop Scuba,10/15/24,FedEx,414077380714
3652,FY25 Scoop Scuba,10/15/24,FedEx,414077380725
5235,FY25 Scoop Scuba,10/15/24,FedEx,414077380747
1972,FY25 Scoop Scuba,10/15/24,FedEx,414077380769
2922,FY25 Scoop Scuba,10/15/24,FedEx,414077380770
3897,FY25 Scoop Scuba,10/15/24,FedEx,414077380780
826,FY25 Scoop Scuba,10/15/24,FedEx,414077380828
307,FY25 Scoop Scuba,10/15/24,FedEx,414077369102
376,FY25 Scoop Scuba,10/15/24,FedEx,414077369179
3648,FY25 Scoop Scuba,10/15/24,FedEx,414077369606
553,FY25 Scoop Scuba,10/15/24,FedEx,414077369878
3404,FY25 Scoop Scuba,10/15/24,FedEx,414077370139
452,FY25 Scoop Scuba,10/15/24,FedEx,414077370231
1041,FY25 Scoop Scuba,10/15/24,FedEx,414077370301
1206,FY25 Scoop Scuba,10/15/24,FedEx,414077370312
2763,FY25 Scoop Scuba,10/15/24,FedEx,414077370676
5808,FY25 Scoop Scuba,10/15/24,FedEx,414077370735
5809,FY25 Scoop Scuba,10/15/24,FedEx,414077370790
415,FY25 Scoop Scuba,10/15/24,FedEx,414077370974
448,FY25 Scoop Scuba,10/15/24,FedEx,414077371032
450,FY25 Scoop Scuba,10/15/24,FedEx,414077371065
75,FY25 Scoop Scuba,10/15/24,FedEx,414077371135
540,FY25 Scoop Scuba,10/15/24,FedEx,414077371477
912,FY25 Scoop Scuba,10/15/24,FedEx,414077371580
918,FY25 Scoop Scuba,10/15/24,FedEx,414077371764
1102,FY25 Scoop Scuba,10/15/24,FedEx,414077371812
1365,FY25 Scoop Scuba,10/15/24,FedEx,414077371904
1266,FY25 Scoop Scuba,10/15/24,FedEx,414077372039
1654,FY25 Scoop Scuba,10/15/24,FedEx,414077372429
1633,FY25 Scoop Scuba,10/15/24,FedEx,414077372484
2274,FY25 Scoop Scuba,10/15/24,FedEx,414077372830
2665,FY25 Scoop Scuba,10/15/24,FedEx,414077372911
2642,FY25 Scoop Scuba,10/15/24,FedEx,414077372966
2448,FY25 Scoop Scuba,10/15/24,FedEx,414077373013
2937,FY25 Scoop Scuba,10/15/24,FedEx,414077373182
3288,FY25 Scoop Scuba,10/15/24,FedEx,414077373274
5056,FY25 Scoop Scuba,10/15/24,FedEx,414077373675
4295,FY25 Scoop Scuba,10/15/24,FedEx,414077373892
5806,FY25 Scoop Scuba,10/15/24,FedEx,414077374064
5977,FY25 Scoop Scuba,10/15/24,FedEx,414077374190
1473,FY25 Scoop Scuba,10/15/24,FedEx,414077374498
141,FY25 Scoop Scuba,10/16/24,FedEx,414077374720
16,FY25 Scoop Scuba,10/16/24,FedEx,414077374796
11,FY25 Scoop Scuba,10/16/24,FedEx,414077374822
853,FY25 Scoop Scuba,10/16/24,FedEx,414077374877
1195,FY25 Scoop Scuba,10/16/24,FedEx,414077375120
1259,FY25 Scoop Scuba,10/16/24,FedEx,414077375185
1163,FY25 Scoop Scuba,10/16/24,FedEx,414077375222
1433,FY25 Scoop Scuba,10/16/24,FedEx,414077375255
1346,FY25 Scoop Scuba,10/16/24,FedEx,414077375358
1331,FY25 Scoop Scuba,10/16/24,FedEx,414077375369
1539,FY25 Scoop Scuba,10/16/24,FedEx,414077375406
1429,FY25 Scoop Scuba,10/16/24,FedEx,414077375461
1564,FY25 Scoop Scuba,10/16/24,FedEx,414077375483
1568,FY25 Scoop Scuba,10/16/24,FedEx,414077375510
1752,FY25 Scoop Scuba,10/16/24,FedEx,414077375601
1745,FY25 Scoop Scuba,10/16/24,FedEx,414077375612
1895,FY25 Scoop Scuba,10/16/24,FedEx,414077375667
1718,FY25 Scoop Scuba,10/16/24,FedEx,414077375689
1714,FY25 Scoop Scuba,10/16/24,FedEx,414077375726
1622,FY25 Scoop Scuba,10/16/24,FedEx,414077375737
1611,FY25 Scoop Scuba,10/16/24,FedEx,414077375760
2275,FY25 Scoop Scuba,10/16/24,FedEx,414077375792
2019,FY25 Scoop Scuba,10/16/24,FedEx,414077375807
2191,FY25 Scoop Scuba,10/16/24,FedEx,414077375818
2287,FY25 Scoop Scuba,10/16/24,FedEx,414077375830
1961,FY25 Scoop Scuba,10/16/24,FedEx,414077375895
2062,FY25 Scoop Scuba,10/16/24,FedEx,414077375900
2078,FY25 Scoop Scuba,10/16/24,FedEx,414077375910
2124,FY25 Scoop Scuba,10/16/24,FedEx,414077375932
2611,FY25 Scoop Scuba,10/16/24,FedEx,414077375998
2313,FY25 Scoop Scuba,10/16/24,FedEx,414077376001
2533,FY25 Scoop Scuba,10/16/24,FedEx,414077376034
2618,FY25 Scoop Scuba,10/16/24,FedEx,414077376045
2619,FY25 Scoop Scuba,10/16/24,FedEx,414077376056
2561,FY25 Scoop Scuba,10/16/24,FedEx,414077376067
2631,FY25 Scoop Scuba,10/16/24,FedEx,414077376078
2350,FY25 Scoop Scuba,10/16/24,FedEx,414077376104
2691,FY25 Scoop Scuba,10/16/24,FedEx,414077376115
2559,FY25 Scoop Scuba,10/16/24,FedEx,414077376126
2358,FY25 Scoop Scuba,10/16/24,FedEx,414077376148
2359,FY25 Scoop Scuba,10/16/24,FedEx,414077376159
2715,FY25 Scoop Scuba,10/16/24,FedEx,414077376181
3294,FY25 Scoop Scuba,10/16/24,FedEx,414077376192
2872,FY25 Scoop Scuba,10/16/24,FedEx,414077376295
2866,FY25 Scoop Scuba,10/16/24,FedEx,414077376332
3641,FY25 Scoop Scuba,10/16/24,FedEx,414077376376
3792,FY25 Scoop Scuba,10/16/24,FedEx,414077376516
5028,FY25 Scoop Scuba,10/16/24,FedEx,414077376608
4257,FY25 Scoop Scuba,10/16/24,FedEx,414077376630
5104,FY25 Scoop Scuba,10/16/24,FedEx,414077376652
4475,FY25 Scoop Scuba,10/16/24,FedEx,414077376733
4243,FY25 Scoop Scuba,10/16/24,FedEx,414077376799
5088,FY25 Scoop Scuba,10/16/24,FedEx,414077376803
5471,FY25 Scoop Scuba,10/16/24,FedEx,414077376836
689,FY25 Scoop Scuba,10/16/24,FedEx,414077376950
1569,FY25 Scoop Scuba,10/16/24,FedEx,414077377074
2354,FY25 Scoop Scuba,10/16/24,FedEx,414077377122
2429,FY25 Scoop Scuba,10/16/24,FedEx,414077377155
2967,FY25 Scoop Scuba,10/16/24,FedEx,414077377199
3487,FY25 Scoop Scuba,10/16/24,FedEx,414077377203
3726,FY25 Scoop Scuba,10/16/24,FedEx,414077377225
3502,FY25 Scoop Scuba,10/16/24,FedEx,414077377236
3840,FY25 Scoop Scuba,10/16/24,FedEx,414077377258
4255,FY25 Scoop Scuba,10/16/24,FedEx,414077377280
5417,FY25 Scoop Scuba,10/16/24,FedEx,414077377339
5499,FY25 Scoop Scuba,10/16/24,FedEx,414077377340
1754,FY25 Scoop Scuba,10/16/24,FedEx,414077377383
2441,FY25 Scoop Scuba,10/16/24,FedEx,414077377394
5409,FY25 Scoop Scuba,10/16/24,FedEx,414077377420
1327,FY25 Scoop Scuba,10/16/24,FedEx,414077377512
1595,FY25 Scoop Scuba,10/16/24,FedEx,414077377707
1410,FY25 Scoop Scuba,10/16/24,FedEx,414077377730
5411,FY25 Scoop Scuba,10/16/24,FedEx,414077377800
5385,FY25 Scoop Scuba,10/16/24,FedEx,414077377832
5319,FY25 Scoop Scuba,10/16/24,FedEx,414077377865
5280,FY25 Scoop Scuba,10/16/24,FedEx,414077377887
19,FY25 Scoop Scuba,10/16/24,FedEx,414077377913
188,FY25 Scoop Scuba,10/16/24,FedEx,414077378026
3056,FY25 Scoop Scuba,10/16/24,FedEx,414077378070
3296,FY25 Scoop Scuba,10/16/24,FedEx,414077378243
5196,FY25 Scoop Scuba,10/16/24,FedEx,414077378313
2322,FY25 Scoop Scuba,10/16/24,FedEx,414077378346
765,FY25 Scoop Scuba,10/16/24,FedEx,414077378390
212,FY25 Scoop Scuba,10/16/24,FedEx,414077378541
4055,FY25 Scoop Scuba,10/16/24,FedEx,414077378552
391,FY25 Scoop Scuba,10/16/24,FedEx,414077378596
7,FY25 Scoop Scuba,10/16/24,FedEx,414077378600
258,FY25 Scoop Scuba,10/16/24,FedEx,414077378644
126,FY25 Scoop Scuba,10/16/24,FedEx,414077378655
175,FY25 Scoop Scuba,10/16/24,FedEx,414077378725
182,FY25 Scoop Scuba,10/16/24,FedEx,414077378736
1299,FY25 Scoop Scuba,10/16/24,FedEx,414077380460
2722,FY25 Scoop Scuba,10/16/24,FedEx,414077368459
2074,FY25 Scoop Scuba,10/16/24,FedEx,414077368460
1610,FY25 Scoop Scuba,10/16/24,FedEx,414077368492
1806,FY25 Scoop Scuba,10/16/24,FedEx,414077368518
2581,FY25 Scoop Scuba,10/16/24,FedEx,414077368573
2370,FY25 Scoop Scuba,10/16/24,FedEx,414077368665
2874,FY25 Scoop Scuba,10/16/24,FedEx,414077368676
1976,FY25 Scoop Scuba,10/16/24,FedEx,414077368687
2116,FY25 Scoop Scuba,10/16/24,FedEx,414077368735
1731,FY25 Scoop Scuba,10/16/24,FedEx,414077368768
1831,FY25 Scoop Scuba,10/16/24,FedEx,414077368779
1909,FY25 Scoop Scuba,10/16/24,FedEx,414077368790
2146,FY25 Scoop Scuba,10/16/24,FedEx,414077368838
2159,FY25 Scoop Scuba,10/16/24,FedEx,414077368850
2097,FY25 Scoop Scuba,10/16/24,FedEx,414077368871
2859,FY25 Scoop Scuba,10/16/24,FedEx,414077368930
2844,FY25 Scoop Scuba,10/16/24,FedEx,414077368952
3842,FY25 Scoop Scuba,10/16/24,FedEx,414077368974
1949,FY25 Scoop Scuba,10/16/24,FedEx,414077369000
2093,FY25 Scoop Scuba,10/16/24,FedEx,414077369043
5240,FY25 Scoop Scuba,10/16/24,FedEx,414077369076
1542,FY25 Scoop Scuba,10/16/24,FedEx,414077369124
2748,FY25 Scoop Scuba,10/16/24,FedEx,414077369157
970,FY25 Scoop Scuba,10/16/24,FedEx,414077369282
1222,FY25 Scoop Scuba,10/16/24,FedEx,414077369308
1233,FY25 Scoop Scuba,10/16/24,FedEx,414077369330
1247,FY25 Scoop Scuba,10/16/24,FedEx,414077369341
1362,FY25 Scoop Scuba,10/16/24,FedEx,414077369363
1594,FY25 Scoop Scuba,10/16/24,FedEx,414077369385
1644,FY25 Scoop Scuba,10/16/24,FedEx,414077369499
1665,FY25 Scoop Scuba,10/16/24,FedEx,414077369503
2720,FY25 Scoop Scuba,10/16/24,FedEx,414077369536
2726,FY25 Scoop Scuba,10/16/24,FedEx,414077369547
4611,FY25 Scoop Scuba,10/16/24,FedEx,414077369639
3439,FY25 Scoop Scuba,10/16/24,FedEx,414077369786
5160,FY25 Scoop Scuba,10/16/24,FedEx,414077369797
542,FY25 Scoop Scuba,10/16/24,FedEx,414077369867
909,FY25 Scoop Scuba,10/16/24,FedEx,414077369889
969,FY25 Scoop Scuba,10/16/24,FedEx,414077369926
1505,FY25 Scoop Scuba,10/16/24,FedEx,414077369970
1935,FY25 Scoop Scuba,10/16/24,FedEx,414077370003
1691,FY25 Scoop Scuba,10/16/24,FedEx,414077370036
1928,FY25 Scoop Scuba,10/16/24,FedEx,414077370047
2244,FY25 Scoop Scuba,10/16/24,FedEx,414077370058
2316,FY25 Scoop Scuba,10/16/24,FedEx,414077370070
3838,FY25 Scoop Scuba,10/16/24,FedEx,414077370140
5066,FY25 Scoop Scuba,10/16/24,FedEx,414077370172
5844,FY25 Scoop Scuba,10/16/24,FedEx,414077370209
1224,FY25 Scoop Scuba,10/16/24,FedEx,414077370323
1443,FY25 Scoop Scuba,10/16/24,FedEx,414077370345
1782,FY25 Scoop Scuba,10/16/24,FedEx,414077370378
2036,FY25 Scoop Scuba,10/16/24,FedEx,414077370389
2869,FY25 Scoop Scuba,10/16/24,FedEx,414077370390
5030,FY25 Scoop Scuba,10/16/24,FedEx,414077370448
866,FY25 Scoop Scuba,10/16/24,FedEx,414077370460
1962,FY25 Scoop Scuba,10/16/24,FedEx,414077370530
3445,FY25 Scoop Scuba,10/16/24,FedEx,414077370562
2273,FY25 Scoop Scuba,10/16/24,FedEx,414077370643
2361,FY25 Scoop Scuba,10/16/24,FedEx,414077370665
319,FY25 Scoop Scuba,10/16/24,FedEx,414077370941
365,FY25 Scoop Scuba,10/16/24,FedEx,414077371000
497,FY25 Scoop Scuba,10/16/24,FedEx,414077371146
739,FY25 Scoop Scuba,10/16/24,FedEx,414077371205
530,FY25 Scoop Scuba,10/16/24,FedEx,414077371227
558,FY25 Scoop Scuba,10/16/24,FedEx,414077371260
874,FY25 Scoop Scuba,10/16/24,FedEx,414077371433
1094,FY25 Scoop Scuba,10/16/24,FedEx,414077371547
904,FY25 Scoop Scuba,10/16/24,FedEx,414077371558
961,FY25 Scoop Scuba,10/16/24,FedEx,414077371570
1160,FY25 Scoop Scuba,10/16/24,FedEx,414077371591
919,FY25 Scoop Scuba,10/16/24,FedEx,414077371606
1016,FY25 Scoop Scuba,10/16/24,FedEx,414077371617
1168,FY25 Scoop Scuba,10/16/24,FedEx,414077371639
1025,FY25 Scoop Scuba,10/16/24,FedEx,414077371661
1140,FY25 Scoop Scuba,10/16/24,FedEx,414077371742
1212,FY25 Scoop Scuba,10/16/24,FedEx,414077371834
1441,FY25 Scoop Scuba,10/16/24,FedEx,414077371890
1407,FY25 Scoop Scuba,10/16/24,FedEx,414077371948
1519,FY25 Scoop Scuba,10/16/24,FedEx,414077372050
1522,FY25 Scoop Scuba,10/16/24,FedEx,414077372083
1478,FY25 Scoop Scuba,10/16/24,FedEx,414077372109
1544,FY25 Scoop Scuba,10/16/24,FedEx,414077372131
1432,FY25 Scoop Scuba,10/16/24,FedEx,414077372164
1326,FY25 Scoop Scuba,10/16/24,FedEx,414077372223
1353,FY25 Scoop Scuba,10/16/24,FedEx,414077372234
1836,FY25 Scoop Scuba,10/16/24,FedEx,414077372278
1839,FY25 Scoop Scuba,10/16/24,FedEx,414077372289
1765,FY25 Scoop Scuba,10/16/24,FedEx,414077372315
1857,FY25 Scoop Scuba,10/16/24,FedEx,414077372326
1710,FY25 Scoop Scuba,10/16/24,FedEx,414077372337
1794,FY25 Scoop Scuba,10/16/24,FedEx,414077372370
1883,FY25 Scoop Scuba,10/16/24,FedEx,414077372381
1804,FY25 Scoop Scuba,10/16/24,FedEx,414077372392
1885,FY25 Scoop Scuba,10/16/24,FedEx,414077372407
1733,FY25 Scoop Scuba,10/16/24,FedEx,414077372440
1656,FY25 Scoop Scuba,10/16/24,FedEx,414077372462
1812,FY25 Scoop Scuba,10/16/24,FedEx,414077372473
1763,FY25 Scoop Scuba,10/16/24,FedEx,414077372495
2115,FY25 Scoop Scuba,10/16/24,FedEx,414077372598
2149,FY25 Scoop Scuba,10/16/24,FedEx,414077372635
2083,FY25 Scoop Scuba,10/16/24,FedEx,414077372646
2185,FY25 Scoop Scuba,10/16/24,FedEx,414077372668
2193,FY25 Scoop Scuba,10/16/24,FedEx,414077372690
2197,FY25 Scoop Scuba,10/16/24,FedEx,414077372705
2199,FY25 Scoop Scuba,10/16/24,FedEx,414077372716
1973,FY25 Scoop Scuba,10/16/24,FedEx,414077372727
2209,FY25 Scoop Scuba,10/16/24,FedEx,414077372738
1948,FY25 Scoop Scuba,10/16/24,FedEx,414077372760
2311,FY25 Scoop Scuba,10/16/24,FedEx,414077372874
2471,FY25 Scoop Scuba,10/16/24,FedEx,414077372922
2603,FY25 Scoop Scuba,10/16/24,FedEx,414077372933
2519,FY25 Scoop Scuba,10/16/24,FedEx,414077372955
2644,FY25 Scoop Scuba,10/16/24,FedEx,414077372988
2318,FY25 Scoop Scuba,10/16/24,FedEx,414077372999
2400,FY25 Scoop Scuba,10/16/24,FedEx,414077373002
2576,FY25 Scoop Scuba,10/16/24,FedEx,414077373024
2420,FY25 Scoop Scuba,10/16/24,FedEx,414077373046
2755,FY25 Scoop Scuba,10/16/24,FedEx,414077373068
2725,FY25 Scoop Scuba,10/16/24,FedEx,414077373080
2597,FY25 Scoop Scuba,10/16/24,FedEx,414077373116
2558,FY25 Scoop Scuba,10/16/24,FedEx,414077373127
2867,FY25 Scoop Scuba,10/16/24,FedEx,414077373150
3273,FY25 Scoop Scuba,10/16/24,FedEx,414077373219
2873,FY25 Scoop Scuba,10/16/24,FedEx,414077373220
3281,FY25 Scoop Scuba,10/16/24,FedEx,414077373230
3293,FY25 Scoop Scuba,10/16/24,FedEx,414077373296
2852,FY25 Scoop Scuba,10/16/24,FedEx,414077373300
3215,FY25 Scoop Scuba,10/16/24,FedEx,414077373344
2774,FY25 Scoop Scuba,10/16/24,FedEx,414077373355
2855,FY25 Scoop Scuba,10/16/24,FedEx,414077373366
3206,FY25 Scoop Scuba,10/16/24,FedEx,414077373377
3336,FY25 Scoop Scuba,10/16/24,FedEx,414077373388
3812,FY25 Scoop Scuba,10/16/24,FedEx,414077373414
3738,FY25 Scoop Scuba,10/16/24,FedEx,414077373447
3571,FY25 Scoop Scuba,10/16/24,FedEx,414077373469
3429,FY25 Scoop Scuba,10/16/24,FedEx,414077373470
3783,FY25 Scoop Scuba,10/16/24,FedEx,414077373480
3447,FY25 Scoop Scuba,10/16/24,FedEx,414077373517
3580,FY25 Scoop Scuba,10/16/24,FedEx,414077373572
5048,FY25 Scoop Scuba,10/16/24,FedEx,414077373653
5079,FY25 Scoop Scuba,10/16/24,FedEx,414077373767
5082,FY25 Scoop Scuba,10/16/24,FedEx,414077373778
5025,FY25 Scoop Scuba,10/16/24,FedEx,414077373870
4230,FY25 Scoop Scuba,10/16/24,FedEx,414077373881
4231,FY25 Scoop Scuba,10/16/24,FedEx,414077373907
5174,FY25 Scoop Scuba,10/16/24,FedEx,414077373962
5184,FY25 Scoop Scuba,10/16/24,FedEx,414077373984
4404,FY25 Scoop Scuba,10/16/24,FedEx,414077373995
5185,FY25 Scoop Scuba,10/16/24,FedEx,414077374009
7290,FY25 Scoop Scuba,10/16/24,FedEx,414077374031
5842,FY25 Scoop Scuba,10/16/24,FedEx,414077374086
5446,FY25 Scoop Scuba,10/16/24,FedEx,414077374112
5472,FY25 Scoop Scuba,10/16/24,FedEx,414077374145
5285,FY25 Scoop Scuba,10/16/24,FedEx,414077374204
6469,FY25 Scoop Scuba,10/16/24,FedEx,414077374248
692,FY25 Scoop Scuba,10/16/24,FedEx,414077374395
719,FY25 Scoop Scuba,10/16/24,FedEx,414077374421
1113,FY25 Scoop Scuba,10/16/24,FedEx,414077374454
1495,FY25 Scoop Scuba,10/16/24,FedEx,414077374487
1296,FY25 Scoop Scuba,10/16/24,FedEx,414077374524
1329,FY25 Scoop Scuba,10/16/24,FedEx,414077374535
1428,FY25 Scoop Scuba,10/16/24,FedEx,414077374546
1790,FY25 Scoop Scuba,10/16/24,FedEx,414077374568
1987,FY25 Scoop Scuba,10/16/24,FedEx,414077374580
2338,FY25 Scoop Scuba,10/16/24,FedEx,414077374638
2910,FY25 Scoop Scuba,10/16/24,FedEx,414077374650
4660,FY25 Scoop Scuba,10/16/24,FedEx,414077374708
2267,FY25 Scoop Scuba,10/17/24,FedEx,414077368595
2184,FY25 Scoop Scuba,10/17/24,FedEx,414077368632
2373,FY25 Scoop Scuba,10/17/24,FedEx,414077368654
2170,FY25 Scoop Scuba,10/17/24,FedEx,414077368860
991,FY25 Scoop Scuba,10/17/24,FedEx,414077369320
1769,FY25 Scoop Scuba,10/17/24,FedEx,414077369455
3436,FY25 Scoop Scuba,10/17/24,FedEx,414077369628
3344,FY25 Scoop Scuba,10/17/24,FedEx,414077369753
2371,FY25 Scoop Scuba,10/17/24,FedEx,414077370128
3609,FY25 Scoop Scuba,10/17/24,FedEx,414077370150
4521,FY25 Scoop Scuba,10/17/24,FedEx,414077370161
575,FY25 Scoop Scuba,10/17/24,FedEx,414077371400
1030,FY25 Scoop Scuba,10/17/24,FedEx,414077371731
1223,FY25 Scoop Scuba,10/17/24,FedEx,414077371845
1318,FY25 Scoop Scuba,10/17/24,FedEx,414077372120
1286,FY25 Scoop Scuba,10/17/24,FedEx,414077372175
2232,FY25 Scoop Scuba,10/17/24,FedEx,414077372750
1968,FY25 Scoop Scuba,10/17/24,FedEx,414077372771
2061,FY25 Scoop Scuba,10/17/24,FedEx,414077372819
2687,FY25 Scoop Scuba,10/17/24,FedEx,414077372944
2543,FY25 Scoop Scuba,10/17/24,FedEx,414077373079
2920,FY25 Scoop Scuba,10/17/24,FedEx,414077373138
3660,FY25 Scoop Scuba,10/17/24,FedEx,414077373436
3538,FY25 Scoop Scuba,10/17/24,FedEx,414077373561
5064,FY25 Scoop Scuba,10/17/24,FedEx,414077373701
4440,FY25 Scoop Scuba,10/17/24,FedEx,414077373756
5085,FY25 Scoop Scuba,10/17/24,FedEx,414077373789
4456,FY25 Scoop Scuba,10/17/24,FedEx,414077373940
4235,FY25 Scoop Scuba,10/17/24,FedEx,414077373951
5787,FY25 Scoop Scuba,10/17/24,FedEx,414077374020
5745,FY25 Scoop Scuba,10/17/24,FedEx,414077374307
5320,FY25 Scoop Scuba,10/17/24,FedEx,414077374330
1320,FY25 Scoop Scuba,10/17/24,FedEx,414077374502
2535,FY25 Scoop Scuba,10/17/24,FedEx,414077374605
3255,FY25 Scoop Scuba,10/17/24,FedEx,414077374660
154,FY25 Scoop Scuba,10/17/24,FedEx,414077374752
518,FY25 Scoop Scuba,10/17/24,FedEx,414077374855
778,FY25 Scoop Scuba,10/17/24,FedEx,414077375049
1261,FY25 Scoop Scuba,10/17/24,FedEx,414077375060
1527,FY25 Scoop Scuba,10/17/24,FedEx,414077375266
1449,FY25 Scoop Scuba,10/17/24,FedEx,414077375303
1454,FY25 Scoop Scuba,10/17/24,FedEx,414077375325
1869,FY25 Scoop Scuba,10/17/24,FedEx,414077375770
2167,FY25 Scoop Scuba,10/17/24,FedEx,414077375862
2010,FY25 Scoop Scuba,10/17/24,FedEx,414077375965
2574,FY25 Scoop Scuba,10/17/24,FedEx,414077376089
3310,FY25 Scoop Scuba,10/17/24,FedEx,414077376273
3349,FY25 Scoop Scuba,10/17/24,FedEx,414077376310
3453,FY25 Scoop Scuba,10/17/24,FedEx,414077376468
3851,FY25 Scoop Scuba,10/17/24,FedEx,414077376550
3588,FY25 Scoop Scuba,10/17/24,FedEx,414077376560
5057,FY25 Scoop Scuba,10/17/24,FedEx,414077376663
5275,FY25 Scoop Scuba,10/17/24,FedEx,414077376814
511,FY25 Scoop Scuba,10/17/24,FedEx,414077376869
1406,FY25 Scoop Scuba,10/17/24,FedEx,414077377063
3304,FY25 Scoop Scuba,10/17/24,FedEx,414077377166
1359,FY25 Scoop Scuba,10/17/24,FedEx,414077377442
5747,FY25 Scoop Scuba,10/17/24,FedEx,414077377545
1155,FY25 Scoop Scuba,10/17/24,FedEx,414077377729
6958,FY25 Scoop Scuba,10/17/24,FedEx,414077377843
1585,FY25 Scoop Scuba,10/17/24,FedEx,414077379055
4194,FY25 Scoop Scuba,10/17/24,FedEx,414077379364
1636,FY25 Scoop Scuba,10/17/24,FedEx,414077379982
981,FY25 Scoop Scuba,10/18/24,FedEx,414077369890
2330,FY25 Scoop Scuba,10/18/24,FedEx,414077368746
5735,FY25 Scoop Scuba,10/17/24,FedEx,414077374329
24,FY25 Scoop Scuba,10/17/24,FedEx,414077378872
1924,FY25 Scoop Scuba,10/18/24,FedEx,414077368805
112,FY25 Scoop Scuba,N/A,FedEx,414077378611
1971,FY25 Scoop Scuba,N/A,FedEx,414077375851
1242,FY25 Scoop Scuba,10/17/24,FedEx,414077369937
1536,FY25 Scoop Scuba,10/17/24,FedEx,414077369959
5218,FY25 Scoop Scuba,10/17/24,FedEx,414077374075
2796,FY25 Scoop Scuba,10/17/24,FedEx,414077376321
1179,FY25 Scoop Scuba,10/17/24,FedEx,414077377501
5347,FY25 Scoop Scuba,10/17/24,FedEx,414077377876
1186,FY25 Scoop Scuba,10/17/24,FedEx,414077379000
1834,FY25 Scoop Scuba,10/17/24,FedEx,414077379103
2075,FY25 Scoop Scuba,10/17/24,FedEx,414077379114
2538,FY25 Scoop Scuba,10/17/24,FedEx,414077379169
5424,FY25 Scoop Scuba,10/17/24,FedEx,414077379397
408,FY25 Scoop Scuba,10/17/24,FedEx,414077379467
1880,FY25 Scoop Scuba,10/17/24,FedEx,414077379732
3511,FY25 Scoop Scuba,10/17/24,FedEx,414077380004
5935,FY25 Scoop Scuba,10/17/24,FedEx,414077380162
1447,FY25 Scoop Scuba,10/18/24,FedEx,414077369433
1581,FY25 Scoop Scuba,10/18/24,FedEx,414077369981
1538,FY25 Scoop Scuba,10/18/24,FedEx,414077372094
1786,FY25 Scoop Scuba,10/18/24,FedEx,414077372500
3498,FY25 Scoop Scuba,10/18/24,FedEx,414077373425
3624,FY25 Scoop Scuba,10/18/24,FedEx,414077373491
1520,FY25 Scoop Scuba,10/18/24,FedEx,414077375336
1472,FY25 Scoop Scuba,10/18/24,FedEx,414077375370
1545,FY25 Scoop Scuba,10/18/24,FedEx,414077375417
1500,FY25 Scoop Scuba,10/18/24,FedEx,414077375428
1470,FY25 Scoop Scuba,10/18/24,FedEx,414077375472
1577,FY25 Scoop Scuba,10/18/24,FedEx,414077375575
1861,FY25 Scoop Scuba,10/18/24,FedEx,414077375715
5089,FY25 Scoop Scuba,10/18/24,FedEx,414077376700
2643,FY25 Scoop Scuba,10/18/24,FedEx,414077377637
124,FY25 Scoop Scuba,10/18/24,FedEx,414077378850
2575,FY25 Scoop Scuba,10/18/24,FedEx,414077379158
3331,FY25 Scoop Scuba,10/18/24,FedEx,414077379261
4460,FY25 Scoop Scuba,10/18/24,FedEx,414077379375
2587,FY25 Scoop Scuba,10/18/24,FedEx,414077379537
261,FY25 Scoop Scuba,10/18/24,FedEx,414077379592
52,FY25 Scoop Scuba,10/18/24,FedEx,414077379607
70,FY25 Scoop Scuba,10/18/24,FedEx,414077379629
716,FY25 Scoop Scuba,10/18/24,FedEx,414077379662
1530,FY25 Scoop Scuba,10/18/24,FedEx,414077379710
94,FY25 Scoop Scuba,10/18/24,FedEx,414077380060
677,FY25 Scoop Scuba,10/18/24,FedEx,414077380081
45,FY25 Scoop Scuba,10/18/24,FedEx,414077380184
184,FY25 Scoop Scuba,10/17/24,FedEx,414077370220
671,FY25 Scoop Scuba,10/17/24,FedEx,414077371180
1715,FY25 Scoop Scuba,10/17/24,FedEx,414077372359
691,FY25 Scoop Scuba,10/17/24,FedEx,414077374991
1515,FY25 Scoop Scuba,10/17/24,FedEx,414077375288
948,FY25 Scoop Scuba,10/17/24,FedEx,414077376983
4224,FY25 Scoop Scuba,10/17/24,FedEx,414077377269
572,FY25 Scoop Scuba,10/17/24,FedEx,414077378931
1772,FY25 Scoop Scuba,10/17/24,FedEx,414077379066
1830,FY25 Scoop Scuba,10/18/24,FedEx,414077368507
1994,FY25 Scoop Scuba,10/18/24,FedEx,414077368529
2088,FY25 Scoop Scuba,10/18/24,FedEx,414077368540
1993,FY25 Scoop Scuba,10/18/24,FedEx,414077368643
1677,FY25 Scoop Scuba,10/18/24,FedEx,414077368698
1705,FY25 Scoop Scuba,10/18/24,FedEx,414077368780
2285,FY25 Scoop Scuba,10/18/24,FedEx,414077368816
2234,FY25 Scoop Scuba,10/18/24,FedEx,414077368893
2351,FY25 Scoop Scuba,10/18/24,FedEx,414077368919
1673,FY25 Scoop Scuba,10/18/24,FedEx,414077369010
1619,FY25 Scoop Scuba,10/18/24,FedEx,414077369021
1167,FY25 Scoop Scuba,N/A,FedEx,414077375071
1939,FY25 Scoop Scuba,10/17/24,FedEx,414077368481
2202,FY25 Scoop Scuba,10/17/24,FedEx,414077368530
2965,FY25 Scoop Scuba,10/17/24,FedEx,414077368551
2107,FY25 Scoop Scuba,10/17/24,FedEx,414077368562
2118,FY25 Scoop Scuba,10/17/24,FedEx,414077368584
2224,FY25 Scoop Scuba,10/17/24,FedEx,414077368600
2055,FY25 Scoop Scuba,10/17/24,FedEx,414077368610
2013,FY25 Scoop Scuba,10/17/24,FedEx,414077368621
2719,FY25 Scoop Scuba,10/17/24,FedEx,414077368702
1930,FY25 Scoop Scuba,10/17/24,FedEx,414077368713
2046,FY25 Scoop Scuba,10/17/24,FedEx,414077368724
1698,FY25 Scoop Scuba,10/17/24,FedEx,414077368757
2138,FY25 Scoop Scuba,10/17/24,FedEx,414077368827
2153,FY25 Scoop Scuba,10/17/24,FedEx,414077368849
2200,FY25 Scoop Scuba,10/17/24,FedEx,414077368882
2369,FY25 Scoop Scuba,10/17/24,FedEx,414077368908
2398,FY25 Scoop Scuba,10/17/24,FedEx,414077368920
2900,FY25 Scoop Scuba,10/17/24,FedEx,414077368941
3535,FY25 Scoop Scuba,10/17/24,FedEx,414077368963
4597,FY25 Scoop Scuba,10/17/24,FedEx,414077368985
5448,FY25 Scoop Scuba,10/17/24,FedEx,414077368996
2183,FY25 Scoop Scuba,10/17/24,FedEx,414077369032
2331,FY25 Scoop Scuba,10/17/24,FedEx,414077369054
2332,FY25 Scoop Scuba,10/17/24,FedEx,414077369065
1749,FY25 Scoop Scuba,10/17/24,FedEx,414077369087
2130,FY25 Scoop Scuba,10/17/24,FedEx,414077369098
491,FY25 Scoop Scuba,10/17/24,FedEx,414077369113
1344,FY25 Scoop Scuba,10/17/24,FedEx,414077369135
2547,FY25 Scoop Scuba,10/17/24,FedEx,414077369146
3435,FY25 Scoop Scuba,10/17/24,FedEx,414077369168
444,FY25 Scoop Scuba,10/17/24,FedEx,414077369180
256,FY25 Scoop Scuba,10/17/24,FedEx,414077369190
818,FY25 Scoop Scuba,10/17/24,FedEx,414077369205
695,FY25 Scoop Scuba,10/17/24,FedEx,414077369216
623,FY25 Scoop Scuba,10/17/24,FedEx,414077369227
718,FY25 Scoop Scuba,10/17/24,FedEx,414077369238
742,FY25 Scoop Scuba,10/17/24,FedEx,414077369249
628,FY25 Scoop Scuba,10/17/24,FedEx,414077369250
844,FY25 Scoop Scuba,10/17/24,FedEx,414077369260
551,FY25 Scoop Scuba,10/17/24,FedEx,414077369271
1047,FY25 Scoop Scuba,10/17/24,FedEx,414077369293
1028,FY25 Scoop Scuba,10/17/24,FedEx,414077369319
892,FY25 Scoop Scuba,10/17/24,FedEx,414077369352
1413,FY25 Scoop Scuba,10/17/24,FedEx,414077369374
1566,FY25 Scoop Scuba,10/17/24,FedEx,414077369396
1408,FY25 Scoop Scuba,10/17/24,FedEx,414077369400
1465,FY25 Scoop Scuba,10/17/24,FedEx,414077369411
1481,FY25 Scoop Scuba,10/17/24,FedEx,414077369422
1290,FY25 Scoop Scuba,10/17/24,FedEx,414077369444
1850,FY25 Scoop Scuba,10/17/24,FedEx,414077369466
1605,FY25 Scoop Scuba,10/17/24,FedEx,414077369477
1823,FY25 Scoop Scuba,10/17/24,FedEx,414077369488
2262,FY25 Scoop Scuba,10/17/24,FedEx,414077369514
2208,FY25 Scoop Scuba,10/17/24,FedEx,414077369525
3205,FY25 Scoop Scuba,10/17/24,FedEx,414077369558
2897,FY25 Scoop Scuba,10/17/24,FedEx,414077369569
2757,FY25 Scoop Scuba,10/17/24,FedEx,414077369570
2786,FY25 Scoop Scuba,10/17/24,FedEx,414077369580
3864,FY25 Scoop Scuba,10/17/24,FedEx,414077369591
3527,FY25 Scoop Scuba,10/17/24,FedEx,414077369617
4482,FY25 Scoop Scuba,10/17/24,FedEx,414077369640
5118,FY25 Scoop Scuba,10/17/24,FedEx,414077369650
5752,FY25 Scoop Scuba,10/17/24,FedEx,414077369661
484,FY25 Scoop Scuba,10/17/24,FedEx,414077369672
672,FY25 Scoop Scuba,10/17/24,FedEx,414077369683
659,FY25 Scoop Scuba,10/17/24,FedEx,414077369694
1418,FY25 Scoop Scuba,10/17/24,FedEx,414077369709
1464,FY25 Scoop Scuba,10/17/24,FedEx,414077369710
1613,FY25 Scoop Scuba,10/17/24,FedEx,414077369720
1851,FY25 Scoop Scuba,10/17/24,FedEx,414077369731
3243,FY25 Scoop Scuba,10/17/24,FedEx,414077369742
2853,FY25 Scoop Scuba,10/17/24,FedEx,414077369764
3475,FY25 Scoop Scuba,10/17/24,FedEx,414077369775
510,FY25 Scoop Scuba,10/17/24,FedEx,414077369801
234,FY25 Scoop Scuba,10/17/24,FedEx,414077369812
582,FY25 Scoop Scuba,10/17/24,FedEx,414077369823
641,FY25 Scoop Scuba,10/17/24,FedEx,414077369834
618,FY25 Scoop Scuba,10/17/24,FedEx,414077369845
649,FY25 Scoop Scuba,10/17/24,FedEx,414077369856
974,FY25 Scoop Scuba,10/17/24,FedEx,414077369904
994,FY25 Scoop Scuba,10/17/24,FedEx,414077369915
1287,FY25 Scoop Scuba,10/17/24,FedEx,414077369948
1511,FY25 Scoop Scuba,10/17/24,FedEx,414077369960
1844,FY25 Scoop Scuba,10/17/24,FedEx,414077369992
1767,FY25 Scoop Scuba,10/17/24,FedEx,414077370014
1847,FY25 Scoop Scuba,10/17/24,FedEx,414077370025
2668,FY25 Scoop Scuba,10/17/24,FedEx,414077370069
2604,FY25 Scoop Scuba,10/17/24,FedEx,414077370080
2312,FY25 Scoop Scuba,10/17/24,FedEx,414077370091
2616,FY25 Scoop Scuba,10/17/24,FedEx,414077370106
2310,FY25 Scoop Scuba,10/17/24,FedEx,414077370117
4520,FY25 Scoop Scuba,10/17/24,FedEx,414077370183
5266,FY25 Scoop Scuba,10/17/24,FedEx,414077370194
5254,FY25 Scoop Scuba,10/17/24,FedEx,414077370210
138,FY25 Scoop Scuba,10/17/24,FedEx,414077370242
779,FY25 Scoop Scuba,10/17/24,FedEx,414077370253
685,FY25 Scoop Scuba,10/17/24,FedEx,414077370264
725,FY25 Scoop Scuba,10/17/24,FedEx,414077370275
1221,FY25 Scoop Scuba,10/17/24,FedEx,414077370286
928,FY25 Scoop Scuba,10/17/24,FedEx,414077370297
1071,FY25 Scoop Scuba,10/17/24,FedEx,414077370334
1349,FY25 Scoop Scuba,10/17/24,FedEx,414077370356
1298,FY25 Scoop Scuba,10/17/24,FedEx,414077370367
2821,FY25 Scoop Scuba,10/17/24,FedEx,414077370404
2847,FY25 Scoop Scuba,10/17/24,FedEx,414077370415
3782,FY25 Scoop Scuba,10/17/24,FedEx,414077370426
3418,FY25 Scoop Scuba,10/17/24,FedEx,414077370437
635,FY25 Scoop Scuba,10/17/24,FedEx,414077370459
805,FY25 Scoop Scuba,10/17/24,FedEx,414077370470
973,FY25 Scoop Scuba,10/17/24,FedEx,414077370481
1085,FY25 Scoop Scuba,10/17/24,FedEx,414077370492
929,FY25 Scoop Scuba,10/17/24,FedEx,414077370507
2065,FY25 Scoop Scuba,10/17/24,FedEx,414077370518
1991,FY25 Scoop Scuba,10/17/24,FedEx,414077370529
2497,FY25 Scoop Scuba,10/17/24,FedEx,414077370540
2560,FY25 Scoop Scuba,10/17/24,FedEx,414077370551
5131,FY25 Scoop Scuba,10/17/24,FedEx,414077370573
5060,FY25 Scoop Scuba,10/17/24,FedEx,414077370584
688,FY25 Scoop Scuba,10/17/24,FedEx,414077370595
1087,FY25 Scoop Scuba,10/17/24,FedEx,414077370600
1490,FY25 Scoop Scuba,10/17/24,FedEx,414077370610
1444,FY25 Scoop Scuba,10/17/24,FedEx,414077370621
1835,FY25 Scoop Scuba,10/17/24,FedEx,414077370632
2049,FY25 Scoop Scuba,10/17/24,FedEx,414077370654
3265,FY25 Scoop Scuba,10/17/24,FedEx,414077370687
3387,FY25 Scoop Scuba,10/17/24,FedEx,414077370698
3388,FY25 Scoop Scuba,10/17/24,FedEx,414077370702
4553,FY25 Scoop Scuba,10/17/24,FedEx,414077370713
4262,FY25 Scoop Scuba,10/17/24,FedEx,414077370724
2064,FY25 Scoop Scuba,10/17/24,FedEx,414077370746
2445,FY25 Scoop Scuba,10/17/24,FedEx,414077370757
2928,FY25 Scoop Scuba,10/17/24,FedEx,414077370768
4574,FY25 Scoop Scuba,10/17/24,FedEx,414077370779
4250,FY25 Scoop Scuba,10/17/24,FedEx,414077370780
1723,FY25 Scoop Scuba,10/17/24,FedEx,414077370816
931,FY25 Scoop Scuba,10/17/24,FedEx,414077370827
2962,FY25 Scoop Scuba,10/17/24,FedEx,414077370838
5142,FY25 Scoop Scuba,10/17/24,FedEx,414077370849
5455,FY25 Scoop Scuba,10/17/24,FedEx,414077370850
192,FY25 Scoop Scuba,10/17/24,FedEx,414077370860
5420,FY25 Scoop Scuba,10/17/24,FedEx,414077370871
26,FY25 Scoop Scuba,10/17/24,FedEx,414077370882
237,FY25 Scoop Scuba,10/17/24,FedEx,414077370893
61,FY25 Scoop Scuba,10/17/24,FedEx,414077370908
195,FY25 Scoop Scuba,10/17/24,FedEx,414077370919
306,FY25 Scoop Scuba,10/17/24,FedEx,414077370920
196,FY25 Scoop Scuba,10/17/24,FedEx,414077370930
406,FY25 Scoop Scuba,10/17/24,FedEx,414077370952
329,FY25 Scoop Scuba,10/17/24,FedEx,414077370963
200,FY25 Scoop Scuba,10/17/24,FedEx,414077370996
433,FY25 Scoop Scuba,10/17/24,FedEx,414077371010
72,FY25 Scoop Scuba,10/17/24,FedEx,414077371043
80,FY25 Scoop Scuba,10/17/24,FedEx,414077371054
14,FY25 Scoop Scuba,10/17/24,FedEx,414077371076
174,FY25 Scoop Scuba,10/17/24,FedEx,414077371087
301,FY25 Scoop Scuba,10/17/24,FedEx,414077371098
483,FY25 Scoop Scuba,10/17/24,FedEx,414077371102
492,FY25 Scoop Scuba,10/17/24,FedEx,414077371113
594,FY25 Scoop Scuba,10/17/24,FedEx,414077371157
728,FY25 Scoop Scuba,10/17/24,FedEx,414077371168
809,FY25 Scoop Scuba,10/17/24,FedEx,414077371179
706,FY25 Scoop Scuba,10/17/24,FedEx,414077371190
528,FY25 Scoop Scuba,10/17/24,FedEx,414077371216
632,FY25 Scoop Scuba,10/17/24,FedEx,414077371238
762,FY25 Scoop Scuba,10/17/24,FedEx,414077371249
766,FY25 Scoop Scuba,10/17/24,FedEx,414077371250
770,FY25 Scoop Scuba,10/17/24,FedEx,414077371271
710,FY25 Scoop Scuba,10/17/24,FedEx,414077371282
585,FY25 Scoop Scuba,10/17/24,FedEx,414077371293
775,FY25 Scoop Scuba,10/17/24,FedEx,414077371308
638,FY25 Scoop Scuba,10/17/24,FedEx,414077371319
615,FY25 Scoop Scuba,10/17/24,FedEx,414077371320
794,FY25 Scoop Scuba,10/17/24,FedEx,414077371330
799,FY25 Scoop Scuba,10/17/24,FedEx,414077371341
569,FY25 Scoop Scuba,10/17/24,FedEx,414077371352
857,FY25 Scoop Scuba,10/17/24,FedEx,414077371363
860,FY25 Scoop Scuba,10/17/24,FedEx,414077371374
563,FY25 Scoop Scuba,10/17/24,FedEx,414077371385
616,FY25 Scoop Scuba,10/17/24,FedEx,414077371396
580,FY25 Scoop Scuba,10/17/24,FedEx,414077371411
722,FY25 Scoop Scuba,10/17/24,FedEx,414077371422
740,FY25 Scoop Scuba,10/17/24,FedEx,414077371444
877,FY25 Scoop Scuba,10/17/24,FedEx,414077371455
723,FY25 Scoop Scuba,10/17/24,FedEx,414077371466
559,FY25 Scoop Scuba,10/17/24,FedEx,414077371488
724,FY25 Scoop Scuba,10/17/24,FedEx,414077371499
771,FY25 Scoop Scuba,10/17/24,FedEx,414077371503
656,FY25 Scoop Scuba,10/17/24,FedEx,414077371514
666,FY25 Scoop Scuba,10/17/24,FedEx,414077371525
797,FY25 Scoop Scuba,10/17/24,FedEx,414077371536
1255,FY25 Scoop Scuba,10/17/24,FedEx,414077371569
1077,FY25 Scoop Scuba,10/17/24,FedEx,414077371628
1180,FY25 Scoop Scuba,10/17/24,FedEx,414077371640
967,FY25 Scoop Scuba,10/17/24,FedEx,414077371650
1184,FY25 Scoop Scuba,10/17/24,FedEx,414077371672
923,FY25 Scoop Scuba,10/17/24,FedEx,414077371683
930,FY25 Scoop Scuba,10/17/24,FedEx,414077371694
1119,FY25 Scoop Scuba,10/17/24,FedEx,414077371709
1194,FY25 Scoop Scuba,10/17/24,FedEx,414077371710
1123,FY25 Scoop Scuba,10/17/24,FedEx,414077371720
1197,FY25 Scoop Scuba,10/17/24,FedEx,414077371753
1201,FY25 Scoop Scuba,10/17/24,FedEx,414077371775
1079,FY25 Scoop Scuba,10/17/24,FedEx,414077371786
1207,FY25 Scoop Scuba,10/17/24,FedEx,414077371797
1096,FY25 Scoop Scuba,10/17/24,FedEx,414077371801
1121,FY25 Scoop Scuba,10/17/24,FedEx,414077371823
1225,FY25 Scoop Scuba,10/17/24,FedEx,414077371856
988,FY25 Scoop Scuba,10/17/24,FedEx,414077371867
1099,FY25 Scoop Scuba,10/17/24,FedEx,414077371878
1340,FY25 Scoop Scuba,10/17/24,FedEx,414077371915
1285,FY25 Scoop Scuba,10/17/24,FedEx,414077371926
1372,FY25 Scoop Scuba,10/17/24,FedEx,414077371937
1332,FY25 Scoop Scuba,10/17/24,FedEx,414077371959
1293,FY25 Scoop Scuba,10/17/24,FedEx,414077371960
1421,FY25 Scoop Scuba,10/17/24,FedEx,414077371981
1375,FY25 Scoop Scuba,10/17/24,FedEx,414077371992
1377,FY25 Scoop Scuba,10/17/24,FedEx,414077372006
1301,FY25 Scoop Scuba,10/17/24,FedEx,414077372017
1378,FY25 Scoop Scuba,10/17/24,FedEx,414077372028
1355,FY25 Scoop Scuba,10/17/24,FedEx,414077372040
1521,FY25 Scoop Scuba,10/17/24,FedEx,414077372061
1466,FY25 Scoop Scuba,10/17/24,FedEx,414077372072
1281,FY25 Scoop Scuba,10/17/24,FedEx,414077372110
1297,FY25 Scoop Scuba,10/17/24,FedEx,414077372142
1552,FY25 Scoop Scuba,10/17/24,FedEx,414077372153
1300,FY25 Scoop Scuba,10/17/24,FedEx,414077372186
1323,FY25 Scoop Scuba,10/17/24,FedEx,414077372197
1304,FY25 Scoop Scuba,10/17/24,FedEx,414077372201
1589,FY25 Scoop Scuba,10/17/24,FedEx,414077372212
1311,FY25 Scoop Scuba,10/17/24,FedEx,414077372245
1596,FY25 Scoop Scuba,10/17/24,FedEx,414077372256
1759,FY25 Scoop Scuba,10/17/24,FedEx,414077372267
1671,FY25 Scoop Scuba,10/17/24,FedEx,414077372290
1751,FY25 Scoop Scuba,10/17/24,FedEx,414077372304
1643,FY25 Scoop Scuba,10/17/24,FedEx,414077372348
1867,FY25 Scoop Scuba,10/17/24,FedEx,414077372360
1887,FY25 Scoop Scuba,10/17/24,FedEx,414077372418
1816,FY25 Scoop Scuba,10/17/24,FedEx,414077372430
1641,FY25 Scoop Scuba,10/17/24,FedEx,414077372451
1663,FY25 Scoop Scuba,10/17/24,FedEx,414077372510
1807,FY25 Scoop Scuba,10/17/24,FedEx,414077372521
1664,FY25 Scoop Scuba,10/17/24,FedEx,414077372532
1614,FY25 Scoop Scuba,10/17/24,FedEx,414077372543
1702,FY25 Scoop Scuba,10/17/24,FedEx,414077372554
1748,FY25 Scoop Scuba,10/17/24,FedEx,414077372565
1631,FY25 Scoop Scuba,10/17/24,FedEx,414077372576
1635,FY25 Scoop Scuba,10/17/24,FedEx,414077372587
2279,FY25 Scoop Scuba,10/17/24,FedEx,414077372602
2027,FY25 Scoop Scuba,10/17/24,FedEx,414077372613
2068,FY25 Scoop Scuba,10/17/24,FedEx,414077372624
1955,FY25 Scoop Scuba,10/17/24,FedEx,414077372657
2192,FY25 Scoop Scuba,10/17/24,FedEx,414077372679
2109,FY25 Scoop Scuba,10/17/24,FedEx,414077372680
1978,FY25 Scoop Scuba,10/17/24,FedEx,414077372749
2254,FY25 Scoop Scuba,10/17/24,FedEx,414077372782
2000,FY25 Scoop Scuba,10/17/24,FedEx,414077372793
2263,FY25 Scoop Scuba,10/17/24,FedEx,414077372808
2271,FY25 Scoop Scuba,10/17/24,FedEx,414077372820
2089,FY25 Scoop Scuba,10/17/24,FedEx,414077372841
2004,FY25 Scoop Scuba,10/17/24,FedEx,414077372852
2309,FY25 Scoop Scuba,10/17/24,FedEx,414077372863
2663,FY25 Scoop Scuba,10/17/24,FedEx,414077372885
2480,FY25 Scoop Scuba,10/17/24,FedEx,414077372896
2493,FY25 Scoop Scuba,10/17/24,FedEx,414077372900
2690,FY25 Scoop Scuba,10/17/24,FedEx,414077372977
2716,FY25 Scoop Scuba,10/17/24,FedEx,414077373035
2520,FY25 Scoop Scuba,10/17/24,FedEx,414077373057
2728,FY25 Scoop Scuba,10/17/24,FedEx,414077373090
2306,FY25 Scoop Scuba,10/17/24,FedEx,414077373105
3151,FY25 Scoop Scuba,10/17/24,FedEx,414077373149
2986,FY25 Scoop Scuba,10/17/24,FedEx,414077373160
2871,FY25 Scoop Scuba,10/17/24,FedEx,414077373171
3267,FY25 Scoop Scuba,10/17/24,FedEx,414077373193
2812,FY25 Scoop Scuba,10/17/24,FedEx,414077373208
3283,FY25 Scoop Scuba,10/17/24,FedEx,414077373241
3362,FY25 Scoop Scuba,10/17/24,FedEx,414077373252
2772,FY25 Scoop Scuba,10/17/24,FedEx,414077373263
2945,FY25 Scoop Scuba,10/17/24,FedEx,414077373285
3309,FY25 Scoop Scuba,10/17/24,FedEx,414077373311
3324,FY25 Scoop Scuba,10/17/24,FedEx,414077373322
3182,FY25 Scoop Scuba,10/17/24,FedEx,414077373333
3602,FY25 Scoop Scuba,10/17/24,FedEx,414077373399
3370,FY25 Scoop Scuba,10/17/24,FedEx,414077373403
3831,FY25 Scoop Scuba,10/17/24,FedEx,414077373458
3626,FY25 Scoop Scuba,10/17/24,FedEx,414077373506
3868,FY25 Scoop Scuba,10/17/24,FedEx,414077373528
3877,FY25 Scoop Scuba,10/17/24,FedEx,414077373539
3481,FY25 Scoop Scuba,10/17/24,FedEx,414077373540
3887,FY25 Scoop Scuba,10/17/24,FedEx,414077373550
3434,FY25 Scoop Scuba,10/17/24,FedEx,414077373583
3492,FY25 Scoop Scuba,10/17/24,FedEx,414077373594
3749,FY25 Scoop Scuba,10/17/24,FedEx,414077373609
3633,FY25 Scoop Scuba,10/17/24,FedEx,414077373610
5046,FY25 Scoop Scuba,10/17/24,FedEx,414077373620
5047,FY25 Scoop Scuba,10/17/24,FedEx,414077373631
4476,FY25 Scoop Scuba,10/17/24,FedEx,414077373642
5054,FY25 Scoop Scuba,10/17/24,FedEx,414077373664
5058,FY25 Scoop Scuba,10/17/24,FedEx,414077373686
4641,FY25 Scoop Scuba,10/17/24,FedEx,414077373697
4399,FY25 Scoop Scuba,10/17/24,FedEx,414077373712
4368,FY25 Scoop Scuba,10/17/24,FedEx,414077373723
4497,FY25 Scoop Scuba,10/17/24,FedEx,414077373734
4506,FY25 Scoop Scuba,10/17/24,FedEx,414077373745
4564,FY25 Scoop Scuba,10/17/24,FedEx,414077373790
4276,FY25 Scoop Scuba,10/17/24,FedEx,414077373804
5115,FY25 Scoop Scuba,10/17/24,FedEx,414077373815
4200,FY25 Scoop Scuba,10/17/24,FedEx,414077373826
5127,FY25 Scoop Scuba,10/17/24,FedEx,414077373837
4484,FY25 Scoop Scuba,10/17/24,FedEx,414077373848
4682,FY25 Scoop Scuba,10/17/24,FedEx,414077373859
4697,FY25 Scoop Scuba,10/17/24,FedEx,414077373860
4318,FY25 Scoop Scuba,10/17/24,FedEx,414077373929
4258,FY25 Scoop Scuba,10/17/24,FedEx,414077373930
4511,FY25 Scoop Scuba,10/17/24,FedEx,414077373973
5477,FY25 Scoop Scuba,10/17/24,FedEx,414077374010
5797,FY25 Scoop Scuba,10/17/24,FedEx,414077374042
5348,FY25 Scoop Scuba,10/17/24,FedEx,414077374053
5251,FY25 Scoop Scuba,10/17/24,FedEx,414077374097
5398,FY25 Scoop Scuba,10/17/24,FedEx,414077374101
5414,FY25 Scoop Scuba,10/17/24,FedEx,414077374123
5450,FY25 Scoop Scuba,10/17/24,FedEx,414077374134
5298,FY25 Scoop Scuba,10/17/24,FedEx,414077374156
5705,FY25 Scoop Scuba,10/17/24,FedEx,414077374167
5239,FY25 Scoop Scuba,10/17/24,FedEx,414077374178
5743,FY25 Scoop Scuba,10/17/24,FedEx,414077374189
6394,FY25 Scoop Scuba,10/17/24,FedEx,414077374215
5779,FY25 Scoop Scuba,10/17/24,FedEx,414077374226
6395,FY25 Scoop Scuba,10/17/24,FedEx,414077374237
6576,FY25 Scoop Scuba,10/17/24,FedEx,414077374259
5481,FY25 Scoop Scuba,10/17/24,FedEx,414077374260
6789,FY25 Scoop Scuba,10/17/24,FedEx,414077374270
5727,FY25 Scoop Scuba,10/17/24,FedEx,414077374281
6878,FY25 Scoop Scuba,10/17/24,FedEx,414077374292
5264,FY25 Scoop Scuba,10/17/24,FedEx,414077374318
5438,FY25 Scoop Scuba,10/17/24,FedEx,414077374340
5292,FY25 Scoop Scuba,10/17/24,FedEx,414077374351
396,FY25 Scoop Scuba,10/17/24,FedEx,414077374362
69,FY25 Scoop Scuba,10/17/24,FedEx,414077374373
79,FY25 Scoop Scuba,10/17/24,FedEx,414077374384
669,FY25 Scoop Scuba,10/17/24,FedEx,414077374400
670,FY25 Scoop Scuba,10/17/24,FedEx,414077374410
698,FY25 Scoop Scuba,10/17/24,FedEx,414077374432
652,FY25 Scoop Scuba,10/17/24,FedEx,414077374443
1220,FY25 Scoop Scuba,10/17/24,FedEx,414077374465
1215,FY25 Scoop Scuba,10/17/24,FedEx,414077374476
1310,FY25 Scoop Scuba,10/17/24,FedEx,414077374513
1292,FY25 Scoop Scuba,10/17/24,FedEx,414077374557
2230,FY25 Scoop Scuba,10/17/24,FedEx,414077374579
1943,FY25 Scoop Scuba,10/17/24,FedEx,414077374590
2678,FY25 Scoop Scuba,10/17/24,FedEx,414077374616
2679,FY25 Scoop Scuba,10/17/24,FedEx,414077374627
2793,FY25 Scoop Scuba,10/17/24,FedEx,414077374649
3829,FY25 Scoop Scuba,10/17/24,FedEx,414077374671
3630,FY25 Scoop Scuba,10/17/24,FedEx,414077374682
4321,FY25 Scoop Scuba,10/17/24,FedEx,414077374693
5879,FY25 Scoop Scuba,10/17/24,FedEx,414077374719
304,FY25 Scoop Scuba,10/17/24,FedEx,414077374730
298,FY25 Scoop Scuba,10/17/24,FedEx,414077374741
46,FY25 Scoop Scuba,10/17/24,FedEx,414077374763
332,FY25 Scoop Scuba,10/17/24,FedEx,414077374774
445,FY25 Scoop Scuba,10/17/24,FedEx,414077374785
159,FY25 Scoop Scuba,10/17/24,FedEx,414077374800
356,FY25 Scoop Scuba,10/17/24,FedEx,414077374811
216,FY25 Scoop Scuba,10/17/24,FedEx,414077374833
836,FY25 Scoop Scuba,10/17/24,FedEx,414077374844
796,FY25 Scoop Scuba,10/17/24,FedEx,414077374866
754,FY25 Scoop Scuba,10/17/24,FedEx,414077374888
660,FY25 Scoop Scuba,10/17/24,FedEx,414077374899
701,FY25 Scoop Scuba,10/17/24,FedEx,414077374903
613,FY25 Scoop Scuba,10/17/24,FedEx,414077374914
514,FY25 Scoop Scuba,10/17/24,FedEx,414077374925
859,FY25 Scoop Scuba,10/17/24,FedEx,414077374936
678,FY25 Scoop Scuba,10/17/24,FedEx,414077374947
776,FY25 Scoop Scuba,10/17/24,FedEx,414077374958
680,FY25 Scoop Scuba,10/17/24,FedEx,414077374969
711,FY25 Scoop Scuba,10/17/24,FedEx,414077374970
800,FY25 Scoop Scuba,10/17/24,FedEx,414077374980
769,FY25 Scoop Scuba,10/17/24,FedEx,414077375005
870,FY25 Scoop Scuba,10/17/24,FedEx,414077375016
694,FY25 Scoop Scuba,10/17/24,FedEx,414077375027
630,FY25 Scoop Scuba,10/17/24,FedEx,414077375038
819,FY25 Scoop Scuba,10/17/24,FedEx,414077375050
1034,FY25 Scoop Scuba,10/17/24,FedEx,414077375082
1064,FY25 Scoop Scuba,10/17/24,FedEx,414077375093
1122,FY25 Scoop Scuba,10/17/24,FedEx,414077375108
1010,FY25 Scoop Scuba,10/17/24,FedEx,414077375119
1060,FY25 Scoop Scuba,10/17/24,FedEx,414077375130
1173,FY25 Scoop Scuba,10/17/24,FedEx,414077375141
1132,FY25 Scoop Scuba,10/17/24,FedEx,414077375152
1164,FY25 Scoop Scuba,10/17/24,FedEx,414077375163
1036,FY25 Scoop Scuba,10/17/24,FedEx,414077375174
1203,FY25 Scoop Scuba,10/17/24,FedEx,414077375196
1229,FY25 Scoop Scuba,10/17/24,FedEx,414077375200
1133,FY25 Scoop Scuba,10/17/24,FedEx,414077375211
902,FY25 Scoop Scuba,10/17/24,FedEx,414077375233
1322,FY25 Scoop Scuba,10/17/24,FedEx,414077375277
1518,FY25 Scoop Scuba,10/17/24,FedEx,414077375299
1358,FY25 Scoop Scuba,10/17/24,FedEx,414077375314
1459,FY25 Scoop Scuba,10/17/24,FedEx,414077375347
1486,FY25 Scoop Scuba,10/17/24,FedEx,414077375391
1551,FY25 Scoop Scuba,10/17/24,FedEx,414077375439
1268,FY25 Scoop Scuba,10/17/24,FedEx,414077375440
1385,FY25 Scoop Scuba,10/17/24,FedEx,414077375450
1487,FY25 Scoop Scuba,10/17/24,FedEx,414077375494
1507,FY25 Scoop Scuba,10/17/24,FedEx,414077375509
1463,FY25 Scoop Scuba,10/17/24,FedEx,414077375520
1430,FY25 Scoop Scuba,10/17/24,FedEx,414077375531
1497,FY25 Scoop Scuba,10/17/24,FedEx,414077375542
1337,FY25 Scoop Scuba,10/17/24,FedEx,414077375553
1348,FY25 Scoop Scuba,10/17/24,FedEx,414077375564
1383,FY25 Scoop Scuba,10/17/24,FedEx,414077375586
1307,FY25 Scoop Scuba,10/17/24,FedEx,414077375597
1690,FY25 Scoop Scuba,10/17/24,FedEx,414077375623
1682,FY25 Scoop Scuba,10/17/24,FedEx,414077375634
1668,FY25 Scoop Scuba,10/17/24,FedEx,414077375645
1606,FY25 Scoop Scuba,10/17/24,FedEx,414077375656
1687,FY25 Scoop Scuba,10/17/24,FedEx,414077375678
1662,FY25 Scoop Scuba,10/17/24,FedEx,414077375690
1774,FY25 Scoop Scuba,10/17/24,FedEx,414077375704
1734,FY25 Scoop Scuba,10/17/24,FedEx,414077375759
1821,FY25 Scoop Scuba,10/17/24,FedEx,414077375781
2009,FY25 Scoop Scuba,10/17/24,FedEx,414077375829
2058,FY25 Scoop Scuba,10/17/24,FedEx,414077375840
2214,FY25 Scoop Scuba,10/17/24,FedEx,414077375873
2111,FY25 Scoop Scuba,10/17/24,FedEx,414077375884
2238,FY25 Scoop Scuba,10/17/24,FedEx,414077375921
2255,FY25 Scoop Scuba,10/17/24,FedEx,414077375943
2169,FY25 Scoop Scuba,10/17/24,FedEx,414077375954
1942,FY25 Scoop Scuba,10/17/24,FedEx,414077375976
2532,FY25 Scoop Scuba,10/17/24,FedEx,414077375987
2368,FY25 Scoop Scuba,10/17/24,FedEx,414077376012
2615,FY25 Scoop Scuba,10/17/24,FedEx,414077376023
2577,FY25 Scoop Scuba,10/17/24,FedEx,414077376090
2692,FY25 Scoop Scuba,10/17/24,FedEx,414077376137
2582,FY25 Scoop Scuba,10/17/24,FedEx,414077376160
2713,FY25 Scoop Scuba,10/17/24,FedEx,414077376170
3210,FY25 Scoop Scuba,10/17/24,FedEx,414077376207
2890,FY25 Scoop Scuba,10/17/24,FedEx,414077376218
3216,FY25 Scoop Scuba,10/17/24,FedEx,414077376229
2929,FY25 Scoop Scuba,10/17/24,FedEx,414077376230
3307,FY25 Scoop Scuba,10/17/24,FedEx,414077376240
2841,FY25 Scoop Scuba,10/17/24,FedEx,414077376251
3150,FY25 Scoop Scuba,10/17/24,FedEx,414077376262
3322,FY25 Scoop Scuba,10/17/24,FedEx,414077376284
3363,FY25 Scoop Scuba,10/17/24,FedEx,414077376300
2808,FY25 Scoop Scuba,10/17/24,FedEx,414077376354
3347,FY25 Scoop Scuba,10/17/24,FedEx,414077376365
3417,FY25 Scoop Scuba,10/17/24,FedEx,414077376387
3597,FY25 Scoop Scuba,10/17/24,FedEx,414077376398
3401,FY25 Scoop Scuba,10/17/24,FedEx,414077376402
3460,FY25 Scoop Scuba,10/17/24,FedEx,414077376413
3835,FY25 Scoop Scuba,10/17/24,FedEx,414077376424
3876,FY25 Scoop Scuba,10/17/24,FedEx,414077376435
3733,FY25 Scoop Scuba,10/17/24,FedEx,414077376446
3612,FY25 Scoop Scuba,10/17/24,FedEx,414077376479
3893,FY25 Scoop Scuba,10/17/24,FedEx,414077376480
3529,FY25 Scoop Scuba,10/17/24,FedEx,414077376490
3400,FY25 Scoop Scuba,10/17/24,FedEx,414077376505
3658,FY25 Scoop Scuba,10/17/24,FedEx,414077376527
3717,FY25 Scoop Scuba,10/17/24,FedEx,414077376538
4063,FY25 Scoop Scuba,10/17/24,FedEx,414077376549
5087,FY25 Scoop Scuba,10/17/24,FedEx,414077376571
5197,FY25 Scoop Scuba,10/17/24,FedEx,414077376582
4531,FY25 Scoop Scuba,10/17/24,FedEx,414077376593
4286,FY25 Scoop Scuba,10/17/24,FedEx,414077376619
4417,FY25 Scoop Scuba,10/17/24,FedEx,414077376620
4423,FY25 Scoop Scuba,10/17/24,FedEx,414077376641
4458,FY25 Scoop Scuba,10/17/24,FedEx,414077376674
4273,FY25 Scoop Scuba,10/17/24,FedEx,414077376696
4384,FY25 Scoop Scuba,10/17/24,FedEx,414077376711
4664,FY25 Scoop Scuba,10/17/24,FedEx,414077376722
4446,FY25 Scoop Scuba,10/17/24,FedEx,414077376744
5151,FY25 Scoop Scuba,10/17/24,FedEx,414077376755
4487,FY25 Scoop Scuba,10/17/24,FedEx,414077376766
4330,FY25 Scoop Scuba,10/17/24,FedEx,414077376777
4593,FY25 Scoop Scuba,10/17/24,FedEx,414077376788
5263,FY25 Scoop Scuba,10/17/24,FedEx,414077376825
5403,FY25 Scoop Scuba,10/17/24,FedEx,414077376847
59,FY25 Scoop Scuba,10/17/24,FedEx,414077376858
37,FY25 Scoop Scuba,10/17/24,FedEx,414077376870
29,FY25 Scoop Scuba,10/17/24,FedEx,414077376891
603,FY25 Scoop Scuba,10/17/24,FedEx,414077376906
555,FY25 Scoop Scuba,10/17/24,FedEx,414077376917
639,FY25 Scoop Scuba,10/17/24,FedEx,414077376939
753,FY25 Scoop Scuba,10/17/24,FedEx,414077376961
1032,FY25 Scoop Scuba,10/17/24,FedEx,414077376972
938,FY25 Scoop Scuba,10/17/24,FedEx,414077376994
1082,FY25 Scoop Scuba,10/17/24,FedEx,414077377008
1090,FY25 Scoop Scuba,10/17/24,FedEx,414077377019
1528,FY25 Scoop Scuba,10/17/24,FedEx,414077377020
1501,FY25 Scoop Scuba,10/17/24,FedEx,414077377041
1547,FY25 Scoop Scuba,10/17/24,FedEx,414077377052
1387,FY25 Scoop Scuba,10/17/24,FedEx,414077377085
1777,FY25 Scoop Scuba,10/17/24,FedEx,414077377096
1828,FY25 Scoop Scuba,10/17/24,FedEx,414077377100
1728,FY25 Scoop Scuba,10/17/24,FedEx,414077377111
2633,FY25 Scoop Scuba,10/17/24,FedEx,414077377133
2544,FY25 Scoop Scuba,10/17/24,FedEx,414077377144
2789,FY25 Scoop Scuba,10/17/24,FedEx,414077377177
3119,FY25 Scoop Scuba,10/17/24,FedEx,414077377188
4065,FY25 Scoop Scuba,10/17/24,FedEx,414077377214
3402,FY25 Scoop Scuba,10/17/24,FedEx,414077377247
5055,FY25 Scoop Scuba,10/17/24,FedEx,414077377270
4223,FY25 Scoop Scuba,10/17/24,FedEx,414077377291
4260,FY25 Scoop Scuba,10/17/24,FedEx,414077377306
7020,FY25 Scoop Scuba,10/17/24,FedEx,414077377328
355,FY25 Scoop Scuba,10/17/24,FedEx,414077377361
1580,FY25 Scoop Scuba,10/17/24,FedEx,414077377372
3266,FY25 Scoop Scuba,10/17/24,FedEx,414077377409
5384,FY25 Scoop Scuba,10/17/24,FedEx,414077377431
1496,FY25 Scoop Scuba,10/17/24,FedEx,414077377453
28,FY25 Scoop Scuba,10/17/24,FedEx,414077377464
708,FY25 Scoop Scuba,10/17/24,FedEx,414077377475
655,FY25 Scoop Scuba,10/17/24,FedEx,414077377486
889,FY25 Scoop Scuba,10/17/24,FedEx,414077377497
2256,FY25 Scoop Scuba,10/17/24,FedEx,414077377523
4483,FY25 Scoop Scuba,10/17/24,FedEx,414077377534
643,FY25 Scoop Scuba,10/17/24,FedEx,414077377556
1026,FY25 Scoop Scuba,10/17/24,FedEx,414077377567
1321,FY25 Scoop Scuba,10/17/24,FedEx,414077377578
1571,FY25 Scoop Scuba,10/17/24,FedEx,414077377590
1601,FY25 Scoop Scuba,10/17/24,FedEx,414077377604
2136,FY25 Scoop Scuba,10/17/24,FedEx,414077377615
2437,FY25 Scoop Scuba,10/17/24,FedEx,414077377626
2503,FY25 Scoop Scuba,10/17/24,FedEx,414077377648
3644,FY25 Scoop Scuba,10/17/24,FedEx,414077377659
3874,FY25 Scoop Scuba,10/17/24,FedEx,414077377660
4514,FY25 Scoop Scuba,10/17/24,FedEx,414077377670
4274,FY25 Scoop Scuba,10/17/24,FedEx,414077377681
644,FY25 Scoop Scuba,10/17/24,FedEx,414077377718
1371,FY25 Scoop Scuba,10/17/24,FedEx,414077377740
2790,FY25 Scoop Scuba,10/17/24,FedEx,414077377751
5486,FY25 Scoop Scuba,10/17/24,FedEx,414077377773
5301,FY25 Scoop Scuba,10/17/24,FedEx,414077377784
6879,FY25 Scoop Scuba,10/17/24,FedEx,414077377795
5276,FY25 Scoop Scuba,10/17/24,FedEx,414077377810
5253,FY25 Scoop Scuba,10/17/24,FedEx,414077377821
6978,FY25 Scoop Scuba,10/17/24,FedEx,414077377854
5363,FY25 Scoop Scuba,10/17/24,FedEx,414077377898
5299,FY25 Scoop Scuba,10/17/24,FedEx,414077377902
163,FY25 Scoop Scuba,10/17/24,FedEx,414077378769
214,FY25 Scoop Scuba,10/17/24,FedEx,414077378770
467,FY25 Scoop Scuba,10/17/24,FedEx,414077378780
468,FY25 Scoop Scuba,10/17/24,FedEx,414077378791
185,FY25 Scoop Scuba,10/17/24,FedEx,414077378806
469,FY25 Scoop Scuba,10/17/24,FedEx,414077378817
479,FY25 Scoop Scuba,10/17/24,FedEx,414077378828
330,FY25 Scoop Scuba,10/17/24,FedEx,414077378839
371,FY25 Scoop Scuba,10/17/24,FedEx,414077378840
231,FY25 Scoop Scuba,10/17/24,FedEx,414077378861
499,FY25 Scoop Scuba,10/17/24,FedEx,414077378883
746,FY25 Scoop Scuba,10/17/24,FedEx,414077378894
610,FY25 Scoop Scuba,10/17/24,FedEx,414077378909
611,FY25 Scoop Scuba,10/17/24,FedEx,414077378910
842,FY25 Scoop Scuba,10/17/24,FedEx,414077378920
867,FY25 Scoop Scuba,10/17/24,FedEx,414077378942
601,FY25 Scoop Scuba,10/17/24,FedEx,414077378953
602,FY25 Scoop Scuba,10/17/24,FedEx,414077378964
536,FY25 Scoop Scuba,10/17/24,FedEx,414077378975
521,FY25 Scoop Scuba,10/17/24,FedEx,414077378986
1098,FY25 Scoop Scuba,10/17/24,FedEx,414077378997
940,FY25 Scoop Scuba,10/17/24,FedEx,414077379011
1044,FY25 Scoop Scuba,10/17/24,FedEx,414077379022
1232,FY25 Scoop Scuba,10/17/24,FedEx,414077379033
1516,FY25 Scoop Scuba,10/17/24,FedEx,414077379044
1617,FY25 Scoop Scuba,10/17/24,FedEx,414077379077
1793,FY25 Scoop Scuba,10/17/24,FedEx,414077379088
1659,FY25 Scoop Scuba,10/17/24,FedEx,414077379099
2086,FY25 Scoop Scuba,10/17/24,FedEx,414077379125
2084,FY25 Scoop Scuba,10/17/24,FedEx,414077379136
2317,FY25 Scoop Scuba,10/17/24,FedEx,414077379147
2450,FY25 Scoop Scuba,10/17/24,FedEx,414077379170
2505,FY25 Scoop Scuba,10/17/24,FedEx,414077379180
2973,FY25 Scoop Scuba,10/17/24,FedEx,414077379191
2927,FY25 Scoop Scuba,10/17/24,FedEx,414077379206
3218,FY25 Scoop Scuba,10/17/24,FedEx,414077379217
3225,FY25 Scoop Scuba,10/17/24,FedEx,414077379228
2923,FY25 Scoop Scuba,10/17/24,FedEx,414077379239
3286,FY25 Scoop Scuba,10/17/24,FedEx,414077379240
3227,FY25 Scoop Scuba,10/17/24,FedEx,414077379250
3742,FY25 Scoop Scuba,10/17/24,FedEx,414077379272
3757,FY25 Scoop Scuba,10/17/24,FedEx,414077379283
3773,FY25 Scoop Scuba,10/17/24,FedEx,414077379294
3850,FY25 Scoop Scuba,10/17/24,FedEx,414077379309
3537,FY25 Scoop Scuba,10/17/24,FedEx,414077379310
3427,FY25 Scoop Scuba,10/17/24,FedEx,414077379320
3472,FY25 Scoop Scuba,10/17/24,FedEx,414077379331
4335,FY25 Scoop Scuba,10/17/24,FedEx,414077379342
4176,FY25 Scoop Scuba,10/17/24,FedEx,414077379353
4195,FY25 Scoop Scuba,10/17/24,FedEx,414077379386
5216,FY25 Scoop Scuba,10/17/24,FedEx,414077379401
5866,FY25 Scoop Scuba,10/17/24,FedEx,414077379412
6898,FY25 Scoop Scuba,10/17/24,FedEx,414077379423
7178,FY25 Scoop Scuba,10/17/24,FedEx,414077379434
5272,FY25 Scoop Scuba,10/17/24,FedEx,414077379445
427,FY25 Scoop Scuba,10/17/24,FedEx,414077379456
471,FY25 Scoop Scuba,10/17/24,FedEx,414077379478
821,FY25 Scoop Scuba,10/17/24,FedEx,414077379489
947,FY25 Scoop Scuba,10/17/24,FedEx,414077379490
1843,FY25 Scoop Scuba,10/17/24,FedEx,414077379504
2007,FY25 Scoop Scuba,10/17/24,FedEx,414077379515
2259,FY25 Scoop Scuba,10/17/24,FedEx,414077379526
5049,FY25 Scoop Scuba,10/17/24,FedEx,414077379548
5396,FY25 Scoop Scuba,10/17/24,FedEx,414077379559
113,FY25 Scoop Scuba,10/17/24,FedEx,414077379560
463,FY25 Scoop Scuba,10/17/24,FedEx,414077379570
260,FY25 Scoop Scuba,10/17/24,FedEx,414077379581
217,FY25 Scoop Scuba,10/17/24,FedEx,414077379618
457,FY25 Scoop Scuba,10/17/24,FedEx,414077379630
813,FY25 Scoop Scuba,10/17/24,FedEx,414077379640
868,FY25 Scoop Scuba,10/17/24,FedEx,414077379651
1008,FY25 Scoop Scuba,10/17/24,FedEx,414077379673
1019,FY25 Scoop Scuba,10/17/24,FedEx,414077379684
1022,FY25 Scoop Scuba,10/17/24,FedEx,414077379695
1001,FY25 Scoop Scuba,10/17/24,FedEx,414077379700
1567,FY25 Scoop Scuba,10/17/24,FedEx,414077379721
1872,FY25 Scoop Scuba,10/17/24,FedEx,414077379743
2455,FY25 Scoop Scuba,10/17/24,FedEx,414077379754
2439,FY25 Scoop Scuba,10/17/24,FedEx,414077379765
3319,FY25 Scoop Scuba,10/17/24,FedEx,414077379776
3431,FY25 Scoop Scuba,10/17/24,FedEx,414077379787
3432,FY25 Scoop Scuba,10/17/24,FedEx,414077379798
3778,FY25 Scoop Scuba,10/17/24,FedEx,414077379802
3731,FY25 Scoop Scuba,10/17/24,FedEx,414077379813
5191,FY25 Scoop Scuba,10/17/24,FedEx,414077379824
5099,FY25 Scoop Scuba,10/17/24,FedEx,414077379835
4627,FY25 Scoop Scuba,10/17/24,FedEx,414077379846
7326,FY25 Scoop Scuba,10/17/24,FedEx,414077379857
5480,FY25 Scoop Scuba,10/17/24,FedEx,414077379868
5707,FY25 Scoop Scuba,10/17/24,FedEx,414077379879
7294,FY25 Scoop Scuba,10/17/24,FedEx,414077379880
6929,FY25 Scoop Scuba,10/17/24,FedEx,414077379890
5210,FY25 Scoop Scuba,10/17/24,FedEx,414077379905
7199,FY25 Scoop Scuba,10/17/24,FedEx,414077379916
5389,FY25 Scoop Scuba,10/17/24,FedEx,414077379927
5211,FY25 Scoop Scuba,10/17/24,FedEx,414077379938
421,FY25 Scoop Scuba,10/17/24,FedEx,414077379949
905,FY25 Scoop Scuba,10/17/24,FedEx,414077379950
927,FY25 Scoop Scuba,10/17/24,FedEx,414077379960
1455,FY25 Scoop Scuba,10/17/24,FedEx,414077379971
2476,FY25 Scoop Scuba,10/17/24,FedEx,414077379993
5491,FY25 Scoop Scuba,10/17/24,FedEx,414077380015
1055,FY25 Scoop Scuba,10/17/24,FedEx,414077380026
3239,FY25 Scoop Scuba,10/17/24,FedEx,414077380037
829,FY25 Scoop Scuba,10/17/24,FedEx,414077380048
2724,FY25 Scoop Scuba,10/17/24,FedEx,414077380059
103,FY25 Scoop Scuba,10/17/24,FedEx,414077380070
1485,FY25 Scoop Scuba,10/17/24,FedEx,414077380092
465,FY25 Scoop Scuba,10/17/24,FedEx,414077380107
1095,FY25 Scoop Scuba,10/17/24,FedEx,414077380118
3705,FY25 Scoop Scuba,10/17/24,FedEx,414077380129
3433,FY25 Scoop Scuba,10/17/24,FedEx,414077380130
4279,FY25 Scoop Scuba,10/17/24,FedEx,414077380140
5461,FY25 Scoop Scuba,10/17/24,FedEx,414077380151
4639,FY25 Scoop Scuba,10/17/24,FedEx,414077380173
1137,FY25 Scoop Scuba,10/17/24,FedEx,414077380195
2469,FY25 Scoop Scuba,10/17/24,FedEx,414077380200