Market,Store,Actual Install Scheduled Date
47,148,
253,204,
50,266,
47,417,
52,467,
49,471,
242,526,
130,532,
37,586,
92,649,
152,674,
385,835,
130,839,
50,880,
375,966,
92,973,
130,1102,
42,1144,
125,1163,
115,1171,
130,1206,
217,1239,
380,1252,
312,1301,
128,1342,
36,1359,
413,1393,
413,1393,
61,1405,
218,1427,
413,1491,
223,1503,
223,1504,
415,1509,
233,1529,
369,1532,
369,1533,
388,1550,
394,1559,
396,1584,
553,1590,
219,1594,
39,1603,
232,1644,
413,1683,
413,1723,
413,1764,
413,1764,
232,1794,
284,1860,
508,1981,
283,1985,
217,1990,
292,2015,
233,2023,
281,2045,
311,2089,
380,2125,
232,2169,
233,2205,
233,2340,
280,2357,
514,2385,
514,2403,
293,2412,
217,2426,
217,2471,
232,2481,
394,2483,
514,2516,
233,2519,
514,2571,
50,2649,
55,2667,
125,2706,
426,2714,
217,2725,
219,2726,
508,2799,
290,2808,
421,2820,
394,2884,
233,2888,
129,2913,
132,2938,
108,2962,
49,3014,
125,3167,
289,3216,
192,3280,
64,3296,
97,3307,
394,3350,
394,3351,
49,3433,
14,3484,
514,3525,
585,3533,
160,3560,
380,3566,
219,3580,
109,3625,
232,3634,
20,3709,
394,3728,
413,3762,
221,3784,
219,3792,
514,3794,
64,3827,
116,3887,
42,4237,
110,4303,
294,4334,
287,4350,
392,4370,
233,4404,
41,4420,
242,4450,
44,4503,
41,4506,
396,4557,
413,4606,
130,4683,
585,4734,
125,5022,
514,5073,
315,5117,
283,5129,
44,5147,
233,5200,
403,5233,
403,5350,
242,5418,
385,5491,
63,5612,
380,5676,
455,5864,
53,5889,
585,5957,
292,5969,
127,6932,
204,1422,
203,1423,
204,1432,
205,1611,
204,1752,
197,1790,
200,1791,
191,1831,
160,1906,
164,1959,
159,1970,
188,1997,
160,2021,
159,2103,
188,2152,
160,2157,
194,2164,
160,2184,
159,2227,
173,2284,
163,2299,
162,2331,
159,2336,
159,2341,
163,2371,
164,2547,
173,2585,
203,2869,
163,2900,
157,3114,
163,5095,
172,5293,
173,5294,
172,5295,
173,5439,
190,5732,
,,
202,1593,
475,1817,
,,
180,2046,
427,4352,
477,5440,
,,
,,
427,3875,
477,5935,
,,
427,1649,
,,
427,1534,
412,1545,
478,3239,
179,1932,
427,2033,
427,3648,
477,1784,
,,
183,2153,
179,5076,
427,1695,
477,5368,
,,
179,1856,
468,1834,
478,5396,
179,1924,
,,
427,1636,
468,2069,
204,2644,
188,1940,
204,5097,
412,5806,
205,4243,
203,1733,
110,4303,
427,4569,
409,3283,
475,3380,
391,3805,
291,5343,
508,5779,
1,6173,
1,866,
291,1833,
291,2520,
389,3018,
409,4321,
473,5078,
1,853,
409,1507,
473,2269,
292,3077,
291,4258,
391,4335,
475,2241,
14,2739,
409,3492,
292,3639,
391,5123,
291,5731,
391,1896,
292,2038,
291,2136,
409,2428,
475,3261,
14,7247,
205,1928,
205,2273,
205,3726,
205,2693,
203,2700,
203,2618,
203,5893,
163,2719,
203,5048,
163,2965,
203,1754,
173,3543,
203,2866,
580,617,
173,3546,
203,4540,
173,3803,
109,3625,
205,3632,
200,5386,
162,2282,
205,1592,
200,1942,
163,2899,
426,2714,
280,1703,
52,3286,
258,552,
254,333,
257,689,
95,1029,
316,2548,
181,2224,
181,2332,
181,4156,
,,
,,
,,
326,7,
328,11,
328,18,
391,4335,
271,222,
271,237,
270,1377,
265,1401,TBD
269,1735,
263,1740,
278,3459,
270,3597,
265,4286,
270,4641,
270,5060,
238,2276,
247,2311,
238,2544,
24,1766,
380,3566,
243,2691,
580,4216,
387,3427,
387,4601,
81,476,
262,1307,
246,2020,
216,2149,
112,4681,
421,1473,
412,4244,
407,2784,
184,3549,
439,1727,
248,2819,
238,4631,
213,2613,
111,4690,
419,1609,
412,4253,
433,885,
407,4209,
263,958,
436,1446,
248,4230,
239,5374,
97,5172,
421,1858,
421,2820,
432,1671,
429,5170,
438,965,
436,1672,
191,1831,
197,1790,
200,1791,
247,4399,
405,4678,
112,5964,
419,2367,
433,350,
433,2432,
429,7129,
438,971,
440,2510,
205,1611,
183,2659,
180,1868,
160,2157,
204,1752,
160,2021,
179,1924,
,,
258,552,
271,596,
275,1451,
265,1779,
411,6392,
387,868,
221,1407,
104,988,
112,2627,
225,2967,
425,982,
412,2957,
429,637,
433,774,
184,2057,
438,1007,
441,1267,
440,1366,
436,3245,
438,5127,
285,2419,
219,3792,
257,689,
266,1497,
268,5485,
71,549,
387,1306,
213,1445,
97,1223,
111,2796,
259,4461,
425,1020,
424,1999,
424,3102,
433,645,
426,1332,
439,1202,
438,1277,
440,3268,
219,1594,
435,2828,
264,1898,
264,5352,
71,821,
384,2652,
71,2653,
384,5430,
216,1724,
14,1605,
111,1712,
112,1960,
112,3197,
425,1038,
421,3806,
429,2579,
183,2398,
180,2681,
436,1365,
436,4281,
383,2607,
284,1736,
217,1990,
285,2791,
321,230,
85,446,
85,473,
77,478,
61,482,
258,545,
73,626,
74,1078,
,,
,,
232,1794,
394,1838,
217,1239,
534,3654,6/5/2023
322,54,7/17/2023
321,141,7/19/2023
321,16,7/24/2023
322,2,7/26/2023
49,896,7/31/2023
51,1117,8/2/2023
55,5191,8/8/2023
53,2105,8/14/2023
504,6966,8/14/2023
283,5129,10/3/2023
322,359,10/9/2023
44,2978,2/25/2024
55,4164,2/25/2024
58,2979,2/26/2024
58,3392,2/26/2024
49,284,2/27/2024
48,371,2/28/2024
479,972,2/28/2024
561,2975,2/28/2024
58,3594,2/28/2024
583,259,3/3/2024
97,488,3/3/2024
260,720,3/3/2024
41,1286,3/3/2024
287,1525,3/3/2024
44,3284,3/3/2024
561,4046,3/3/2024
53,217,3/4/2024
48,220,3/4/2024
583,789,3/4/2024
583,1055,3/4/2024
260,1210,3/4/2024
41,4521,3/4/2024
479,940,3/5/2024
583,1800,3/5/2024
467,3531,3/5/2024
97,1077,3/6/2024
287,2795,3/6/2024
56,2926,3/6/2024
58,2981,3/6/2024
467,5853,3/6/2024
48,228,3/10/2024
259,493,3/10/2024
56,2086,3/10/2024
51,202,3/11/2024
55,260,3/11/2024
479,421,3/11/2024
260,571,3/11/2024
97,1375,3/11/2024
58,5614,3/11/2024
52,206,3/12/2024
55,286,3/12/2024
260,584,3/12/2024
97,1408,3/12/2024
260,692,3/13/2024
56,3777,3/13/2024
479,5312,3/13/2024
260,519,3/17/2024
467,3218,3/17/2024
97,5172,3/17/2024
260,507,3/18/2024
467,3705,3/18/2024
41,4440,3/18/2024
97,4520,3/18/2024
41,881,3/19/2024
290,1523,3/19/2024
467,3850,3/19/2024
97,4427,3/19/2024
41,2214,3/20/2024
467,3537,3/20/2024
287,4191,3/20/2024
467,2249,3/24/2024
287,2295,3/24/2024
467,4137,3/24/2024
41,1164,3/25/2024
97,1223,3/25/2024
467,2469,3/25/2024
287,3869,3/25/2024
41,1183,3/26/2024
41,1339,3/26/2024
287,1730,3/26/2024
260,2628,3/26/2024
321,125,4/30/2024
111,1390,4/30/2024
111,1536,4/30/2024
104,2740,4/30/2024
287,7032,4/30/2024
321,209,5/1/2024
321,358,5/1/2024
321,388,5/1/2024
111,1513,5/1/2024
260,2783,5/1/2024
111,3372,5/1/2024
111,4690,5/1/2024
322,76,5/5/2024
322,373,5/5/2024
111,1712,5/5/2024
396,2050,5/5/2024
321,67,5/6/2024
585,2293,5/6/2024
111,2796,5/6/2024
104,3418,5/6/2024
321,66,5/7/2024
321,230,5/7/2024
112,1482,5/7/2024
396,1560,5/7/2024
585,2223,5/7/2024
396,2838,5/7/2024
321,55,5/8/2024
111,2081,5/12/2024
321,279,5/13/2024
42,1035,5/13/2024
242,1053,5/13/2024
55,1118,5/13/2024
112,1501,5/13/2024
53,2427,5/13/2024
585,2752,5/13/2024
51,2973,5/13/2024
50,807,5/14/2024
42,1281,5/14/2024
396,2593,5/14/2024
53,2996,5/14/2024
112,3197,5/14/2024
321,3231,5/14/2024
242,3294,5/14/2024
48,4509,5/14/2024
514,5041,5/14/2024
380,5049,5/14/2024
396,5101,5/14/2024
53,1216,5/15/2024
380,1308,5/15/2024
292,2038,5/15/2024
42,2806,5/15/2024
50,3274,5/15/2024
51,3406,5/15/2024
49,3432,5/15/2024
112,4681,5/15/2024
111,5218,5/15/2024
243,5417,5/15/2024
53,426,5/19/2024
42,638,5/19/2024
292,1904,5/19/2024
56,2883,5/19/2024
292,3077,5/19/2024
396,4356,5/19/2024
49,5810,5/19/2024
39,629,5/20/2024
380,2751,5/20/2024
292,3639,5/20/2024
112,5036,5/20/2024
52,5707,5/20/2024
583,5823,5/20/2024
112,1960,5/21/2024
51,3482,5/21/2024
44,3631,5/21/2024
380,4284,5/21/2024
396,5070,5/21/2024
112,5220,5/21/2024
292,5227,5/21/2024
56,7178,5/21/2024
242,497,5/28/2024
56,2463,5/28/2024
112,2627,5/28/2024
50,2834,5/28/2024
479,5247,5/28/2024
292,5880,5/28/2024
242,7290,5/28/2024
44,1455,5/29/2024
479,2980,5/29/2024
583,3225,5/29/2024
55,4215,5/29/2024
42,4593,5/29/2024
52,4627,5/29/2024
56,5866,5/29/2024
50,3044,6/2/2024
583,3224,6/2/2024
583,5987,6/2/2024
48,590,6/3/2024
479,3773,6/3/2024
51,5673,6/3/2024
56,6300,6/3/2024
52,3286,6/4/2024
479,4165,6/4/2024
479,5316,6/4/2024
112,5964,6/4/2024
583,8930,6/4/2024
53,4240,6/5/2024
49,5288,6/5/2024
479,5764,6/5/2024
45,265,6/9/2024
51,2918,6/9/2024
48,3431,6/9/2024
48,963,6/10/2024
50,5080,6/10/2024
52,6963,6/10/2024
44,1801,6/11/2024
53,5092,6/11/2024
51,5210,6/11/2024
50,5416,6/12/2024
51,5672,6/12/2024
36,632,6/16/2024
151,735,6/16/2024
98,977,6/16/2024
257,1048,6/16/2024
105,1119,6/16/2024
256,1170,6/16/2024
114,1245,6/16/2024
299,1321,6/16/2024
107,1436,6/16/2024
471,2319,6/16/2024
317,2646,6/16/2024
52,5211,6/16/2024
48,5359,6/16/2024
15,5845,6/16/2024
116,580,6/17/2024
151,656,6/17/2024
29,728,6/17/2024
256,760,6/17/2024
7,1134,6/17/2024
50,1178,6/17/2024
258,1189,6/17/2024
299,1372,6/17/2024
299,1664,6/17/2024
472,2325,6/17/2024
312,2762,6/17/2024
44,3285,6/17/2024
105,3417,6/17/2024
107,4260,6/17/2024
52,5311,6/17/2024
101,6978,6/17/2024
90,1220,6/18/2024
108,1398,6/18/2024
258,1743,6/18/2024
297,1751,6/18/2024
7,2114,6/18/2024
472,2121,6/18/2024
38,2703,6/18/2024
153,3017,6/18/2024
253,3362,6/18/2024
311,3480,6/18/2024
44,4279,6/18/2024
98,4444,6/18/2024
299,4499,6/18/2024
105,5055,6/18/2024
153,5058,6/18/2024
151,682,6/19/2024
48,804,6/19/2024
105,819,6/19/2024
257,825,6/19/2024
38,1135,6/19/2024
257,1190,6/19/2024
101,1219,6/19/2024
91,1374,6/19/2024
314,2645,6/19/2024
476,2947,6/19/2024
90,4365,6/19/2024
297,4484,6/19/2024
299,5046,6/19/2024
153,5616,6/19/2024
108,5911,6/19/2024
258,552,6/23/2024
153,688,6/23/2024
297,1614,6/23/2024
151,2757,6/23/2024
314,2805,6/23/2024
101,3308,6/23/2024
108,3858,6/23/2024
35,4583,6/23/2024
473,5078,6/23/2024
299,5743,6/23/2024
153,272,6/24/2024
114,547,6/24/2024
93,1081,6/24/2024
108,1517,6/24/2024
288,1682,6/24/2024
473,2016,6/24/2024
299,2836,6/24/2024
297,5118,6/24/2024
297,5254,6/24/2024
153,7020,6/24/2024
93,960,6/25/2024
92,1702,6/25/2024
283,2258,6/25/2024
118,2484,6/25/2024
153,3717,6/25/2024
299,4458,6/25/2024
259,4461,6/25/2024
152,4482,6/25/2024
297,5292,6/25/2024
151,406,6/26/2024
153,659,6/26/2024
258,696,6/26/2024
94,1079,6/26/2024
297,2058,6/26/2024
299,2247,6/26/2024
109,2987,6/26/2024
109,5932,6/26/2024
116,5035,6/30/2024
101,1083,7/7/2024
90,1086,7/7/2024
95,1104,7/7/2024
249,1141,7/7/2024
315,1350,7/7/2024
14,1605,7/7/2024
471,2595,7/7/2024
275,3210,7/7/2024
288,3265,7/7/2024
101,1090,7/8/2024
14,1222,7/8/2024
482,1275,7/8/2024
93,1847,7/8/2024
314,1934,7/8/2024
472,2196,7/8/2024
289,2529,7/8/2024
312,3243,7/8/2024
275,3602,7/8/2024
90,4332,7/8/2024
275,343,7/9/2024
93,697,7/9/2024
15,919,7/9/2024
104,994,7/9/2024
314,1345,7/9/2024
482,1655,7/9/2024
472,2037,7/9/2024
312,2337,7/9/2024
288,3214,7/9/2024
114,3463,7/9/2024
98,3702,7/9/2024
91,4588,7/9/2024
15,5872,7/9/2024
116,759,7/10/2024
114,941,7/10/2024
98,1173,7/10/2024
95,1213,7/10/2024
275,1602,7/10/2024
289,1841,7/10/2024
473,2269,7/10/2024
114,2387,7/10/2024
471,2594,7/10/2024
15,3119,7/10/2024
249,3435,7/10/2024
286,3573,7/10/2024
471,3757,7/10/2024
289,4064,7/10/2024
93,5326,7/10/2024
253,143,7/14/2024
98,1082,7/14/2024
275,1690,7/14/2024
159,1970,7/14/2024
159,2902,7/14/2024
471,3053,7/14/2024
94,3207,7/14/2024
553,3235,7/14/2024
289,5253,7/14/2024
91,5871,7/14/2024
482,6476,7/14/2024
253,430,7/15/2024
94,857,7/15/2024
249,884,7/15/2024
159,2128,7/15/2024
291,2520,7/15/2024
275,2728,7/15/2024
90,2881,7/15/2024
159,2904,7/15/2024
473,3217,7/15/2024
311,3270,7/15/2024
98,3309,7/15/2024
289,3644,7/15/2024
273,481,7/16/2024
253,491,7/16/2024
94,860,7/16/2024
482,923,7/16/2024
89,942,7/16/2024
92,956,7/16/2024
311,1023,7/16/2024
95,1029,7/16/2024
475,2241,7/16/2024
482,2788,7/16/2024
159,3200,7/16/2024
110,4161,7/16/2024
291,4258,7/16/2024
98,5054,7/16/2024
146,410,7/17/2024
273,550,7/17/2024
257,665,7/17/2024
104,967,7/17/2024
249,1580,7/17/2024
291,1852,7/17/2024
159,2103,7/17/2024
283,2194,7/17/2024
482,2786,7/17/2024
91,3782,7/17/2024
474,5883,7/17/2024
110,6397,7/17/2024
286,1406,7/21/2024
275,1454,7/21/2024
225,1510,7/21/2024
101,2626,7/21/2024
29,2832,7/21/2024
35,3191,7/21/2024
475,3261,7/21/2024
553,3397,7/21/2024
90,5250,7/21/2024
95,5772,7/21/2024
275,480,7/22/2024
91,943,7/22/2024
93,1283,7/22/2024
109,1845,7/22/2024
473,1947,7/22/2024
35,2265,7/22/2024
286,2564,7/22/2024
273,2934,7/22/2024
242,2968,7/22/2024
95,3526,7/22/2024
29,6395,7/22/2024
273,422,7/23/2024
256,445,7/23/2024
259,693,7/23/2024
257,711,7/23/2024
89,713,7/23/2024
39,1270,7/23/2024
275,1451,7/23/2024
273,2491,7/23/2024
286,2647,7/23/2024
89,2695,7/23/2024
118,3387,7/23/2024
109,5325,7/23/2024
305,5745,7/23/2024
89,110,7/24/2024
275,334,7/24/2024
38,634,7/24/2024
101,1205,7/24/2024
101,1225,7/24/2024
474,2865,7/24/2024
273,3255,7/24/2024
104,3415,7/24/2024
93,3877,7/24/2024
38,4457,7/24/2024
254,694,7/28/2024
98,928,7/28/2024
92,1068,7/28/2024
114,1203,7/28/2024
258,1505,7/28/2024
315,1726,7/28/2024
108,1916,7/28/2024
475,2006,7/28/2024
473,3754,7/28/2024
312,3770,7/28/2024
258,545,7/29/2024
112,925,7/29/2024
95,959,7/29/2024
118,1874,7/29/2024
315,2807,7/29/2024
107,3348,7/29/2024
254,3363,7/29/2024
110,5912,7/29/2024
311,154,7/30/2024
254,333,7/30/2024
311,1763,7/30/2024
107,2176,7/30/2024
115,2459,7/30/2024
116,3347,7/30/2024
118,3349,7/30/2024
92,5455,7/30/2024
283,5753,7/30/2024
286,6952,7/30/2024
254,299,7/31/2024
257,689,7/31/2024
257,719,7/31/2024
258,739,7/31/2024
14,1224,7/31/2024
311,1302,7/31/2024
315,1335,7/31/2024
283,5936,7/31/2024
256,709,8/4/2024
8,938,8/4/2024
8,1101,8/4/2024
388,1280,8/4/2024
312,1292,8/4/2024
391,1434,8/4/2024
110,1680,8/4/2024
296,2256,8/4/2024
159,2336,8/4/2024
379,4288,8/4/2024
375,5003,8/4/2024
90,5214,8/4/2024
472,5272,8/4/2024
94,613,8/5/2024
116,718,8/5/2024
7,734,8/5/2024
7,1063,8/5/2024
149,1226,8/5/2024
296,1287,8/5/2024
312,1309,8/5/2024
379,1659,8/5/2024
159,2227,8/5/2024
471,2596,8/5/2024
378,5051,8/5/2024
110,5854,8/5/2024
33,7181,8/5/2024
94,563,8/6/2024
8,700,8/6/2024
116,725,8/6/2024
315,1344,8/6/2024
368,1549,8/6/2024
475,2101,8/6/2024
159,2122,8/6/2024
110,2814,8/6/2024
475,3380,8/6/2024
149,3495,8/6/2024
305,4274,8/6/2024
379,5370,8/6/2024
388,5458,8/6/2024
35,5487,8/6/2024
94,582,8/7/2024
152,671,8/7/2024
7,740,8/7/2024
389,842,8/7/2024
116,859,8/7/2024
39,1382,8/7/2024
288,1687,8/7/2024
109,2151,8/7/2024
474,2539,8/7/2024
92,3538,8/7/2024
474,4394,8/7/2024
301,4459,8/7/2024
378,4599,8/7/2024
104,5266,8/7/2024
368,5429,8/7/2024
37,5705,8/7/2024
375,869,8/11/2024
8,930,8/11/2024
378,980,8/11/2024
115,1004,8/11/2024
309,1010,8/11/2024
109,1349,8/11/2024
98,1444,8/11/2024
286,1825,8/11/2024
306,2005,8/11/2024
159,2341,8/11/2024
308,2472,8/11/2024
149,4435,8/11/2024
7,723,8/12/2024
389,1019,8/12/2024
152,1376,8/12/2024
301,1502,8/12/2024
301,1527,8/12/2024
291,1833,8/12/2024
95,2843,8/12/2024
378,3177,8/12/2024
124,3289,8/12/2024
115,3370,8/12/2024
391,4335,8/12/2024
108,5882,8/12/2024
7,604,8/13/2024
388,921,8/13/2024
388,1058,8/13/2024
388,1199,8/13/2024
310,1312,8/13/2024
304,1662,8/13/2024
291,2438,8/13/2024
101,2920,8/13/2024
298,3304,8/13/2024
121,5175,8/13/2024
8,5348,8/13/2024
105,5391,8/13/2024
115,5727,8/13/2024
306,5747,8/13/2024
8,483,8/14/2024
18,515,8/14/2024
38,630,8/14/2024
115,769,8/14/2024
379,905,8/14/2024
378,924,8/14/2024
287,3219,8/14/2024
95,4262,8/14/2024
8,4407,8/14/2024
149,4483,8/14/2024
388,5099,8/14/2024
114,5300,8/14/2024
370,6477,8/14/2024
310,6879,8/14/2024
149,390,8/18/2024
36,625,8/18/2024
89,705,8/18/2024
89,706,8/18/2024
256,729,8/18/2024
376,984,8/18/2024
7,2534,8/18/2024
286,3344,8/18/2024
15,3439,8/18/2024
260,3894,8/18/2024
8,4318,8/18/2024
98,5037,8/18/2024
391,5123,8/18/2024
370,5835,8/18/2024
93,538,8/19/2024
149,673,8/19/2024
114,779,8/19/2024
388,986,8/19/2024
294,1036,8/19/2024
258,1233,8/19/2024
304,1290,8/19/2024
15,1362,8/19/2024
300,1392,8/19/2024
7,1462,8/19/2024
388,1808,8/19/2024
378,2729,8/19/2024
286,4514,8/19/2024
369,5330,8/19/2024
93,551,8/20/2024
259,702,8/20/2024
89,800,8/20/2024
15,818,8/20/2024
378,953,8/20/2024
149,1075,8/20/2024
7,1091,8/20/2024
309,1097,8/20/2024
298,1132,8/20/2024
256,1165,8/20/2024
296,1191,8/20/2024
291,4638,8/20/2024
94,579,8/21/2024
254,701,8/21/2024
91,890,8/21/2024
259,1140,8/21/2024
15,1207,8/21/2024
294,1242,8/21/2024
149,3137,8/21/2024
315,4682,8/21/2024
370,5190,8/21/2024
388,5232,8/21/2024
370,5329,8/21/2024
256,589,8/25/2024
41,616,8/25/2024
101,767,8/25/2024
394,1838,8/25/2024
298,1842,8/25/2024
308,2793,8/25/2024
389,3382,8/25/2024
369,3465,8/25/2024
379,3867,8/25/2024
370,4232,8/25/2024
379,4567,8/25/2024
254,5236,8/25/2024
89,5299,8/25/2024
291,5343,8/25/2024
253,655,8/26/2024
90,908,8/26/2024
305,1034,8/26/2024
302,1355,8/26/2024
296,1579,8/26/2024
296,2137,8/26/2024
400,2402,8/26/2024
369,2512,8/26/2024
370,2515,8/26/2024
389,3018,8/26/2024
376,4639,8/26/2024
315,4697,8/26/2024
37,5087,8/26/2024
256,6931,8/26/2024
253,431,8/27/2024
257,569,8/27/2024
389,1001,8/27/2024
388,1095,8/27/2024
310,1238,8/27/2024
370,1598,8/27/2024
33,1748,8/27/2024
389,2672,8/27/2024
296,2845,8/27/2024
308,3626,8/27/2024
309,3700,8/27/2024
378,5033,8/27/2024
91,5894,8/27/2024
306,1027,8/28/2024
305,1464,8/28/2024
298,1498,8/28/2024
308,1552,8/28/2024
294,1663,8/28/2024
309,1666,8/28/2024
301,5851,8/28/2024
39,514,9/3/2024
35,1123,9/3/2024
312,1243,9/3/2024
310,1261,9/3/2024
302,1298,9/3/2024
225,1961,9/3/2024
218,3282,9/3/2024
403,3568,9/3/2024
37,4664,9/3/2024
118,721,9/4/2024
107,929,9/4/2024
104,988,9/4/2024
403,1440,9/4/2024
403,1686,9/4/2024
288,1773,9/4/2024
221,2309,9/4/2024
405,3220,9/4/2024
218,3515,9/4/2024
403,3620,9/4/2024
256,4118,9/4/2024
160,5448,9/4/2024
253,653,9/8/2024
92,931,9/8/2024
221,1289,9/8/2024
309,1452,9/8/2024
302,1661,9/8/2024
401,1888,9/8/2024
403,2207,9/8/2024
160,2953,9/8/2024
401,3789,9/8/2024
309,5063,9/8/2024
60,5116,9/8/2024
234,5888,9/8/2024
118,6190,9/8/2024
38,7188,9/8/2024
152,568,9/9/2024
257,1234,9/9/2024
218,1368,9/9/2024
221,1407,9/9/2024
235,1739,9/9/2024
37,1767,9/9/2024
160,2021,9/9/2024
160,2157,9/9/2024
403,2307,9/9/2024
108,2789,9/9/2024
310,2929,9/9/2024
401,3366,9/9/2024
216,3581,9/9/2024
401,4208,9/9/2024
234,5469,9/9/2024
110,5671,9/9/2024
302,7179,9/9/2024
304,1060,9/10/2024
104,1085,9/10/2024
256,1675,9/10/2024
160,1906,9/10/2024
232,2185,9/10/2024
235,2420,9/10/2024
403,3232,9/10/2024
216,3262,9/10/2024
107,3527,9/10/2024
302,3864,9/10/2024
300,4065,9/10/2024
401,4272,9/10/2024
107,4446,9/10/2024
234,5358,9/10/2024
149,264,9/11/2024
107,1087,9/11/2024
304,1096,9/11/2024
475,1870,9/11/2024
232,2528,9/11/2024
401,3454,9/11/2024
93,4368,9/11/2024
401,5234,9/11/2024
305,5298,9/11/2024
61,5388,9/11/2024
305,5481,9/11/2024
403,5763,9/11/2024
47,181,9/15/2024
46,918,9/15/2024
14,990,9/15/2024
38,1829,9/15/2024
315,2565,9/15/2024
63,2724,9/15/2024
234,3633,9/15/2024
471,5628,9/15/2024
60,194,9/16/2024
46,399,9/16/2024
116,666,9/16/2024
118,811,9/16/2024
39,1130,9/16/2024
391,1200,9/16/2024
376,1492,9/16/2024
218,1519,9/16/2024
218,1564,9/16/2024
316,2548,9/16/2024
234,2574,9/16/2024
37,2712,9/16/2024
403,5235,9/16/2024
42,1030,9/17/2024
314,1399,9/17/2024
473,2007,9/17/2024
47,2123,9/17/2024
218,2572,9/17/2024
109,2591,9/17/2024
218,2605,9/17/2024
259,2638,9/17/2024
36,2928,9/17/2024
64,3584,9/17/2024
291,3588,9/17/2024
46,165,9/18/2024
253,294,9/18/2024
47,427,9/18/2024
505,500,9/18/2024
314,1465,9/18/2024
105,1957,9/18/2024
473,2187,9/18/2024
368,2554,9/18/2024
35,3222,9/18/2024
218,3251,9/18/2024
218,3486,9/18/2024
60,3500,9/18/2024
285,4378,9/18/2024
46,345,9/22/2024
61,462,9/22/2024
38,621,9/22/2024
116,968,9/22/2024
234,1537,9/22/2024
107,1541,9/22/2024
288,1759,9/22/2024
234,1886,9/22/2024
160,2366,9/22/2024
60,3298,9/22/2024
63,3425,9/22/2024
47,240,9/23/2024
38,627,9/23/2024
91,955,9/23/2024
105,987,9/23/2024
60,1186,9/23/2024
234,1591,9/23/2024
160,2184,9/23/2024
232,2255,9/23/2024
92,174,9/24/2024
46,523,9/24/2024
63,752,9/24/2024
160,2095,9/24/2024
312,2312,9/24/2024
472,2317,9/24/2024
64,2718,9/24/2024
105,5347,9/24/2024
39,6576,9/24/2024
46,180,9/25/2024
61,527,9/25/2024
92,974,9/25/2024
234,1823,9/25/2024
110,2091,9/25/2024
286,2437,9/25/2024
473,3260,9/25/2024
63,5959,9/25/2024
39,6887,9/25/2024
46,146,9/29/2024
61,504,9/29/2024
37,574,9/29/2024
107,814,9/29/2024
306,1133,9/29/2024
234,1850,9/29/2024
14,2533,9/29/2024
305,5085,9/29/2024
61,529,9/30/2024
553,1511,9/30/2024
60,2439,9/30/2024
140,3060,1/9/2025
140,2755,1/13/2025
411,26,1/14/2025
61,482,1/14/2025
21,2811,1/14/2025
19,5709,1/14/2025
,,1/15/2025
19,3609,1/15/2025
19,594,1/16/2025
411,1054,1/20/2025
140,1710,1/20/2025
411,2131,1/20/2025
21,780,1/21/2025
411,5441,1/21/2025
140,6469,1/21/2025
141,874,1/22/2025
411,1802,1/22/2025
19,3201,1/22/2025
141,887,1/23/2025
19,3402,1/26/2025
381,4653,1/26/2025
204,1422,1/27/2025
381,1617,1/27/2025
200,1791,1/27/2025
21,5482,1/27/2025
21,1400,1/28/2025
204,1432,1/28/2025
205,1611,1/28/2025
381,3778,1/28/2025
140,708,1/29/2025
21,1111,1/29/2025
204,1752,1/29/2025
381,1778,1/29/2025
197,1790,1/29/2025
280,2357,2/3/2025
282,3481,2/3/2025
293,3804,2/4/2025
127,3868,2/4/2025
281,3489,2/5/2025
441,1138,2/9/2025
426,1152,2/9/2025
280,1703,2/9/2025
320,1522,2/10/2025
320,2083,2/10/2025
468,2320,2/11/2025
439,2958,2/11/2025
418,1721,2/16/2025
216,1782,2/16/2025
439,1828,2/16/2025
439,1982,2/16/2025
422,2643,2/16/2025
424,3088,2/16/2025
442,5669,2/16/2025
415,1528,2/17/2025
413,1723,2/17/2025
284,1860,2/17/2025
423,2642,2/17/2025
508,2799,2/17/2025
422,3364,2/17/2025
441,3857,2/17/2025
438,5397,2/17/2025
421,1415,2/18/2025
415,1496,2/18/2025
425,1657,2/18/2025
282,1875,2/18/2025
441,2335,2/18/2025
421,1722,2/19/2025
293,2412,2/19/2025
216,2823,2/19/2025
425,4257,2/19/2025
316,1450,2/23/2025
423,1855,2/23/2025
439,2986,2/23/2025
320,3215,2/23/2025
442,1515,2/24/2025
422,1864,2/24/2025
508,1981,2/24/2025
283,1985,2/25/2025
444,2452,2/25/2025
435,2828,2/26/2025
384,1414,3/2/2025
173,2284,3/2/2025
387,611,3/3/2025
375,1380,3/3/2025
384,1397,3/3/2025
163,2900,3/3/2025
387,851,3/4/2025
188,2152,3/4/2025
163,2299,3/4/2025
384,2924,3/4/2025
385,824,3/5/2025
191,1831,3/5/2025
162,2331,3/5/2025
190,5732,3/5/2025
173,2585,3/9/2025
385,3423,3/9/2025
577,3159,3/10/2025
173,5439,3/10/2025
165,5476,3/10/2025
375,873,3/11/2025
164,1959,3/11/2025
178,1977,3/11/2025
176,5447,3/11/2025
165,3212,3/12/2025
163,5095,3/12/2025
172,5293,3/12/2025
172,5295,3/12/2025
163,2371,3/16/2025
164,2547,3/16/2025
176,3598,3/16/2025
165,3339,3/17/2025
175,3469,3/17/2025
173,5294,3/17/2025
194,2164,3/18/2025
577,3520,3/18/2025
577,3795,3/19/2025
433,1326,3/23/2025
188,1997,3/24/2025
433,3395,3/24/2025
188,1940,3/25/2025
433,1943,3/25/2025
433,3278,3/25/2025
432,4358,3/25/2025
375,2656,3/26/2025
432,3267,3/26/2025
432,5361,3/26/2025
399,3739,4/1/2025
161,1964,4/1/2025
430,2443,4/1/2025
399,2781,4/2/2025
161,2885,4/2/2025
429,3872,4/2/2025
161,2283,4/6/2025
399,2861,4/6/2025
430,3237,4/6/2025
370,4232,4/6/2025
283,5753,4/6/2025
430,1535,4/7/2025
427,1581,4/7/2025
383,2147,4/7/2025
161,2747,4/7/2025
399,2862,4/7/2025
239,3765,4/7/2025
287,7032,4/7/2025
161,2373,4/8/2025
180,2634,4/8/2025
400,2831,4/8/2025
399,3093,4/8/2025
383,3259,4/8/2025
427,3648,4/8/2025
427,4352,4/8/2025
430,4865,4/8/2025
161,1873,4/9/2025
400,1905,4/9/2025
214,2073,4/9/2025
383,2259,4/9/2025
181,2369,4/9/2025
474,3472,4/9/2025
430,3734,4/9/2025
427,3875,4/9/2025
341,1761,4/10/2025
399,5841,4/10/2025
430,1538,4/13/2025
179,1924,4/13/2025
214,2316,4/13/2025
161,3301,4/13/2025
275,3602,4/13/2025
382,4412,4/13/2025
246,1329,4/14/2025
179,1932,4/14/2025
382,1956,4/14/2025
161,2225,4/14/2025
209,2362,4/14/2025
382,2923,4/14/2025
430,3853,4/14/2025
430,1520,4/15/2025
482,1557,4/15/2025
291,1852,4/15/2025
179,1856,4/15/2025
184,2142,4/15/2025
382,2608,4/15/2025
53,5092,4/15/2025
427,1695,4/22/2025
183,1698,4/22/2025
383,1901,4/22/2025
184,1930,4/22/2025
180,1939,4/22/2025
184,2399,4/22/2025
478,2538,4/22/2025
477,5368,4/22/2025
478,5396,4/22/2025
477,5440,4/22/2025
412,1545,4/23/2025
477,1784,4/23/2025
475,1817,4/23/2025
383,1872,4/23/2025
184,1907,4/23/2025
183,2055,4/23/2025
180,2202,4/23/2025
478,3239,4/23/2025
474,4395,4/23/2025
427,1649,4/24/2025
383,2084,4/24/2025
477,5935,4/24/2025
430,1483,4/27/2025
429,1543,4/27/2025
427,1636,4/27/2025
183,1788,4/27/2025
468,2069,4/27/2025
179,5076,4/27/2025
383,7199,4/27/2025
382,1565,4/28/2025
468,1834,4/28/2025
180,2046,4/28/2025
183,2153,4/28/2025
383,2455,4/28/2025
430,2990,4/28/2025
382,1567,4/29/2025
430,1685,4/29/2025
180,1868,4/29/2025
183,2330,4/29/2025
383,4247,4/29/2025
294,1317,4/30/2025
427,1534,4/30/2025
429,1604,4/30/2025
183,1749,4/30/2025
427,2033,4/30/2025
430,1500,5/1/2025
321,55,5/4/2025
46,165,5/4/2025
116,666,5/4/2025
7,740,5/4/2025
388,1058,5/4/2025
298,1498,5/4/2025
442,1515,5/4/2025
283,2258,5/4/2025
29,2832,5/4/2025
218,3282,5/4/2025
370,5835,5/4/2025
46,345,5/5/2025
321,388,5/5/2025
7,1091,5/5/2025
296,1191,5/5/2025
218,1519,5/5/2025
286,1825,5/5/2025
422,1864,5/5/2025
369,2512,5/5/2025
7,2534,5/5/2025
442,5669,5/5/2025
118,6190,5/5/2025
33,7181,5/5/2025
45,265,5/6/2025
322,359,5/6/2025
7,604,5/6/2025
41,616,5/6/2025
95,959,5/6/2025
7,1462,5/6/2025
296,2137,5/6/2025
403,2307,5/6/2025
95,2843,5/6/2025
424,3088,5/6/2025
442,3499,5/6/2025
218,3515,5/6/2025
403,5763,5/6/2025
283,5936,5/6/2025
370,6477,5/6/2025
141,887,5/7/2025
7,1063,5/7/2025
482,1275,5/7/2025
441,2335,5/7/2025
36,2928,5/7/2025
44,3284,5/7/2025
95,4262,5/7/2025
297,5118,5/7/2025
369,5330,5/7/2025
401,1888,5/7/2025
48,590,5/8/2025
141,874,5/8/2025
14,990,5/8/2025
368,2554,5/8/2025
37,2712,5/8/2025
439,2958,5/8/2025
249,3435,5/8/2025
401,4272,5/8/2025
297,5292,5/8/2025
328,157,5/11/2025
5,314,5/11/2025
242,497,5/11/2025
140,875,5/11/2025
8,1101,5/11/2025
381,1315,5/11/2025
44,1455,5/11/2025
381,1456,5/11/2025
382,1508,5/11/2025
425,1657,5/11/2025
37,1767,5/11/2025
439,1982,5/11/2025
473,2007,5/11/2025
320,2083,5/11/2025
472,2121,5/11/2025
411,2131,5/11/2025
296,2256,5/11/2025
122,2310,5/11/2025
44,2978,5/11/2025
165,3212,5/11/2025
320,3215,5/11/2025
432,3267,5/11/2025
432,4358,5/11/2025
474,4394,5/11/2025
8,4407,5/11/2025
37,5087,5/11/2025
140,6469,5/11/2025
284,5436,5/11/2025
48,371,5/12/2025
253,431,5/12/2025
260,507,5/12/2025
37,574,5/12/2025
123,578,5/12/2025
375,869,5/12/2025
8,930,5/12/2025
294,1242,5/12/2025
433,1326,5/12/2025
382,1485,5/12/2025
140,1710,5/12/2025
216,1782,5/12/2025
411,1802,5/12/2025
370,2515,5/12/2025
474,2539,5/12/2025
326,2587,5/12/2025
423,2642,5/12/2025
375,2656,5/12/2025
140,2755,5/12/2025
216,2823,5/12/2025
140,3060,5/12/2025
405,3220,5/12/2025
403,3232,5/12/2025
385,3423,5/12/2025
49,3432,5/12/2025
467,3537,5/12/2025
379,4288,5/12/2025
438,5397,5/12/2025
165,5476,5/12/2025
15,5872,5/12/2025
284,2555,5/12/2025
120,1089,5/12/2025
253,143,5/13/2025
46,180,5/13/2025
45,412,5/13/2025
275,480,5/13/2025
8,483,5/13/2025
259,493,5/13/2025
36,625,5/13/2025
123,680,5/13/2025
89,706,5/13/2025
7,723,5/13/2025
107,814,5/13/2025
375,873,5/13/2025
376,984,5/13/2025
92,1068,5/13/2025
403,1440,5/13/2025
381,1461,5/13/2025
119,1606,5/13/2025
381,1778,5/13/2025
283,2194,5/13/2025
291,2438,5/13/2025
439,2986,5/13/2025
467,3218,5/13/2025
124,3289,5/13/2025
433,3395,5/13/2025
175,3469,5/13/2025
216,3581,5/13/2025
380,4284,5/13/2025
324,5244,5/13/2025
368,5429,5/13/2025
411,5441,5/13/2025
284,1741,5/13/2025
324,85,5/14/2025
47,240,5/14/2025
45,251,5/14/2025
146,410,5/14/2025
273,481,5/14/2025
38,630,5/14/2025
259,702,5/14/2025
29,728,5/14/2025
116,759,5/14/2025
385,824,5/14/2025
387,851,5/14/2025
378,980,5/14/2025
294,1036,5/14/2025
411,1054,5/14/2025
441,1138,5/14/2025
384,1397,5/14/2025
376,1492,5/14/2025
288,1682,5/14/2025
472,2037,5/14/2025
471,2319,5/14/2025
286,2437,5/14/2025
471,2595,5/14/2025
216,3262,5/14/2025
422,3364,5/14/2025
218,3486,5/14/2025
403,3620,5/14/2025
467,3705,5/14/2025
401,3789,5/14/2025
8,4318,5/14/2025
370,5329,5/14/2025
325,5433,5/14/2025
176,5447,5/14/2025
121,4166,5/14/2025
411,26,5/15/2025
325,261,5/15/2025
273,550,5/15/2025
253,655,5/15/2025
121,687,5/15/2025
298,1132,5/15/2025
41,1164,5/15/2025
286,1406,5/15/2025
288,1687,5/15/2025
33,1748,5/15/2025
47,2123,5/15/2025
403,2207,5/15/2025
380,2751,5/15/2025
273,2934,5/15/2025
401,3454,5/15/2025
577,3795,5/15/2025
317,4278,5/15/2025
324,4460,5/15/2025
378,5033,5/15/2025
8,5348,5/15/2025
432,5361,5/15/2025
367,5626,5/15/2025
328,119,5/18/2025
275,334,5/18/2025
38,627,5/18/2025
8,938,5/18/2025
242,1053,5/18/2025
375,1380,5/18/2025
381,1412,5/18/2025
320,1522,5/18/2025
298,1842,5/18/2025
472,2196,5/18/2025
14,2533,5/18/2025
474,2865,5/18/2025
577,3159,5/18/2025
218,3251,5/18/2025
401,3366,5/18/2025
181,2224,5/18/2025
322,2,5/19/2025
253,430,5/19/2025
260,571,5/19/2025
8,700,5/19/2025
35,1123,5/19/2025
381,1617,5/19/2025
287,1730,5/19/2025
473,2016,5/19/2025
221,2309,5/19/2025
444,2452,5/19/2025
471,2594,5/19/2025
218,2605,5/19/2025
378,2729,5/19/2025
384,2924,5/19/2025
577,3520,5/19/2025
401,4208,5/19/2025
381,4653,5/19/2025
297,5254,5/19/2025
181,2332,5/19/2025
325,296,5/20/2025
260,584,5/20/2025
259,693,5/20/2025
259,1140,5/20/2025
384,1414,5/20/2025
381,1457,5/20/2025
218,1564,5/20/2025
296,1579,5/20/2025
482,1655,5/20/2025
473,1947,5/20/2025
178,1977,5/20/2025
122,2065,5/20/2025
287,2295,5/20/2025
242,2968,5/20/2025
118,3387,5/20/2025
95,3526,5/20/2025
176,3598,5/20/2025
120,3660,5/20/2025
403,5235,5/20/2025
321,16,5/27/2025
123,678,5/27/2025
95,1104,5/27/2025
221,1289,5/27/2025
380,1308,5/27/2025
287,1525,5/27/2025
433,1943,5/27/2025
422,2643,5/27/2025
122,2932,5/27/2025
375,5003,5/27/2025
379,5370,5/27/2025
469,2071,5/27/2025
470,5274,5/27/2025
283,3035,5/27/2025
387,611,5/28/2025
482,923,5/28/2025
378,924,5/28/2025
121,1194,5/28/2025
403,1686,5/28/2025
433,3278,5/28/2025
441,3857,5/28/2025
425,4257,5/28/2025
469,2188,5/28/2025
470,3478,5/28/2025
376,1689,5/28/2025
322,54,5/29/2025
119,698,5/29/2025
249,1141,5/29/2025
421,1722,5/29/2025
35,2265,5/29/2025
119,3835,5/29/2025
469,2070,5/29/2025
470,2473,5/29/2025
474,4395,6/1/2025
430,1535,6/1/2025
161,3301,6/1/2025
184,1785,6/1/2025
368,1549,6/1/2025
39,1270,6/1/2025
41,1339,6/1/2025
35,4583,6/1/2025
119,5263,6/1/2025
110,2727,6/1/2025
105,3417,6/1/2025
92,5455,6/1/2025
505,2201,6/1/2025
583,8930,6/1/2025
427,1581,6/1/2025
430,4865,6/1/2025
430,2990,6/2/2025
399,2862,6/2/2025
474,3472,6/2/2025
430,3237,6/2/2025
383,2259,6/2/2025
161,2373,6/2/2025
184,2142,6/2/2025
369,1533,6/2/2025
35,2687,6/2/2025
39,4487,6/2/2025
41,4506,6/2/2025
119,1469,6/2/2025
119,5251,6/2/2025
105,1119,6/2/2025
92,1702,6/2/2025
110,5671,6/2/2025
53,2427,6/2/2025
505,2612,6/2/2025
399,2781,6/2/2025
161,1873,6/2/2025
399,2861,6/3/2025
430,2443,6/3/2025
430,3853,6/3/2025
161,2747,6/3/2025
399,3739,6/3/2025
383,3259,6/3/2025
369,3465,6/3/2025
39,514,6/3/2025
41,1286,6/3/2025
119,3659,6/3/2025
92,3538,6/3/2025
105,5055,6/3/2025
110,6397,6/3/2025
53,2105,6/3/2025
505,3763,6/3/2025
180,2634,6/3/2025
42,1035,6/3/2025
430,1520,6/3/2025
400,2831,6/4/2025
399,3093,6/4/2025
161,2283,6/4/2025
430,1500,6/4/2025
430,3734,6/4/2025
383,2147,6/4/2025
369,5189,6/4/2025
42,1281,6/4/2025
41,4440,6/4/2025
39,6887,6/4/2025
119,477,6/4/2025
92,174,6/4/2025
110,1680,6/4/2025
105,5391,6/4/2025
505,5717,6/4/2025
53,5889,6/4/2025
399,5841,6/5/2025
430,1538,6/5/2025
400,1905,6/5/2025
430,1483,6/5/2025
161,1964,6/5/2025
368,3407,6/5/2025
39,1382,6/5/2025
42,2806,6/5/2025
41,4521,6/5/2025
119,4226,6/5/2025
476,5461,6/5/2025
92,649,6/5/2025
105,1957,6/5/2025
110,5854,6/5/2025
583,5823,6/5/2025
505,5947,6/5/2025
157,1762,6/8/2025
383,2084,6/8/2025
382,4412,6/8/2025
323,100,6/8/2025
382,1565,6/8/2025
10,863,6/8/2025
91,890,6/8/2025
326,1105,6/8/2025
309,1255,6/8/2025
299,1372,6/8/2025
372,1381,6/8/2025
305,1464,6/8/2025
294,1795,6/8/2025
372,2482,6/8/2025
55,2667,6/8/2025
73,2891,6/8/2025
582,4068,6/8/2025
110,4161,6/8/2025
151,5057,6/8/2025
153,5058,6/8/2025
105,5347,6/8/2025
29,6395,6/8/2025
5,6878,6/8/2025
183,1749,6/9/2025
383,1901,6/9/2025
382,1956,6/9/2025
161,2885,6/9/2025
183,1698,6/9/2025
322,144,6/9/2025
382,1567,6/9/2025
324,126,6/9/2025
151,416,6/9/2025
153,688,6/9/2025
10,733,6/9/2025
105,987,6/9/2025
309,1097,6/9/2025
33,1383,6/9/2025
294,1663,6/9/2025
110,2091,6/9/2025
299,2247,6/9/2025
403,3568,6/9/2025
73,3645,6/9/2025
373,3861,6/9/2025
305,5745,6/9/2025
371,5768,6/9/2025
91,5894,6/9/2025
5,7324,6/9/2025
49,3014,6/9/2025
382,2923,6/10/2025
183,2330,6/10/2025
429,1543,6/10/2025
383,1872,6/10/2025
161,2225,6/10/2025
183,2055,6/10/2025
10,355,6/10/2025
5,433,6/10/2025
151,682,6/10/2025
371,1746,6/10/2025
297,1751,6/10/2025
294,2440,6/10/2025
94,3310,6/10/2025
403,3589,6/10/2025
153,3717,6/10/2025
42,3733,6/10/2025
71,3826,6/10/2025
105,4063,6/10/2025
373,5186,6/10/2025
324,5706,6/10/2025
310,5787,6/10/2025
33,1358,6/10/2025
553,1590,6/10/2025
429,1604,6/11/2025
382,2608,6/11/2025
181,2369,6/11/2025
383,2455,6/11/2025
323,1,6/11/2025
324,124,6/11/2025
10,356,6/11/2025
151,406,6/11/2025
33,628,6/11/2025
294,1217,6/11/2025
310,1238,6/11/2025
297,1816,6/11/2025
71,4299,6/11/2025
373,4451,6/11/2025
42,4593,6/11/2025
105,5034,6/11/2025
403,5350,6/11/2025
153,5616,6/11/2025
371,6480,6/11/2025
137,5703,6/11/2025
94,1391,6/11/2025
430,1685,6/12/2025
184,1907,6/12/2025
383,4247,6/12/2025
33,2348,6/12/2025
110,2814,6/12/2025
5,332,6/12/2025
94,1079,6/12/2025
18,515,6/12/2025
153,659,6/12/2025
10,1057,6/12/2025
42,1144,6/12/2025
310,1312,6/12/2025
582,1827,6/12/2025
118,2237,6/12/2025
373,2671,6/12/2025
476,2947,6/12/2025
324,3230,6/12/2025
373,3751,6/12/2025
299,4499,6/12/2025
71,6898,6/12/2025
153,7020,6/12/2025
10,432,6/15/2025
39,644,6/15/2025
119,663,6/15/2025
50,807,6/15/2025
50,880,6/15/2025
149,1075,6/15/2025
243,1160,6/15/2025
308,1552,6/15/2025
401,1699,6/15/2025
219,2098,6/15/2025
214,2266,6/15/2025
378,3177,6/15/2025
298,3658,6/15/2025
364,3730,6/15/2025
3,300,6/15/2025
78,442,6/15/2025
294,4428,6/15/2025
2,5113,6/15/2025
105,819,6/15/2025
91,943,6/15/2025
553,3311,6/15/2025
56,2086,6/15/2025
70,3383,6/15/2025
49,3433,6/15/2025
21,5482,6/15/2025
10,329,6/16/2025
121,366,6/16/2025
39,396,6/16/2025
53,426,6/16/2025
78,490,6/16/2025
149,673,6/16/2025
10,730,6/16/2025
479,940,6/16/2025
364,1175,6/16/2025
306,2005,6/16/2025
298,3304,6/16/2025
221,3749,6/16/2025
401,3848,6/16/2025
378,4599,6/16/2025
214,5082,6/16/2025
219,5857,6/16/2025
2,562,6/16/2025
294,4334,6/16/2025
94,613,6/16/2025
118,623,6/16/2025
553,3397,6/16/2025
53,1216,6/16/2025
70,5216,6/16/2025
49,5288,6/16/2025
19,5709,6/16/2025
53,217,6/17/2025
48,220,6/17/2025
78,470,6/17/2025
121,741,6/17/2025
39,1130,6/17/2025
209,1927,6/17/2025
124,2749,6/17/2025
217,2774,6/17/2025
13,3271,6/17/2025
298,3305,6/17/2025
149,3495,6/17/2025
364,4252,6/17/2025
306,4574,6/17/2025
378,5051,6/17/2025
3,5126,6/17/2025
401,5234,6/17/2025
221,5499,6/17/2025
2,7280,6/17/2025
326,7,6/17/2025
118,778,6/17/2025
94,860,6/17/2025
553,3235,6/17/2025
50,2649,6/17/2025
19,3201,6/17/2025
51,2918,6/17/2025
3,1201,6/18/2025
304,4410,6/18/2025
2,670,6/18/2025
304,1060,6/18/2025
49,284,6/18/2025
149,304,6/18/2025
8,424,6/18/2025
78,464,6/18/2025
52,467,6/18/2025
39,624,6/18/2025
122,672,6/18/2025
3,691,6/18/2025
364,1328,6/18/2025
401,1708,6/18/2025
306,2134,6/18/2025
209,3250,6/18/2025
225,3342,6/18/2025
217,3812,6/18/2025
308,4477,6/18/2025
585,5957,6/18/2025
326,24,6/18/2025
118,811,6/18/2025
553,1996,6/18/2025
94,3207,6/18/2025
50,1178,6/18/2025
55,4215,6/18/2025
19,3402,6/18/2025
410,39,6/18/2025
78,440,6/19/2025
3,316,6/19/2025
479,421,6/19/2025
10,726,6/19/2025
49,896,6/19/2025
122,1320,6/19/2025
218,1368,6/19/2025
209,1863,6/19/2025
298,2704,6/19/2025
401,2921,6/19/2025
364,4355,6/19/2025
149,4483,6/19/2025
379,4567,6/19/2025
217,5185,6/19/2025
306,5879,6/19/2025
328,18,6/19/2025
389,1384,6/19/2025
118,721,6/19/2025
91,955,6/19/2025
553,3163,6/19/2025
479,5312,6/19/2025
583,5987,6/19/2025
19,3609,6/19/2025
410,2893,6/19/2025
251,4417,6/22/2025
251,828,6/22/2025
482,2786,6/22/2025
360,195,6/22/2025
323,4,6/22/2025
325,58,6/22/2025
389,1001,6/22/2025
115,769,6/22/2025
89,942,6/22/2025
553,1511,6/22/2025
583,3225,6/22/2025
50,5080,6/22/2025
294,1179,6/22/2025
16,1284,6/22/2025
2,1711,6/22/2025
367,5799,6/22/2025
272,435,6/22/2025
267,1933,6/22/2025
254,1263,6/22/2025
362,1151,6/22/2025
309,3371,6/22/2025
308,6789,6/22/2025
209,2313,6/22/2025
225,2441,6/22/2025
151,308,6/22/2025
121,587,6/22/2025
144,5196,6/22/2025
59,297,6/22/2025
59,744,6/22/2025
290,1424,6/22/2025
287,2795,6/22/2025
361,319,6/22/2025
123,1159,6/22/2025
359,40,6/22/2025
21,780,6/22/2025
143,1088,6/22/2025
35,631,6/22/2025
410,42,6/22/2025
64,772,6/22/2025
475,2101,6/22/2025
476,2550,6/22/2025
70,3384,6/22/2025
81,6286,6/22/2025
435,1167,6/22/2025
482,6476,6/23/2025
482,2788,6/23/2025
55,5191,6/23/2025
361,184,6/23/2025
321,66,6/23/2025
322,76,6/23/2025
389,842,6/23/2025
90,1220,6/23/2025
109,2591,6/23/2025
115,5264,6/23/2025
2,1158,6/23/2025
7,1638,6/23/2025
367,3884,6/23/2025
341,256,6/23/2025
264,5442,6/23/2025
580,566,6/23/2025
362,1691,6/23/2025
308,1849,6/23/2025
223,1504,6/23/2025
208,2506,6/23/2025
42,4237,6/23/2025
144,175,6/23/2025
121,657,6/23/2025
151,667,6/23/2025
124,3852,6/23/2025
60,522,6/23/2025
59,849,6/23/2025
290,1523,6/23/2025
290,2160,6/23/2025
360,560,6/23/2025
123,685,6/23/2025
359,159,6/23/2025
21,1400,6/23/2025
469,2074,6/23/2025
143,970,6/23/2025
35,1244,6/23/2025
410,72,6/23/2025
246,2339,6/23/2025
475,2476,6/23/2025
476,3742,6/23/2025
81,1232,6/23/2025
70,1516,6/23/2025
67,2257,6/23/2025
50,5416,6/23/2025
435,2668,6/23/2025
254,701,6/23/2025
41,881,6/24/2025
334,34,6/24/2025
123,6370,6/24/2025
321,67,6/24/2025
389,1273,6/24/2025
109,1845,6/24/2025
115,2459,6/24/2025
90,4332,6/24/2025
479,2980,6/24/2025
52,5211,6/24/2025
7,734,6/24/2025
13,4497,6/24/2025
366,3379,6/24/2025
341,361,6/24/2025
268,1897,6/24/2025
580,492,6/24/2025
362,1599,6/24/2025
309,1452,6/24/2025
308,2793,6/24/2025
208,3722,6/24/2025
223,5104,6/24/2025
151,737,6/24/2025
145,950,6/24/2025
124,3829,6/24/2025
121,5175,6/24/2025
60,194,6/24/2025
68,602,6/24/2025
314,2645,6/24/2025
287,3869,6/24/2025
359,820,6/24/2025
21,2811,6/24/2025
335,69,6/24/2025
143,1195,6/24/2025
328,71,6/24/2025
35,641,6/24/2025
410,111,6/24/2025
249,1580,6/24/2025
249,3529,6/24/2025
475,2006,6/24/2025
476,5929,6/24/2025
56,2463,6/24/2025
60,3500,6/24/2025
48,4509,6/24/2025
76,6929,6/24/2025
435,5667,6/24/2025
87,404,6/24/2025
248,1709,6/25/2025
328,11,6/25/2025
334,59,6/25/2025
123,724,6/25/2025
325,52,6/25/2025
391,1200,6/25/2025
90,908,6/25/2025
115,1171,6/25/2025
109,2946,6/25/2025
479,5247,6/25/2025
56,7178,6/25/2025
11,764,6/25/2025
14,1493,6/25/2025
366,5031,6/25/2025
341,1418,6/25/2025
268,2815,6/25/2025
362,3273,6/25/2025
308,3626,6/25/2025
309,5063,6/25/2025
215,2323,6/25/2025
223,3783,6/25/2025
152,568,6/25/2025
151,656,6/25/2025
124,690,6/25/2025
145,1561,6/25/2025
68,351,6/25/2025
63,752,6/25/2025
314,1486,6/25/2025
287,4191,6/25/2025
336,5477,6/25/2025
335,95,6/25/2025
21,1111,6/25/2025
143,5079,6/25/2025
39,629,6/25/2025
42,638,6/25/2025
35,640,6/25/2025
35,3192,6/25/2025
475,5869,6/25/2025
251,1013,6/25/2025
467,5853,6/25/2025
349,1148,6/25/2025
56,2883,6/25/2025
65,3640,6/25/2025
76,5389,6/25/2025
435,1551,6/25/2025
83,3169,6/25/2025
50,3274,6/26/2025
329,36,6/26/2025
327,83,6/26/2025
391,1434,6/26/2025
115,528,6/26/2025
109,2987,6/26/2025
91,3782,6/26/2025
479,5764,6/26/2025
52,6963,6/26/2025
14,1620,6/26/2025
366,2922,6/26/2025
341,201,6/26/2025
273,422,6/26/2025
268,1681,6/26/2025
410,5307,6/26/2025
306,1821,6/26/2025
308,2472,6/26/2025
215,1895,6/26/2025
221,3784,6/26/2025
124,620,6/26/2025
151,735,6/26/2025
122,1319,6/26/2025
152,4414,6/26/2025
145,6807,6/26/2025
68,400,6/26/2025
62,872,6/26/2025
290,2821,6/26/2025
290,4476,6/26/2025
13,1481,6/26/2025
357,14,6/26/2025
143,969,6/26/2025
410,368,6/26/2025
35,3191,6/26/2025
35,3222,6/26/2025
251,1310,6/26/2025
246,2771,6/26/2025
475,1870,6/26/2025
143,3528,6/26/2025
76,1254,6/26/2025
435,5668,6/26/2025
81,3319,6/26/2025
44,5147,6/29/2025
326,8,6/29/2025
329,74,6/29/2025
389,1019,6/29/2025
115,1004,6/29/2025
90,4365,6/29/2025
52,5311,6/29/2025
479,5316,6/29/2025
335,19,6/29/2025
407,557,6/29/2025
243,1142,6/29/2025
243,1157,6/29/2025
474,5883,6/29/2025
144,6964,6/29/2025
50,3044,6/29/2025
67,4416,6/29/2025
435,1394,6/29/2025
87,2769,6/29/2025
66,449,6/29/2025
66,283,6/29/2025
339,60,6/30/2025
326,5,6/30/2025
329,70,6/30/2025
109,1349,6/30/2025
90,2881,6/30/2025
115,3370,6/30/2025
52,4627,6/30/2025
48,5359,6/30/2025
407,558,6/30/2025
45,516,6/30/2025
251,995,6/30/2025
239,1745,6/30/2025
247,1978,6/30/2025
378,953,6/30/2025
144,848,6/30/2025
45,2688,6/30/2025
85,4183,6/30/2025
67,5045,6/30/2025
435,4677,6/30/2025
66,457,6/30/2025
87,4115,6/30/2025
288,3265,6/30/2025
61,5388,7/6/2025
88,461,7/6/2025
128,1342,7/7/2025
469,2070,7/7/2025
470,3478,7/7/2025
327,102,7/7/2025
305,1385,7/7/2025
305,5085,7/7/2025
33,795,7/7/2025
5,712,7/7/2025
321,358,7/7/2025
366,1411,7/7/2025
365,1474,7/7/2025
272,506,7/7/2025
264,1553,7/7/2025
299,1664,7/7/2025
385,829,7/7/2025
214,4255,7/7/2025
42,1030,7/7/2025
38,1135,7/7/2025
147,238,7/7/2025
55,1118,7/7/2025
311,1336,7/7/2025
287,4350,7/7/2025
375,966,7/7/2025
90,817,7/7/2025
114,1203,7/7/2025
109,1851,7/7/2025
144,5419,7/7/2025
174,2294,7/7/2025
165,3337,7/7/2025
558,5047,7/7/2025
60,3298,7/7/2025
46,3828,7/7/2025
263,802,7/7/2025
280,4423,7/7/2025
283,3035,7/7/2025
284,5436,7/7/2025
234,1886,7/7/2025
228,5445,7/7/2025
292,5880,7/7/2025
159,2902,7/7/2025
129,2913,7/8/2025
470,5274,7/8/2025
325,127,7/8/2025
306,1133,7/8/2025
305,5481,7/8/2025
475,3380,7/8/2025
292,2038,7/8/2025
321,3231,7/8/2025
366,1324,7/8/2025
365,5342,7/8/2025
585,2293,7/8/2025
272,198,7/8/2025
264,1848,7/8/2025
301,2730,7/8/2025
385,3731,7/8/2025
213,5309,7/8/2025
38,642,7/8/2025
36,1017,7/8/2025
38,7188,7/8/2025
151,668,7/8/2025
147,683,7/8/2025
152,710,7/8/2025
583,789,7/8/2025
288,1759,7/8/2025
311,2761,7/8/2025
388,1550,7/8/2025
114,2387,7/8/2025
108,2962,7/8/2025
90,5250,7/8/2025
136,155,7/8/2025
174,2582,7/8/2025
178,3830,7/8/2025
558,4456,7/8/2025
44,4503,7/8/2025
60,5116,7/8/2025
263,2532,7/8/2025
284,1741,7/8/2025
228,2278,7/8/2025
234,2574,7/8/2025
45,3764,7/8/2025
85,1150,7/9/2025
284,2555,7/9/2025
132,2938,7/9/2025
326,2575,7/9/2025
42,585,7/9/2025
292,3639,7/9/2025
321,141,7/9/2025
367,1240,7/9/2025
365,4337,7/9/2025
388,5458,7/9/2025
380,5676,7/9/2025
272,1395,7/9/2025
268,1737,7/9/2025
301,1641,7/9/2025
385,3732,7/9/2025
214,1839,7/9/2025
38,511,7/9/2025
38,2703,7/9/2025
38,4457,7/9/2025
153,192,7/9/2025
119,619,7/9/2025
149,4435,7/9/2025
583,259,7/9/2025
287,3219,7/9/2025
311,3303,7/9/2025
329,68,7/9/2025
388,1280,7/9/2025
116,725,7/9/2025
108,1916,7/9/2025
116,3887,7/9/2025
409,346,7/9/2025
136,707,7/9/2025
558,1807,7/9/2025
178,1921,7/9/2025
44,1801,7/9/2025
63,2724,7/9/2025
442,3247,7/9/2025
280,2566,7/9/2025
228,3253,7/9/2025
234,5358,7/9/2025
297,1614,7/9/2025
176,5867,7/10/2025
326,4168,7/10/2025
304,948,7/10/2025
305,1209,7/10/2025
292,5227,7/10/2025
321,125,7/10/2025
366,1846,7/10/2025
365,4325,7/10/2025
380,5049,7/10/2025
388,5099,7/10/2025
272,436,7/10/2025
267,2816,7/10/2025
309,1010,7/10/2025
301,1354,7/10/2025
385,4201,7/10/2025
214,5066,7/10/2025
38,621,7/10/2025
38,634,7/10/2025
153,272,7/10/2025
121,676,7/10/2025
149,1226,7/10/2025
583,1055,7/10/2025
311,154,7/10/2025
288,1773,7/10/2025
286,3344,7/10/2025
329,62,7/10/2025
388,1095,7/10/2025
112,925,7/10/2025
92,931,7/10/2025
89,5299,7/10/2025
406,419,7/10/2025
174,2503,7/10/2025
558,2871,7/10/2025
178,5414,7/10/2025
62,3510,7/10/2025
442,910,7/10/2025
234,1850,7/10/2025
228,5360,7/10/2025
160,2953,7/10/2025
45,6467,7/13/2025
44,3631,7/13/2025
125,1163,7/13/2025
304,1064,7/13/2025
296,1287,7/13/2025
388,1199,7/13/2025
108,1387,7/13/2025
97,3307,7/13/2025
114,3463,7/13/2025
90,5214,7/13/2025
407,43,7/13/2025
406,369,7/13/2025
410,382,7/13/2025
146,106,7/13/2025
136,1530,7/13/2025
178,1844,7/13/2025
558,1869,7/13/2025
284,2041,7/13/2025
174,2090,7/13/2025
165,2254,7/13/2025
62,3572,7/13/2025
435,3488,7/13/2025
444,6394,7/13/2025
256,729,7/13/2025
258,1259,7/13/2025
328,788,7/13/2025
13,2111,7/13/2025
1,2748,7/13/2025
137,4187,7/13/2025
367,1291,7/13/2025
368,5369,7/13/2025
585,4734,7/13/2025
269,1668,7/13/2025
580,1162,7/13/2025
249,5483,7/13/2025
406,978,7/13/2025
298,1558,7/13/2025
124,1694,7/13/2025
300,2772,7/13/2025
296,3182,7/13/2025
209,5387,7/13/2025
144,1248,7/13/2025
66,777,7/13/2025
70,812,7/13/2025
82,1129,7/13/2025
514,5073,7/13/2025
316,2849,7/13/2025
235,1739,7/13/2025
164,2064,7/13/2025
166,2141,7/13/2025
168,3563,7/13/2025
110,5912,7/13/2025
63,3425,7/13/2025
470,2126,7/14/2025
256,1675,7/14/2025
125,2706,7/14/2025
469,4359,7/14/2025
329,229,7/14/2025
39,1603,7/14/2025
35,5487,7/14/2025
388,986,7/14/2025
89,110,7/14/2025
114,547,7/14/2025
108,1589,7/14/2025
407,35,7/14/2025
410,242,7/14/2025
406,592,7/14/2025
253,491,7/14/2025
136,182,7/14/2025
178,2195,7/14/2025
174,2604,7/14/2025
165,3774,7/14/2025
165,5384,7/14/2025
558,5944,7/14/2025
74,1257,7/14/2025
62,5449,7/14/2025
435,1571,7/14/2025
444,1650,7/14/2025
258,1743,7/14/2025
409,3492,7/14/2025
316,1450,7/14/2025
137,766,7/14/2025
1,904,7/14/2025
13,5262,7/14/2025
366,1325,7/14/2025
368,5331,7/14/2025
585,3824,7/14/2025
269,3891,7/14/2025
580,870,7/14/2025
249,1459,7/14/2025
304,1039,7/14/2025
299,3889,7/14/2025
300,4273,7/14/2025
305,4594,7/14/2025
209,3293,7/14/2025
145,2322,7/14/2025
66,408,7/14/2025
83,475,7/14/2025
70,600,7/14/2025
514,2385,7/14/2025
226,2480,7/14/2025
235,4501,7/14/2025
168,4612,7/14/2025
166,5495,7/14/2025
470,2473,7/15/2025
90,5420,7/15/2025
258,739,7/15/2025
74,3381,7/15/2025
51,3482,7/15/2025
125,5022,7/15/2025
469,2722,7/15/2025
329,128,7/15/2025
304,1662,7/15/2025
296,3612,7/15/2025
380,1252,7/15/2025
114,779,7/15/2025
89,2695,7/15/2025
108,2789,7/15/2025
406,370,7/15/2025
411,378,7/15/2025
362,577,7/15/2025
253,204,7/15/2025
242,3294,7/15/2025
136,347,7/15/2025
165,1742,7/15/2025
558,2841,7/15/2025
174,3291,7/15/2025
165,3339,7/15/2025
178,5142,7/15/2025
74,1272,7/15/2025
62,2993,7/15/2025
442,1635,7/15/2025
444,3497,7/15/2025
13,1229,7/15/2025
1,6173,7/15/2025
409,1507,7/15/2025
137,660,7/15/2025
366,1612,7/15/2025
370,2113,7/15/2025
379,5341,7/15/2025
269,3893,7/15/2025
249,5443,7/15/2025
254,5728,7/15/2025
306,1156,7/15/2025
304,1337,7/15/2025
300,1348,7/15/2025
299,4458,7/15/2025
209,1857,7/15/2025
145,4533,7/15/2025
83,77,7/15/2025
66,651,7/15/2025
70,822,7/15/2025
514,2571,7/15/2025
316,2810,7/15/2025
168,1670,7/15/2025
226,1884,7/15/2025
235,2420,7/15/2025
166,2830,7/15/2025
115,5727,7/15/2025
258,1233,7/15/2025
45,1022,7/15/2025
87,292,7/15/2025
123,3234,7/15/2025
115,3474,7/16/2025
53,4240,7/16/2025
328,160,7/16/2025
379,1045,7/16/2025
116,580,7/16/2025
89,800,7/16/2025
108,5911,7/16/2025
411,342,7/16/2025
406,372,7/16/2025
411,484,7/16/2025
258,1113,7/16/2025
253,3362,7/16/2025
256,6931,7/16/2025
136,716,7/16/2025
558,2040,7/16/2025
165,2109,7/16/2025
558,3422,7/16/2025
176,3912,7/16/2025
175,4153,7/16/2025
64,3827,7/16/2025
444,1276,7/16/2025
442,3322,7/16/2025
1,866,7/16/2025
409,4321,7/16/2025
137,403,7/16/2025
2,762,7/16/2025
1,4333,7/16/2025
369,5124,7/16/2025
367,5858,7/16/2025
379,3867,7/16/2025
269,1228,7/16/2025
254,1341,7/16/2025
482,1518,7/16/2025
304,1290,7/16/2025
300,1392,7/16/2025
299,2836,7/16/2025
304,4224,7/16/2025
209,3608,7/16/2025
146,93,7/16/2025
83,280,7/16/2025
66,384,7/16/2025
70,755,7/16/2025
467,4137,7/16/2025
317,2036,7/16/2025
167,2236,7/16/2025
235,2281,7/16/2025
166,3252,7/16/2025
226,4276,7/16/2025
109,2151,7/17/2025
406,652,7/17/2025
257,1048,7/17/2025
328,1114,7/17/2025
379,1231,7/17/2025
89,705,7/17/2025
116,968,7/17/2025
108,1398,7/17/2025
253,653,7/17/2025
242,4450,7/17/2025
140,708,7/17/2025
165,2108,7/17/2025
178,3236,7/17/2025
178,5012,7/17/2025
176,5178,7/17/2025
558,5340,7/17/2025
505,3136,7/17/2025
65,3226,7/17/2025
442,1678,7/17/2025
444,3324,7/17/2025
409,2428,7/17/2025
137,409,7/17/2025
1,934,7/17/2025
3,2713,7/17/2025
1,4581,7/17/2025
367,3807,7/17/2025
368,4336,7/17/2025
379,1659,7/17/2025
269,5199,7/17/2025
580,1783,7/17/2025
482,3781,7/17/2025
304,1096,7/17/2025
304,1131,7/17/2025
300,4065,7/17/2025
299,5046,7/17/2025
209,2359,7/17/2025
146,97,7/17/2025
66,383,7/17/2025
70,793,7/17/2025
85,1042,7/17/2025
467,3531,7/17/2025
316,2576,7/17/2025
226,2543,7/17/2025
168,3810,7/17/2025
227,5381,7/17/2025
166,5881,7/17/2025
407,341,7/20/2025
442,5438,7/20/2025
74,7281,7/20/2025
423,1855,7/20/2025
378,1008,7/20/2025
116,718,7/20/2025
107,1541,7/20/2025
93,4368,7/20/2025
260,720,7/20/2025
253,736,7/20/2025
141,954,7/20/2025
178,3266,7/20/2025
577,5077,7/20/2025
506,1154,7/20/2025
65,4512,7/20/2025
439,1449,7/20/2025
326,169,7/20/2025
473,2269,7/20/2025
5,681,7/20/2025
327,289,7/20/2025
405,2051,7/20/2025
371,2768,7/20/2025
275,2728,7/20/2025
265,3790,7/20/2025
251,1991,7/20/2025
362,2490,7/20/2025
406,2562,7/20/2025
299,1237,7/20/2025
297,1953,7/20/2025
208,2197,7/20/2025
223,5409,7/20/2025
146,104,7/20/2025
124,599,7/20/2025
122,1318,7/20/2025
50,266,7/20/2025
65,1040,7/20/2025
403,5233,7/20/2025
289,1688,7/20/2025
314,3768,7/20/2025
227,2588,7/20/2025
167,3541,7/20/2025
234,3633,7/20/2025
87,765,7/20/2025
55,260,7/20/2025
3,315,7/20/2025
467,3850,7/20/2025
41,4420,7/20/2025
10,809,7/20/2025
247,1304,7/20/2025
248,1388,7/20/2025
3,298,7/20/2025
290,1524,7/20/2025
239,1665,7/20/2025
302,7009,7/20/2025
108,1517,7/20/2025
59,1103,7/20/2025
94,857,7/20/2025
107,2176,7/20/2025
327,714,7/21/2025
379,905,7/21/2025
93,697,7/21/2025
114,1245,7/21/2025
107,5301,7/21/2025
253,282,7/21/2025
258,1247,7/21/2025
242,5418,7/21/2025
423,2198,7/21/2025
140,2939,7/21/2025
174,2003,7/21/2025
577,3443,7/21/2025
82,2133,7/21/2025
67,4538,7/21/2025
440,1908,7/21/2025
473,5078,7/21/2025
14,7247,7/21/2025
5,306,7/21/2025
327,348,7/21/2025
365,1370,7/21/2025
369,1532,7/21/2025
372,2767,7/21/2025
275,1690,7/21/2025
265,4531,7/21/2025
580,1002,7/21/2025
406,1214,7/21/2025
362,2855,7/21/2025
299,1321,7/21/2025
301,4459,7/21/2025
223,1495,7/21/2025
208,3860,7/21/2025
146,120,7/21/2025
124,742,7/21/2025
122,4635,7/21/2025
65,768,7/21/2025
51,1117,7/21/2025
582,4438,7/21/2025
315,1350,7/21/2025
289,2529,7/21/2025
167,2945,7/21/2025
231,5241,7/21/2025
234,5469,7/21/2025
289,5253,7/21/2025
47,417,7/21/2025
86,999,7/21/2025
472,2317,7/21/2025
291,3588,7/21/2025
1,991,7/21/2025
3,3386,7/21/2025
37,586,7/21/2025
238,1487,7/21/2025
247,1566,7/21/2025
248,1570,7/21/2025
302,7238,7/21/2025
442,1776,7/21/2025
84,1098,7/21/2025
124,1080,7/21/2025
329,45,7/22/2025
327,339,7/22/2025
93,3877,7/22/2025
107,4446,7/22/2025
258,696,7/22/2025
243,5417,7/22/2025
423,3513,7/22/2025
140,365,7/22/2025
175,3078,7/22/2025
577,3562,7/22/2025
82,4554,7/22/2025
67,5091,7/22/2025
439,1316,7/22/2025
95,5772,7/22/2025
83,1185,7/22/2025
368,2777,7/22/2025
14,2739,7/22/2025
5,434,7/22/2025
327,167,7/22/2025
372,1646,7/22/2025
365,4203,7/22/2025
266,2956,7/22/2025
275,3210,7/22/2025
580,1026,7/22/2025
406,664,7/22/2025
362,4611,7/22/2025
301,1197,7/22/2025
299,4564,7/22/2025
208,2063,7/22/2025
223,2124,7/22/2025
146,677,7/22/2025
122,1466,7/22/2025
123,4223,7/22/2025
51,202,7/22/2025
62,915,7/22/2025
582,2511,7/22/2025
311,3772,7/22/2025
315,4697,7/22/2025
473,2187,7/22/2025
234,1823,7/22/2025
231,2059,7/22/2025
167,2263,7/22/2025
582,4689,7/22/2025
1,1212,7/22/2025
472,5272,7/22/2025
226,1623,7/22/2025
77,757,7/22/2025
247,1378,7/22/2025
247,1425,7/22/2025
238,1576,7/22/2025
11,287,7/22/2025
232,2255,7/22/2025
37,643,7/22/2025
300,7243,7/22/2025
441,1274,7/22/2025
257,2654,7/22/2025
469,2188,7/22/2025
78,5460,7/22/2025
329,91,7/23/2025
136,1468,7/23/2025
325,318,7/23/2025
93,538,7/23/2025
107,1087,7/23/2025
242,526,7/23/2025
254,694,7/23/2025
257,1234,7/23/2025
258,1505,7/23/2025
138,239,7/23/2025
175,2825,7/23/2025
577,5752,7/23/2025
82,2991,7/23/2025
440,1453,7/23/2025
381,4471,7/23/2025
5,375,7/23/2025
14,1174,7/23/2025
327,530,7/23/2025
365,1364,7/23/2025
373,3833,7/23/2025
370,5190,7/23/2025
266,1256,7/23/2025
275,1602,7/23/2025
243,7087,7/23/2025
406,770,7/23/2025
362,4475,7/23/2025
302,1236,7/23/2025
301,1379,7/23/2025
223,1463,7/23/2025
208,2211,7/23/2025
121,583,7/23/2025
146,675,7/23/2025
52,206,7/23/2025
62,546,7/23/2025
311,1302,7/23/2025
315,2565,7/23/2025
288,3831,7/23/2025
473,3754,7/23/2025
233,2519,7/23/2025
231,3228,7/23/2025
167,4687,7/23/2025
77,465,7/23/2025
2,2723,7/23/2025
472,5273,7/23/2025
292,2015,7/23/2025
298,5320,7/23/2025
238,1618,7/23/2025
247,1639,7/23/2025
248,1647,7/23/2025
317,2662,7/23/2025
229,2287,7/23/2025
441,1305,7/23/2025
469,2071,7/23/2025
15,5845,7/23/2025
108,3858,7/23/2025
370,1598,7/23/2025
78,458,7/23/2025
325,336,7/24/2025
381,3778,7/24/2025
101,767,7/24/2025
107,3348,7/24/2025
254,257,7/24/2025
257,1190,7/24/2025
242,7290,7/24/2025
423,5977,7/24/2025
138,305,7/24/2025
175,2633,7/24/2025
176,3292,7/24/2025
82,4163,7/24/2025
68,5287,7/24/2025
440,2271,7/24/2025
14,2760,7/24/2025
5,5197,7/24/2025
327,171,7/24/2025
372,2112,7/24/2025
365,4543,7/24/2025
372,5428,7/24/2025
275,343,7/24/2025
266,4529,7/24/2025
580,2563,7/24/2025
406,799,7/24/2025
410,1187,7/24/2025
302,3701,7/24/2025
301,5851,7/24/2025
223,1503,7/24/2025
208,2910,7/24/2025
146,107,7/24/2025
121,1467,7/24/2025
47,427,7/24/2025
84,437,7/24/2025
582,4696,7/24/2025
311,3480,7/24/2025
314,4636,7/24/2025
289,5488,7/24/2025
227,3838,7/24/2025
170,5131,7/24/2025
234,5888,7/24/2025
84,524,7/24/2025
312,2762,7/24/2025
514,3794,7/24/2025
292,5969,7/24/2025
314,1934,7/24/2025
243,1180,7/24/2025
248,1419,7/24/2025
246,1547,7/24/2025
124,2496,7/24/2025
229,1885,7/24/2025
65,344,7/24/2025
93,5326,7/24/2025
301,1950,7/24/2025
46,146,7/24/2025
256,1170,7/27/2025
423,5992,7/27/2025
389,962,7/27/2025
107,929,7/27/2025
104,967,7/27/2025
94,1182,7/27/2025
257,719,7/27/2025
254,3363,7/27/2025
423,1786,7/27/2025
136,1074,7/27/2025
178,2518,7/27/2025
161,2261,7/27/2025
81,1303,7/27/2025
59,1837,7/27/2025
196,2545,7/27/2025
291,5343,7/27/2025
11,715,7/27/2025
137,1100,7/27/2025
13,4330,7/27/2025
371,3799,7/27/2025
375,2270,7/27/2025
271,833,7/27/2025
267,1998,7/27/2025
273,5403,7/27/2025
309,877,7/27/2025
296,5346,7/27/2025
217,5203,7/27/2025
36,632,7/27/2025
36,3367,7/27/2025
145,94,7/27/2025
149,264,7/27/2025
349,420,7/27/2025
61,462,7/27/2025
582,5270,7/27/2025
285,4378,7/27/2025
476,5462,7/27/2025
399,2780,7/27/2025
232,1887,7/27/2025
170,3564,7/27/2025
227,4644,7/27/2025
3,301,7/27/2025
312,1243,7/27/2025
76,746,7/27/2025
503,249,7/27/2025
471,2450,7/27/2025
471,2596,7/27/2025
312,1652,7/27/2025
289,5922,7/27/2025
308,3503,7/27/2025
251,902,7/27/2025
243,922,7/27/2025
247,1294,7/27/2025
314,2705,7/27/2025
315,1344,7/27/2025
232,2528,7/27/2025
585,2752,7/27/2025
278,197,7/27/2025
271,216,7/27/2025
271,233,7/27/2025
37,4664,7/27/2025
59,4298,7/27/2025
107,1436,7/27/2025
388,921,7/28/2025
260,519,7/28/2025
94,579,7/28/2025
107,4260,7/28/2025
104,5266,7/28/2025
256,760,7/28/2025
260,1210,7/28/2025
423,5089,7/28/2025
136,699,7/28/2025
184,1796,7/28/2025
174,2497,7/28/2025
175,5281,7/28/2025
68,3585,7/28/2025
83,5480,7/28/2025
440,5090,7/28/2025
291,2520,7/28/2025
391,5123,7/28/2025
475,3261,7/28/2025
11,362,7/28/2025
11,425,7/28/2025
11,2306,7/28/2025
372,1334,7/28/2025
272,454,7/28/2025
273,1734,7/28/2025
267,5617,7/28/2025
297,4250,7/28/2025
306,5747,7/28/2025
375,826,7/28/2025
223,3641,7/28/2025
36,1359,7/28/2025
36,4384,7/28/2025
146,64,7/28/2025
149,3137,7/28/2025
349,414,7/28/2025
61,527,7/28/2025
582,1768,7/28/2025
288,1631,7/28/2025
399,2508,7/28/2025
232,2185,7/28/2025
229,4643,7/28/2025
170,5649,7/28/2025
310,2929,7/28/2025
289,3216,7/28/2025
503,285,7/28/2025
81,381,7/28/2025
471,3053,7/28/2025
471,3757,7/28/2025
471,3801,7/28/2025
310,5489,7/28/2025
506,1126,7/28/2025
243,1476,7/28/2025
251,1629,7/28/2025
247,1667,7/28/2025
314,1399,7/28/2025
289,1811,7/28/2025
314,1345,7/28/2025
228,2561,7/28/2025
376,2892,7/28/2025
271,252,7/28/2025
98,1172,7/28/2025
104,1085,7/29/2025
107,3527,7/29/2025
98,4444,7/29/2025
256,1165,7/29/2025
260,2628,7/29/2025
423,1472,7/29/2025
4,303,7/29/2025
175,5201,7/29/2025
68,3213,7/29/2025
83,5479,7/29/2025
439,2509,7/29/2025
184,1930,7/29/2025
389,3018,7/29/2025
291,1833,7/29/2025
475,2241,7/29/2025
13,423,7/29/2025
11,731,7/29/2025
11,1052,7/29/2025
367,1149,7/29/2025
400,2782,7/29/2025
272,224,7/29/2025
273,1093,7/29/2025
267,5402,7/29/2025
309,2908,7/29/2025
297,4484,7/29/2025
375,3428,7/29/2025
223,2429,7/29/2025
33,1037,7/29/2025
36,1146,7/29/2025
147,466,7/29/2025
147,1115,7/29/2025
349,271,7/29/2025
61,808,7/29/2025
582,5167,7/29/2025
288,4623,7/29/2025
229,1770,7/29/2025
170,2096,7/29/2025
232,3412,7/29/2025
87,865,7/29/2025
310,3595,7/29/2025
290,1969,7/29/2025
85,321,7/29/2025
302,3864,7/29/2025
514,2516,7/29/2025
312,3243,7/29/2025
242,1327,7/29/2025
239,1480,7/29/2025
482,1601,7/29/2025
234,1537,7/29/2025
234,1591,7/29/2025
312,2337,7/29/2025
286,6952,7/29/2025
228,3514,7/29/2025
585,3533,7/29/2025
278,3460,7/29/2025
272,4259,7/29/2025
263,5044,7/29/2025
278,5157,7/29/2025
267,5965,7/29/2025
473,3217,7/29/2025
92,973,7/30/2025
98,1444,7/30/2025
111,2081,7/30/2025
256,709,7/30/2025
260,3894,7/30/2025
423,2448,7/30/2025
4,105,7/30/2025
184,1753,7/30/2025
175,2651,7/30/2025
68,3390,7/30/2025
83,3569,7/30/2025
444,1643,7/30/2025
391,3805,7/30/2025
238,1479,7/30/2025
312,1301,7/30/2025
290,2808,7/30/2025
77,901,7/30/2025
61,504,7/30/2025
514,2403,7/30/2025
315,4682,7/30/2025
290,5847,7/30/2025
137,662,7/30/2025
243,1033,7/30/2025
251,1356,7/30/2025
315,1726,7/30/2025
310,6958,7/30/2025
317,2646,7/30/2025
254,299,7/30/2025
376,5334,7/30/2025
278,603,7/30/2025
268,1938,7/30/2025
265,2215,7/30/2025
266,3601,7/30/2025
266,4049,7/30/2025
262,4323,7/30/2025
279,4511,7/30/2025
341,4695,7/30/2025
263,5398,7/30/2025
237,1684,7/30/2025
231,1765,7/30/2025
229,1820,7/30/2025
226,2208,7/30/2025
168,2252,7/30/2025
229,2540,7/30/2025
228,2597,7/30/2025
231,2663,7/30/2025
228,2674,7/30/2025
228,2909,7/30/2025
227,3738,7/30/2025
233,5200,7/30/2025
237,5470,7/30/2025
264,4405,7/30/2025
231,2664,7/30/2025
286,3573,7/30/2025
282,1875,7/30/2025
111,5218,7/31/2025
109,5325,7/31/2025
257,665,7/31/2025
260,2783,7/31/2025
422,1861,7/31/2025
176,5111,7/31/2025
68,3591,7/31/2025
439,1430,7/31/2025
184,2399,7/31/2025
1,5174,7/31/2025
137,661,7/31/2025
38,1829,7/31/2025
312,1309,7/31/2025
315,1780,7/31/2025
60,1137,7/31/2025
471,5628,7/31/2025
249,884,7/31/2025
246,854,7/31/2025
580,1371,7/31/2025
312,3770,7/31/2025
229,2008,7/31/2025
254,5236,7/31/2025
278,199,7/31/2025
341,253,7/31/2025
273,254,7/31/2025
271,302,7/31/2025
272,317,7/31/2025
273,612,7/31/2025
279,633,7/31/2025
279,636,7/31/2025
279,775,7/31/2025
273,798,7/31/2025
262,844,7/31/2025
262,852,7/31/2025
263,933,7/31/2025
341,1071,7/31/2025
278,1125,7/31/2025
270,1211,7/31/2025
269,1404,7/31/2025
278,1421,7/31/2025
269,1489,7/31/2025
270,1531,7/31/2025
262,1548,7/31/2025
278,1713,7/31/2025
263,1955,7/31/2025
267,2204,7/31/2025
37,5705,7/31/2025
292,1904,7/31/2025
312,1292,8/3/2025
289,4064,8/3/2025
503,163,8/3/2025
286,2564,8/3/2025
286,2647,8/3/2025
311,2089,8/3/2025
286,5105,8/3/2025
47,468,8/3/2025
137,2690,8/3/2025
300,2580,8/3/2025
366,1218,8/3/2025
400,3897,8/3/2025
308,1322,8/3/2025
225,1521,8/3/2025
208,1707,8/3/2025
207,1913,8/3/2025
219,3447,8/3/2025
207,5029,8/3/2025
147,268,8/3/2025
151,2757,8/3/2025
70,900,8/3/2025
45,1044,8/3/2025
582,1572,8/3/2025
33,628,8/3/2025
317,2933,8/3/2025
339,5927,8/3/2025
19,745,8/3/2025
32,2733,8/3/2025
361,319,8/3/2025
503,140,8/4/2025
48,963,8/4/2025
137,1124,8/4/2025
137,394,8/4/2025
302,3825,8/4/2025
325,133,8/4/2025
235,5379,8/4/2025
508,5779,8/4/2025
292,3077,8/4/2025
341,328,8/4/2025
371,3771,8/4/2025
300,1268,8/4/2025
296,1288,8/4/2025
207,1416,8/4/2025
207,4479,8/4/2025
225,4609,8/4/2025
147,218,8/4/2025
147,738,8/4/2025
505,512,8/4/2025
46,572,8/4/2025
71,927,8/4/2025
405,1573,8/4/2025
362,486,8/4/2025
400,1900,8/4/2025
227,1948,8/4/2025
317,5319,8/4/2025
20,1047,8/4/2025
32,1367,8/4/2025
219,2726,8/4/2025
469,4474,8/4/2025
327,3331,8/5/2025
315,2807,8/5/2025
289,3644,8/5/2025
470,2308,8/5/2025
219,5184,8/5/2025
321,279,8/5/2025
302,7179,8/5/2025
235,2611,8/5/2025
291,4258,8/5/2025
271,196,8/5/2025
372,2766,8/5/2025
400,1995,8/5/2025
411,5219,8/5/2025
310,1155,8/5/2025
301,1502,8/5/2025
227,2193,8/5/2025
225,2275,8/5/2025
207,5385,8/5/2025
146,177,8/5/2025
147,393,8/5/2025
46,399,8/5/2025
76,561,8/5/2025
71,861,8/5/2025
505,964,8/5/2025
582,3208,8/5/2025
317,1351,8/5/2025
320,2696,8/5/2025
19,787,8/5/2025
32,2890,8/5/2025
469,2711,8/5/2025
207,3445,8/5/2025
288,3214,8/6/2025
328,281,8/6/2025
219,5466,8/6/2025
321,209,8/6/2025
410,382,8/6/2025
291,5731,8/6/2025
271,262,8/6/2025
400,1902,8/6/2025
400,5494,8/6/2025
368,3896,8/6/2025
300,1166,8/6/2025
207,2191,8/6/2025
221,3502,8/6/2025
207,5030,8/6/2025
147,161,8/6/2025
146,335,8/6/2025
46,398,8/6/2025
74,438,8/6/2025
71,945,8/6/2025
505,1015,8/6/2025
405,2794,8/6/2025
320,2474,8/6/2025
316,2610,8/6/2025
235,5088,8/6/2025
32,907,8/6/2025
20,3401,8/6/2025
98,977,8/7/2025
286,4514,8/7/2025
315,5117,8/7/2025
291,4638,8/7/2025
82,4219,8/7/2025
92,974,8/7/2025
45,827,8/7/2025
301,2000,8/7/2025
470,2314,8/7/2025
291,2136,8/7/2025
272,936,8/7/2025
369,3241,8/7/2025
301,1527,8/7/2025
221,1441,8/7/2025
235,2199,8/7/2025
207,2350,8/7/2025
218,2400,8/7/2025
147,684,8/7/2025
48,353,8/7/2025
505,500,8/7/2025
46,918,8/7/2025
71,1051,8/7/2025
405,5168,8/7/2025
400,1878,8/7/2025
320,4372,8/7/2025
20,855,8/7/2025
16,1112,8/7/2025
469,2710,8/7/2025
569,5808,8/8/2025
116,859,8/10/2025
311,1023,8/10/2025
218,2572,8/10/2025
93,551,8/10/2025
101,1083,8/10/2025
7,1134,8/10/2025
4,114,8/10/2025
4,176,8/10/2025
406,592,8/10/2025
474,2549,8/10/2025
391,3227,8/10/2025
264,1420,8/10/2025
239,1758,8/10/2025
49,471,8/10/2025
405,1439,8/10/2025
15,1207,8/10/2025
225,1510,8/10/2025
422,1952,8/10/2025
138,495,8/10/2025
143,1346,8/10/2025
432,2847,8/10/2025
77,3279,8/10/2025
29,635,8/10/2025
22,3741,8/10/2025
16,5363,8/10/2025
229,1568,8/10/2025
233,2334,8/10/2025
229,2603,8/10/2025
167,3475,8/10/2025
320,1714,8/10/2025
360,560,8/10/2025
359,40,8/10/2025
359,159,8/10/2025
41,2214,8/10/2025
116,5035,8/11/2025
262,1386,8/11/2025
364,1369,8/11/2025
222,1333,8/11/2025
101,1225,8/11/2025
97,1375,8/11/2025
4,273,8/11/2025
144,2846,8/11/2025
63,5612,8/11/2025
264,1814,8/11/2025
246,1728,8/11/2025
409,1099,8/11/2025
225,2447,8/11/2025
76,211,8/11/2025
405,1438,8/11/2025
15,1032,8/11/2025
422,3498,8/11/2025
138,115,8/11/2025
143,2715,8/11/2025
432,4600,8/11/2025
77,5245,8/11/2025
20,3118,8/11/2025
16,3461,8/11/2025
22,4409,8/11/2025
233,1529,8/11/2025
228,1656,8/11/2025
229,1883,8/11/2025
284,5795,8/11/2025
320,1544,8/11/2025
359,820,8/11/2025
334,59,8/11/2025
361,184,8/11/2025
74,1249,8/11/2025
98,3309,8/12/2025
116,3347,8/12/2025
467,2249,8/12/2025
275,1454,8/12/2025
77,290,8/12/2025
470,2321,8/12/2025
222,2542,8/12/2025
55,565,8/12/2025
101,1090,8/12/2025
101,1205,8/12/2025
97,1408,8/12/2025
4,164,8/12/2025
138,183,8/12/2025
18,5812,8/12/2025
391,1896,8/12/2025
270,3434,8/12/2025
239,3747,8/12/2025
474,3511,8/12/2025
409,1221,8/12/2025
221,2250,8/12/2025
76,248,8/12/2025
14,3785,8/12/2025
422,2087,8/12/2025
4,391,8/12/2025
141,1025,8/12/2025
432,5141,8/12/2025
77,1313,8/12/2025
16,494,8/12/2025
25,1340,8/12/2025
29,2860,8/12/2025
120,5151,8/12/2025
233,2205,8/12/2025
227,2300,8/12/2025
228,3429,8/12/2025
284,3802,8/12/2025
320,1653,8/12/2025
336,5477,8/12/2025
339,60,8/12/2025
357,14,8/12/2025
514,5041,8/13/2025
98,928,8/13/2025
80,395,8/13/2025
62,2505,8/13/2025
258,1189,8/13/2025
470,3290,8/13/2025
213,5471,8/13/2025
101,1219,8/13/2025
97,4427,8/13/2025
4,118,8/13/2025
140,2720,8/13/2025
63,5959,8/13/2025
18,7185,8/13/2025
409,3283,8/13/2025
391,3582,8/13/2025
270,1413,8/13/2025
239,2388,8/13/2025
373,3360,8/13/2025
474,2485,8/13/2025
221,1443,8/13/2025
76,939,8/13/2025
14,3484,8/13/2025
424,2274,8/13/2025
4,258,8/13/2025
141,816,8/13/2025
86,2239,8/13/2025
29,605,8/13/2025
120,658,8/13/2025
22,722,8/13/2025
25,2475,8/13/2025
237,1792,8/13/2025
233,4404,8/13/2025
227,5040,8/13/2025
284,5039,8/13/2025
320,2809,8/13/2025
29,4556,8/13/2025
335,19,8/13/2025
335,69,8/13/2025
433,776,8/13/2025
74,536,8/13/2025
65,5246,8/14/2025
109,5932,8/14/2025
309,3700,8/14/2025
101,2626,8/14/2025
472,2325,8/14/2025
283,1985,8/14/2025
470,3883,8/14/2025
387,5155,8/14/2025
387,5166,8/14/2025
215,1812,8/14/2025
98,3702,8/14/2025
97,4520,8/14/2025
138,112,8/14/2025
140,903,8/14/2025
65,1409,8/14/2025
24,3462,8/14/2025
1,853,8/14/2025
267,3725,8/14/2025
373,4430,8/14/2025
409,3103,8/14/2025
239,2035,8/14/2025
221,3571,8/14/2025
4,153,8/14/2025
141,501,8/14/2025
432,4568,8/14/2025
86,3888,8/14/2025
436,2421,8/14/2025
120,756,8/14/2025
21,1363,8/14/2025
22,2732,8/14/2025
285,2460,8/14/2025
237,2129,8/14/2025
233,2888,8/14/2025
235,5446,8/14/2025
317,6951,8/14/2025
360,195,8/14/2025
334,34,8/14/2025
335,95,8/14/2025
81,813,8/14/2025
94,563,8/17/2025
315,1335,8/17/2025
138,1059,8/17/2025
28,2630,8/17/2025
26,3748,8/17/2025
477,5440,8/17/2025
21,520,8/17/2025
376,5137,8/17/2025
272,213,8/17/2025
263,1490,8/17/2025
247,2679,8/17/2025
323,5260,8/17/2025
384,3596,8/17/2025
152,671,8/17/2025
101,2920,8/17/2025
259,591,8/17/2025
259,1426,8/17/2025
424,1562,8/17/2025
424,3209,8/17/2025
138,981,8/17/2025
432,3151,8/17/2025
181,2138,8/17/2025
87,4055,8/17/2025
440,3643,8/17/2025
30,754,8/17/2025
22,856,8/17/2025
28,864,8/17/2025
23,1373,8/17/2025
172,5295,8/17/2025
477,5368,8/17/2025
159,2227,8/17/2025
506,4131,8/17/2025
436,5432,8/17/2025
181,2224,8/17/2025
302,1300,8/17/2025
160,5448,8/17/2025
188,2152,8/17/2025
164,1959,8/17/2025
194,2164,8/17/2025
160,1906,8/17/2025
159,2336,8/17/2025
468,1834,8/17/2025
143,1066,8/17/2025
112,5220,8/17/2025
78,1494,8/18/2025
152,879,8/18/2025
141,1192,8/18/2025
67,3297,8/18/2025
26,3611,8/18/2025
28,5392,8/18/2025
478,5396,8/18/2025
24,1314,8/18/2025
376,3313,8/18/2025
275,200,8/18/2025
263,3837,8/18/2025
201,2678,8/18/2025
323,4108,8/18/2025
384,5492,8/18/2025
259,1478,8/18/2025
152,695,8/18/2025
101,3308,8/18/2025
259,1569,8/18/2025
424,1633,8/18/2025
419,1929,8/18/2025
138,1271,8/18/2025
432,1637,8/18/2025
181,2758,8/18/2025
77,5144,8/18/2025
440,1931,8/18/2025
28,862,8/18/2025
28,1061,8/18/2025
30,1143,8/18/2025
24,2154,8/18/2025
168,2145,8/18/2025
477,1784,8/18/2025
157,3114,8/18/2025
86,4102,8/18/2025
181,2332,8/18/2025
302,1298,8/18/2025
14,1222,8/18/2025
188,1997,8/18/2025
183,1788,8/18/2025
190,5732,8/18/2025
180,2046,8/18/2025
179,1932,8/18/2025
204,1422,8/18/2025
160,2184,8/18/2025
47,131,8/18/2025
91,1084,8/19/2025
64,3584,8/19/2025
22,727,8/19/2025
141,916,8/19/2025
28,686,8/19/2025
478,2538,8/19/2025
380,2125,8/19/2025
278,1028,8/19/2025
248,1804,8/19/2025
387,4341,8/19/2025
152,674,8/19/2025
350,147,8/19/2025
259,1139,8/19/2025
419,1654,8/19/2025
138,1069,8/19/2025
433,3823,8/19/2025
183,2130,8/19/2025
180,2140,8/19/2025
506,5146,8/19/2025
441,1176,8/19/2025
419,1447,8/19/2025
440,2127,8/19/2025
28,556,8/19/2025
28,593,8/19/2025
16,932,8/19/2025
25,3388,8/19/2025
97,5422,8/19/2025
232,2169,8/19/2025
316,2244,8/19/2025
477,5935,8/19/2025
506,2864,8/19/2025
152,1376,8/19/2025
159,2122,8/19/2025
475,1817,8/19/2025
159,2341,8/19/2025
159,1970,8/19/2025
159,2103,8/19/2025
389,3382,8/20/2025
328,1147,8/20/2025
289,1841,8/20/2025
141,2717,8/20/2025
27,843,8/20/2025
23,1184,8/20/2025
478,3239,8/20/2025
26,3403,8/20/2025
514,3525,8/20/2025
278,1323,8/20/2025
248,4231,8/20/2025
387,1357,8/20/2025
350,185,8/20/2025
112,5036,8/20/2025
257,711,8/20/2025
257,825,8/20/2025
419,1757,8/20/2025
412,4246,8/20/2025
138,205,8/20/2025
407,418,8/20/2025
157,3535,8/20/2025
181,4389,8/20/2025
86,2599,8/20/2025
438,847,8/20/2025
28,639,8/20/2025
27,1072,8/20/2025
21,1121,8/20/2025
23,1720,8/20/2025
174,2368,8/20/2025
439,1828,8/20/2025
316,4277,8/20/2025
61,529,8/20/2025
506,4162,8/20/2025
159,2128,8/20/2025
172,5293,8/20/2025
91,5871,8/21/2025
389,2672,8/21/2025
233,2023,8/21/2025
27,889,8/21/2025
23,3188,8/21/2025
26,3471,8/21/2025
279,2231,8/21/2025
248,5025,8/21/2025
407,1282,8/21/2025
387,806,8/21/2025
111,1390,8/21/2025
260,692,8/21/2025
419,3233,8/21/2025
419,4849,8/21/2025
140,3059,8/21/2025
429,867,8/21/2025
181,2639,8/21/2025
506,1198,8/21/2025
425,882,8/21/2025
438,1679,8/21/2025
16,614,8/21/2025
28,836,8/21/2025
16,1311,8/21/2025
25,5252,8/21/2025
174,2365,8/21/2025
170,2445,8/21/2025
181,4156,8/21/2025
316,2792,8/21/2025
474,4249,8/21/2025
97,488,8/21/2025
259,2638,8/21/2025
419,2937,8/21/2025
429,598,8/21/2025
407,4322,8/21/2025
181,1975,8/21/2025
86,3058,8/21/2025
438,979,8/21/2025
440,2813,8/21/2025
160,2366,8/21/2025
183,2153,8/21/2025
180,1939,8/21/2025
164,2547,8/21/2025
188,1940,8/21/2025
204,1432,8/21/2025
179,5076,8/21/2025
179,1856,8/21/2025
468,2069,8/21/2025
256,445,8/21/2025
409,186,8/24/2025
98,5054,8/24/2025
104,994,8/24/2025
93,1297,8/24/2025
141,1168,8/24/2025
22,1488,8/24/2025
18,2513,8/24/2025
81,781,8/24/2025
266,5486,8/24/2025
251,4235,8/24/2025
364,1230,8/24/2025
364,5303,8/24/2025
310,1774,8/24/2025
425,1971,8/24/2025
429,1585,8/24/2025
87,1803,8/24/2025
82,5317,8/24/2025
441,1799,8/24/2025
436,1819,8/24/2025
444,2658,8/24/2025
27,899,8/24/2025
30,1293,8/24/2025
24,5814,8/24/2025
168,1777,8/24/2025
61,1405,8/24/2025
506,3056,8/24/2025
305,5298,8/25/2025
80,397,8/25/2025
97,1077,8/25/2025
141,785,8/25/2025
21,510,8/25/2025
22,3205,8/25/2025
238,2817,8/25/2025
254,1676,8/25/2025
364,1299,8/25/2025
409,794,8/25/2025
300,1352,8/25/2025
74,601,8/25/2025
425,3534,8/25/2025
433,1460,8/25/2025
82,1253,8/25/2025
77,3112,8/25/2025
441,3505,8/25/2025
438,5373,8/25/2025
444,5463,8/25/2025
28,1018,8/25/2025
30,4144,8/25/2025
27,5797,8/25/2025
167,3501,8/25/2025
503,275,8/25/2025
87,2404,8/25/2025
80,3567,8/26/2025
473,3260,8/26/2025
384,906,8/26/2025
15,1362,8/26/2025
143,1260,8/26/2025
25,548,8/26/2025
26,1586,8/26/2025
254,333,8/26/2025
84,330,8/26/2025
238,2818,8/26/2025
364,1417,8/26/2025
407,993,8/26/2025
302,1355,8/26/2025
85,322,8/26/2025
73,608,8/26/2025
425,2812,8/26/2025
406,790,8/26/2025
444,1012,8/26/2025
441,1396,8/26/2025
438,1669,8/26/2025
29,1011,8/26/2025
30,3570,8/26/2025
27,7245,8/26/2025
233,2340,8/26/2025
503,288,8/26/2025
506,508,8/26/2025
569,1296,8/27/2025
92,956,8/27/2025
85,293,8/27/2025
118,2484,8/27/2025
328,57,8/27/2025
93,1847,9/3/2025
90,1086,9/3/2025
349,3229,9/3/2025
314,2805,9/3/2025
297,2058,9/3/2025
86,1235,9/3/2025
325,33,9/3/2025
104,3418,9/4/2025
311,3270,9/4/2025
112,1501,9/4/2025
503,364,9/7/2025
15,3075,9/7/2025
314,1465,9/7/2025
310,1261,9/7/2025
48,804,9/7/2025
310,6879,9/8/2025
56,6300,9/8/2025
114,5300,9/8/2025
48,3431,9/8/2025
91,1374,9/8/2025
256,589,9/8/2025
98,1082,9/8/2025
93,1283,9/9/2025
86,3106,9/9/2025
48,228,9/9/2025
311,1763,9/9/2025
49,5810,9/10/2025
312,2312,9/10/2025
98,1173,9/10/2025
479,972,9/10/2025
15,818,9/10/2025
55,4164,9/10/2025
104,2740,9/10/2025
88,782,9/10/2025
479,4165,9/11/2025
583,3224,9/11/2025
308,1613,9/11/2025
305,1034,9/11/2025
46,523,9/11/2025
7,2114,9/11/2025
299,5743,9/14/2025
273,3255,9/14/2025
350,158,9/14/2025
108,2963,9/14/2025
111,1513,9/14/2025
50,2834,9/15/2025
51,5672,9/15/2025
111,1536,9/15/2025
15,944,9/15/2025
388,1808,9/15/2025
302,1661,9/15/2025
95,1213,9/15/2025
15,919,9/16/2025
388,5232,9/16/2025
51,2973,9/16/2025
94,582,9/16/2025
585,2223,9/16/2025
51,5210,9/17/2025
15,3439,9/17/2025
111,3372,9/17/2025
52,5707,9/18/2025
91,4588,9/18/2025
305,4274,9/18/2025
104,3415,9/18/2025
14,1224,9/18/2025
325,1065,9/18/2025
429,3872,9/21/2025
51,3406,9/21/2025
118,3349,9/21/2025
479,3773,9/21/2025
583,1800,9/21/2025
93,1081,9/21/2025
21,780,9/21/2025
21,1111,9/21/2025
160,2095,9/21/2025
159,3200,9/21/2025
92,771,9/22/2025
149,390,9/22/2025
56,3777,9/22/2025
53,2996,9/22/2025
309,1666,9/22/2025
21,1400,9/22/2025
19,3201,9/22/2025
19,5709,9/22/2025
56,5866,9/23/2025
44,3285,9/23/2025
296,2845,9/23/2025
114,941,9/24/2025
51,5673,9/24/2025
65,4111,9/24/2025
153,3017,9/24/2025
55,286,9/24/2025
108,5882,9/25/2025
98,5037,9/25/2025
44,4279,9/25/2025
56,2926,9/25/2025
306,1027,9/25/2025
93,960,9/25/2025
47,226,9/25/2025
152,4482,9/25/2025
118,1874,9/25/2025
81,917,9/28/2025
,0,1/31/2026
