DC NBR #,Biz Unit,Commodity,WK 38,WK 39,WK 40,WK 41,WK 42,WK 43,WK 44,WK 45,WK 46,WK 47
4154,Sam's,CHEESE ADVENT CAL,0,0,0,567,0,0,0,0,0,0
4154,Sam's,CRANBERRIES,0,0,0,147,0,0,0,0,0,0
4154,Sam's,CRANBERRY SAUCE,0,460,2773,3739,3023,0,0,0,0,0
4154,Sam's,PIES AND DESSERTS,3547,5175,2756,7795,11222,1285,1969,560,4057,192
4154,Sam's,PRIME RIB,0,0,362,0,0,0,0,0,0,0
4154,Sam's,TURKEY GRAVY,0,813,2438,3750,2666,0,0,0,0,0
4154,WALMART,EGGS COMMODITY,0,0,0,0,0,0,0,0,0,0
4154,WALMART,FROZEN PIES AND COOL WHIP,0,0,0,0,0,0,0,0,0,0
4154,WALMART,FROZEN ROLLS,0,0,0,0,0,0,0,0,0,0
4154,WALMART,GREENS,0,0,0,0,0,0,0,0,0,0
4154,WALMART,OIL AND SHORTENING,0,0,0,0,0,0,0,0,0,0
4154,WALMART,PIES AND DESSERTS,0,0,0,0,0,0,0,0,0,0
4154,WALMART,POTATOES,0,0,0,0,0,0,0,0,0,0
4154,WALMART,SWEET POTATOES,0,0,0,0,0,0,0,0,0,0
6042,Sam's,CHEESE ADVENT CAL,0,0,0,477,0,0,0,0,0,0
6042,Sam's,CHRISTMAS FOLIAGE,0,0,0,0,0,0,0,0,0,7809
6042,Sam's,CRANBERRIES,0,0,0,2107,0,0,0,0,0,0
6042,Sam's,CRANBERRY SAUCE,0,523,3168,4272,3458,0,0,0,0,0
6042,Sam's,HAM,2142,3215,3215,3930,4645,2713,4748,3430,2674,0
6042,Sam's,PIES AND DESSERTS,2760,5203,3139,9872,17612,1412,2539,1034,3732,168
6042,Sam's,PRIME RIB,0,0,290,0,341,0,363,0,0,0
6042,Sam's,THANKSGIVING FOLIAGE,0,0,0,0,6894,0,0,0,0,0
6042,Sam's,TURKEY,0,1117,4456,5779,11448,0,0,0,0,0
6042,Sam's,TURKEY GRAVY,0,999,3001,4619,3277,0,0,0,0,0
6042,WALMART,EGGS COMMODITY,14791,14694,16460,16264,20075,16832,16733,16964,18378,14170
6042,WALMART,FROZEN PIES AND COOL WHIP,1909,2593,5573,5492,12607,12182,1273,2414,4501,4832
6042,WALMART,FROZEN ROLLS,3246,3331,5957,4680,7057,6475,3370,3553,4316,4419
6042,WALMART,GREENS,597,548,656,699,1331,1395,552,585,691,553
6042,WALMART,OIL AND SHORTENING,8010,5695,7504,7787,11311,7796,5406,6073,6192,3982
6042,WALMART,PIES AND DESSERTS,1037,1368,1636,2182,5582,7409,906,981,1493,1524
6042,WALMART,POTATOES,6931,7229,8000,8907,13210,9197,6765,7378,8835,7062
6042,WALMART,SWEET POTATOES,668,745,993,1455,3000,1809,671,750,1080,885
6047,Sam's,CHEESE ADVENT CAL,0,0,0,336,0,0,0,0,0,0
6047,Sam's,CHRISTMAS FOLIAGE,0,0,0,0,0,0,0,0,0,4227
6047,Sam's,CRANBERRIES,0,0,0,931,0,0,0,0,0,0
6047,Sam's,CRANBERRY SAUCE,0,238,1419,1913,1548,0,0,0,0,0
6047,Sam's,HAM,976,1460,1460,1824,2030,1301,2269,1683,1260,0
6047,Sam's,PIES AND DESSERTS,2808,2688,1413,3801,4908,912,858,120,1596,0
6047,Sam's,PRIME RIB,0,0,230,0,64,0,303,0,0,0
6047,Sam's,THANKSGIVING FOLIAGE,0,0,0,0,3390,0,0,0,0,0
6047,Sam's,TURKEY,0,257,1023,2264,4034,0,0,0,0,0
6047,Sam's,TURKEY GRAVY,0,493,1487,2288,1625,0,0,0,0,0
6047,WALMART,CRANBERRIES,0,0,0,0,0,0,0,0,0,0
6047,WALMART,EGGS COMMODITY,19063,19054,20791,20809,25385,20345,21235,21764,23877,17653
6047,WALMART,FROZEN PIES AND COOL WHIP,2778,3584,6617,6115,12801,8972,2578,3268,4896,4173
6047,WALMART,FROZEN ROLLS,4380,4271,6474,5604,7069,5411,4507,4968,5788,4992
6047,WALMART,GREENS,1092,1035,1150,1351,2836,2815,982,1080,1392,1273
6047,WALMART,OIL AND SHORTENING,11274,7109,8401,8773,11708,8064,7342,8135,7959,4980
6047,WALMART,PIES AND DESSERTS,2000,2601,3062,3529,7209,6580,1842,2059,2566,2084
6047,WALMART,POTATOES,5535,5785,6402,7468,11977,7792,5399,6049,7415,6061
6047,WALMART,SWEET POTATOES,976,1066,1377,2091,4799,2622,929,1063,1478,1203
6055,Sam's,CHEESE ADVENT CAL,0,0,0,432,0,0,0,0,0,0
6055,Sam's,CHRISTMAS FOLIAGE,0,0,0,0,0,0,0,0,0,5574
6055,Sam's,CRANBERRIES,0,0,0,2107,0,0,0,0,0,0
6055,Sam's,CRANBERRY SAUCE,0,470,2834,3821,3089,0,0,0,0,0
6055,Sam's,HAM,2178,3276,3276,3972,4700,2757,6338,3536,2681,0
6055,Sam's,PIES AND DESSERTS,2184,4406,2393,6754,11128,1715,2283,765,2995,118
6055,Sam's,PRIME RIB,0,0,322,0,264,0,408,0,0,0
6055,Sam's,THANKSGIVING FOLIAGE,0,0,0,0,4548,0,0,0,0,0
6055,Sam's,TURKEY,0,1128,4510,6856,10772,0,0,0,0,0
6055,Sam's,TURKEY GRAVY,0,983,2955,4551,3233,0,0,0,0,0
6055,WALMART,CRANBERRIES,0,0,0,0,0,0,0,0,0,0
6055,WALMART,EGGS COMMODITY,19828,18812,20751,21400,26975,21192,21212,21791,24372,17973
6055,WALMART,FROZEN PIES AND COOL WHIP,1867,2575,5223,3948,8097,6820,1752,2181,3276,3085
6055,WALMART,FROZEN ROLLS,3185,3191,4465,4083,5502,4881,3563,3395,4242,3560
6055,WALMART,GREENS,1423,1374,1557,1886,5083,5742,1256,1429,2236,2522
6055,WALMART,OIL AND SHORTENING,11738,8871,11034,12187,18194,11638,8211,9342,9732,6063
6055,WALMART,PIES AND DESSERTS,1152,1343,1796,2325,5358,5402,917,1165,1851,1638
6055,WALMART,POTATOES,6205,6235,6701,7354,10598,7854,5704,6411,7488,6035
6055,WALMART,SWEET POTATOES,910,982,1266,1918,4253,2512,841,999,1412,1178
6056,Sam's,CHEESE ADVENT CAL,0,0,0,511,0,0,0,0,0,0
6056,Sam's,CHRISTMAS FOLIAGE,0,0,0,0,0,0,0,0,0,7992
6056,Sam's,CRANBERRIES,0,0,0,2156,0,0,0,0,0,0
6056,Sam's,CRANBERRY SAUCE,0,538,3226,4353,3523,0,0,0,0,0
6056,Sam's,HAM,1703,2557,2557,3163,3516,2146,3751,2933,1928,0
6056,Sam's,PIES AND DESSERTS,3703,6400,3824,13722,23811,2043,3084,1269,5022,198
6056,Sam's,PRIME RIB,0,0,278,0,225,0,296,0,0,0
6056,Sam's,THANKSGIVING FOLIAGE,0,0,0,0,6756,0,0,0,0,0
6056,Sam's,TURKEY,0,1202,4794,6154,12175,0,0,0,0,0
6056,Sam's,TURKEY GRAVY,0,1116,3361,5170,3675,0,0,0,0,0
6056,WALMART,CRANBERRIES,0,0,0,0,0,0,0,0,0,0
6056,WALMART,EGGS COMMODITY,14347,14168,15449,15612,19424,15783,15852,16151,17531,12911
6056,WALMART,FROZEN PIES AND COOL WHIP,1466,1981,3944,3334,7142,6442,1587,1872,2711,2513
6056,WALMART,FROZEN ROLLS,2504,2524,4211,3349,5020,4758,2724,2671,3118,2814
6056,WALMART,GREENS,772,731,844,1046,2367,2584,746,762,987,867
6056,WALMART,OIL AND SHORTENING,44,49,41,49,58,84,41,59,61,62
6056,WALMART,PIES AND DESSERTS,888,1183,1452,1913,5249,4602,1263,1211,1675,1458
6056,WALMART,POTATOES,5473,5703,6237,6837,10039,7349,5344,5901,6930,5495
6056,WALMART,SWEET POTATOES,751,807,1084,1623,3606,2178,763,851,1243,1029
6057,Sam's,CHEESE ADVENT CAL,0,0,0,336,0,0,0,0,0,0
6057,Sam's,CHRISTMAS FOLIAGE,0,0,0,0,0,0,0,0,0,2982
6057,Sam's,CRANBERRIES,0,0,0,1274,0,0,0,0,0,0
6057,Sam's,CRANBERRY SAUCE,0,280,1685,2277,1841,0,0,0,0,0
6057,Sam's,HAM,1667,2502,2502,3113,3564,2097,3670,2639,2083,0
6057,Sam's,PIES AND DESSERTS,1092,2468,1579,4895,8587,1683,1483,743,2107,74
6057,Sam's,PRIME RIB,0,0,245,0,229,0,316,0,0,0
6057,Sam's,THANKSGIVING FOLIAGE,0,0,0,0,3150,0,0,0,0,0
6057,Sam's,TURKEY,0,649,2590,2667,5598,0,0,0,0,0
6057,Sam's,TURKEY GRAVY,0,564,1692,2605,1849,0,0,0,0,0
6057,WALMART,CRANBERRIES,0,0,0,0,0,0,0,0,0,0
6057,WALMART,EGGS COMMODITY,21713,21545,23572,23683,28050,23020,23634,24295,26114,19395
6057,WALMART,FROZEN PIES AND COOL WHIP,2550,3595,6868,5665,11191,10560,2549,3825,5481,5487
6057,WALMART,FROZEN ROLLS,4283,4308,6406,5427,7428,6788,4643,4552,5657,4813
6057,WALMART,GREENS,1572,1501,1693,1914,3574,3825,1468,1560,1806,1566
6057,WALMART,OIL AND SHORTENING,12105,9617,12141,12859,18522,11920,9895,10906,10702,6637
6057,WALMART,PIES AND DESSERTS,1989,2470,3071,3836,8854,10141,1550,1939,3253,2864
6057,WALMART,POTATOES,8022,8305,8847,9407,12669,9876,7851,8564,9884,7823
6057,WALMART,SWEET POTATOES,1548,1649,2104,2960,6025,3896,1539,1791,2505,2093
6059,Sam's,CHEESE ADVENT CAL,0,0,0,492,0,0,0,0,0,0
6059,Sam's,CHRISTMAS FOLIAGE,0,0,0,0,0,0,0,0,0,6150
6059,Sam's,CRANBERRIES,0,0,0,2009,0,0,0,0,0,0
6059,Sam's,CRANBERRY SAUCE,0,378,2263,3050,2470,0,0,0,0,0
6059,Sam's,HAM,1999,2997,2997,3769,4153,2664,4661,3470,2545,0
6059,Sam's,PIES AND DESSERTS,3028,4171,2495,6479,10607,1155,1710,675,2620,128
6059,Sam's,PRIME RIB,0,0,221,0,342,0,350,0,0,0
6059,Sam's,THANKSGIVING FOLIAGE,0,0,0,0,5355,0,0,0,0,0
6059,Sam's,TURKEY,0,803,3198,5163,9732,0,0,0,0,0
6059,Sam's,TURKEY GRAVY,0,604,1820,2800,1989,0,0,0,0,0
6059,WALMART,CRANBERRIES,0,0,0,0,0,0,0,0,0,0
6059,WALMART,EGGS COMMODITY,12985,13113,14245,14554,18099,15088,14687,15056,16611,12569
6059,WALMART,FROZEN PIES AND COOL WHIP,3101,3856,7624,7510,16056,13161,2216,3692,6219,6068
6059,WALMART,FROZEN ROLLS,5357,5574,8631,7528,10415,8326,5926,6186,7596,6895
6059,WALMART,GREENS,757,685,800,902,1778,1876,635,746,892,760
6059,WALMART,OIL AND SHORTENING,11791,7353,9031,9530,13988,8871,7521,8259,8209,4825
6059,WALMART,PIES AND DESSERTS,1306,1742,2050,2563,5851,6963,1202,1335,1838,1691
6059,WALMART,POTATOES,7494,7859,8593,9890,14951,10016,7367,8125,9653,7710
6059,WALMART,SWEET POTATOES,833,852,1107,1625,3494,1996,730,846,1182,1004
6062,WALMART,CRANBERRIES,0,0,0,0,0,0,0,0,0,0
6062,WALMART,EGGS COMMODITY,28343,27820,30312,31354,40928,31440,31527,32358,35933,26449
6062,WALMART,FROZEN PIES AND COOL WHIP,3680,5286,9546,8575,18397,13739,4137,5002,7564,6317
6062,WALMART,FROZEN ROLLS,7690,7855,11540,11094,17096,13040,8681,8408,12134,10366
6062,WALMART,GREENS,1931,1802,2066,2441,5183,6027,1800,1903,2487,2405
6062,WALMART,OIL AND SHORTENING,33,25,31,36,37,32,28,42,49,34
6062,WALMART,PIES AND DESSERTS,2014,2359,2848,3620,8993,6459,2530,2440,3353,2751
6062,WALMART,POTATOES,11779,12175,13153,14591,21270,14919,11278,12489,15084,12108
6062,WALMART,SWEET POTATOES,1391,1477,2020,3122,6675,3792,1335,1447,2064,1752
6064,WALMART,CRANBERRIES,0,0,0,0,0,0,0,0,0,0
6064,WALMART,EGGS COMMODITY,30168,29045,32240,32172,39591,32078,32900,33413,36592,26490
6064,WALMART,FROZEN PIES AND COOL WHIP,2525,3594,6647,5943,13517,12918,1701,2939,4849,4685
6064,WALMART,FROZEN ROLLS,4840,4802,7726,6450,9491,8786,4912,5148,6196,5295
6064,WALMART,GREENS,1831,1731,2015,2611,6458,7221,1577,1812,2481,2330
6064,WALMART,OIL AND SHORTENING,11478,9864,13357,13389,19450,11649,9520,10597,11206,7166
6064,WALMART,PIES AND DESSERTS,2006,2419,3224,4309,12091,15482,1436,1607,2718,3008
6064,WALMART,POTATOES,10775,11146,12287,13590,20239,14971,10660,11494,13521,10649
6064,WALMART,SWEET POTATOES,1436,1556,2101,3280,7665,4487,1499,1616,2325,1896
6065,Sam's,CHEESE ADVENT CAL,0,0,0,481,0,0,0,0,0,0
6065,Sam's,CHRISTMAS FOLIAGE,0,0,0,0,0,0,0,0,0,5685
6065,Sam's,CRANBERRIES,0,0,0,1617,0,0,0,0,0,0
6065,Sam's,CRANBERRY SAUCE,0,342,2058,2777,2245,0,0,0,0,0
6065,Sam's,HAM,1660,2486,2486,3086,3530,2213,3869,2804,2174,0
6065,Sam's,PIES AND DESSERTS,2752,4287,2468,6613,11665,1095,1826,653,3069,153
6065,Sam's,PRIME RIB,0,0,350,0,270,0,466,0,0,0
6065,Sam's,THANKSGIVING FOLIAGE,0,0,0,0,5307,0,0,0,0,0
6065,Sam's,TURKEY,0,875,3484,5275,10057,0,0,0,0,0
6065,Sam's,TURKEY GRAVY,0,760,2281,3513,2496,0,0,0,0,0
6065,WALMART,CRANBERRIES,0,0,0,0,0,0,0,0,0,0
6065,WALMART,EGGS COMMODITY,17082,17018,18700,18562,23164,18083,18806,19193,21367,15831
6065,WALMART,FROZEN PIES AND COOL WHIP,2277,2979,6043,5796,13999,10224,1810,2786,4886,4323
6065,WALMART,FROZEN ROLLS,4142,4149,6936,5625,8378,6549,4341,4714,5743,5442
6065,WALMART,GREENS,740,711,802,889,1771,1983,682,733,827,663
6065,WALMART,OIL AND SHORTENING,8811,5643,6561,6533,9286,6547,5282,5960,6038,3671
6065,WALMART,PIES AND DESSERTS,1423,1536,1789,2337,5846,5837,1061,1172,1697,1553
6065,WALMART,POTATOES,6871,7130,7733,8723,13040,8817,6502,7187,8541,6839
6065,WALMART,SWEET POTATOES,803,870,1190,1782,3953,2380,852,919,1266,1057
6071,WALMART,CRANBERRIES,0,0,0,0,0,0,0,0,0,0
6071,WALMART,EGGS COMMODITY,33697,33087,35875,35612,42931,36187,36666,37191,40838,29367
6071,WALMART,FROZEN PIES AND COOL WHIP,2251,3231,5703,4894,10253,10393,2065,2913,4256,4070
6071,WALMART,FROZEN ROLLS,4666,4562,6445,5342,6548,6116,4953,4963,5632,4561
6071,WALMART,GREENS,2309,2173,2459,2783,6479,7683,2029,2142,2950,2860
6071,WALMART,OIL AND SHORTENING,12278,9816,12522,12058,17670,13957,9222,10008,10683,6912
6071,WALMART,PIES AND DESSERTS,3193,3680,4492,5275,11378,14231,2221,2149,3523,3052
6071,WALMART,POTATOES,9930,10025,10848,11955,17806,13548,9667,10094,12092,9625
6071,WALMART,SWEET POTATOES,1551,1646,2065,2834,5947,3842,1576,1660,2297,1909
6072,WALMART,CRANBERRIES,0,0,0,0,0,0,0,0,0,0
6072,WALMART,EGGS COMMODITY,22079,22159,24349,25138,32988,26272,25061,25784,28601,21960
6072,WALMART,FROZEN PIES AND COOL WHIP,3679,5216,10036,7773,15424,13955,3842,5240,7549,7328
6072,WALMART,FROZEN ROLLS,7443,7605,11135,10338,15265,12234,7889,7723,11604,9820
6072,WALMART,GREENS,2400,2292,2634,3091,7056,8503,2062,2317,3039,2994
6072,WALMART,OIL AND SHORTENING,14415,10827,13280,14204,20119,14059,10167,11519,12050,7888
6072,WALMART,PIES AND DESSERTS,1812,2037,2594,3228,7141,7770,1467,1742,2917,2517
6072,WALMART,POTATOES,8939,9143,9762,10675,14955,11235,8484,9511,11162,9033
6072,WALMART,SWEET POTATOES,1338,1460,1951,2942,6271,3756,1200,1450,2023,1736
6073,WALMART,CRANBERRIES,0,0,0,0,0,0,0,0,0,0
6073,WALMART,EGGS COMMODITY,24276,23792,26261,26716,33046,26684,27022,27783,30623,23017
6073,WALMART,FROZEN PIES AND COOL WHIP,3069,4134,8261,6148,12390,12293,2242,3686,5603,5644
6073,WALMART,FROZEN ROLLS,4807,4727,7495,6189,8243,7757,5394,5074,6093,5283
6073,WALMART,GREENS,2455,2303,2746,3395,9304,10970,2361,2530,4106,4661
6073,WALMART,OIL AND SHORTENING,15609,11742,15087,15430,22033,15694,11361,12959,13451,8731
6073,WALMART,PIES AND DESSERTS,2300,2437,3132,3963,9102,9275,1467,1864,3051,2735
6073,WALMART,POTATOES,8706,8714,9491,10495,15225,11298,8123,9087,10752,8618
6073,WALMART,SWEET POTATOES,1516,1633,2129,3289,7574,4428,1548,1684,2331,1890
6074,Sam's,CHRISTMAS FOLIAGE,0,0,0,0,0,0,0,0,0,4809
6074,Sam's,CRANBERRIES,0,0,0,1274,0,0,0,0,0,0
6074,Sam's,HAM,1222,1836,1836,2300,2534,1632,2860,2163,1544,0
6074,Sam's,PRIME RIB,0,0,0,0,550,0,356,0,0,0
6074,Sam's,THANKSGIVING FOLIAGE,0,0,0,0,4260,0,0,0,0,0
6074,Sam's,TURKEY,0,503,2013,2829,5502,0,0,0,0,0
6074,WALMART,CRANBERRIES,0,0,0,0,0,0,0,0,0,0
6074,WALMART,EGGS COMMODITY,24434,24273,26353,26841,32996,26332,27028,27658,30648,22857
6074,WALMART,FROZEN PIES AND COOL WHIP,3703,5248,9731,9737,22410,16992,2853,4676,8001,7140
6074,WALMART,FROZEN ROLLS,6670,6561,10045,8081,9598,7866,6821,7223,8350,6847
6074,WALMART,GREENS,1000,933,1092,1345,3310,3399,875,1042,1316,1183
6074,WALMART,OIL AND SHORTENING,0,0,0,0,0,0,0,0,0,0
6074,WALMART,PIES AND DESSERTS,2505,3116,3731,4467,10131,10572,2158,2426,3347,2858
6074,WALMART,POTATOES,9451,9668,10452,12200,18270,12462,8943,9959,11856,9533
6074,WALMART,SWEET POTATOES,873,954,1241,1952,4581,2751,847,968,1401,1276
6077,WALMART,CRANBERRIES,0,0,0,0,0,0,0,0,0,0
6077,WALMART,EGGS COMMODITY,21011,20941,22880,22806,27812,22589,23083,23565,25937,19477
6077,WALMART,FROZEN PIES AND COOL WHIP,3555,4773,9306,9021,20861,15358,2996,4490,7486,6877
6077,WALMART,FROZEN ROLLS,6238,6444,10054,8599,12176,9597,6669,7152,8500,7866
6077,WALMART,GREENS,1059,985,1128,1317,2579,2601,908,1012,1206,1033
6077,WALMART,OIL AND SHORTENING,40,48,49,58,59,50,61,55,72,60
6077,WALMART,PIES AND DESSERTS,2170,2264,2801,3514,8533,10060,1629,1827,2695,2361
6077,WALMART,POTATOES,9555,9892,10828,12154,18027,12452,9061,10164,12045,9659
6077,WALMART,SWEET POTATOES,1054,1145,1530,2318,5130,3068,1082,1169,1665,1415
6082,WALMART,CRANBERRIES,0,0,0,0,0,0,0,0,0,0
6082,WALMART,EGGS COMMODITY,30276,30705,33342,34236,43630,34909,34554,35260,38525,28670
6082,WALMART,FROZEN PIES AND COOL WHIP,4609,5985,12215,11372,25128,19300,5517,6543,10226,8963
6082,WALMART,FROZEN ROLLS,8430,8860,14080,12076,18471,15461,9405,9414,12691,11195
6082,WALMART,GREENS,1442,1412,1571,1725,3126,3205,1313,1470,1697,1394
6082,WALMART,OIL AND SHORTENING,11155,7692,9562,9825,13906,8622,7368,8204,8197,4966
6082,WALMART,PIES AND DESSERTS,2440,2763,3379,4430,11004,9431,2998,2819,3863,3236
6082,WALMART,POTATOES,13286,13826,14899,16334,23149,16674,13104,14244,17051,13604
6082,WALMART,SWEET POTATOES,1964,2135,2799,3971,7969,4819,1985,2197,3089,2566
6083,WALMART,CRANBERRIES,0,0,0,0,0,0,0,0,0,0
6083,WALMART,EGGS COMMODITY,36512,36451,39898,39643,47933,39077,40525,41120,44649,32544
6083,WALMART,FROZEN PIES AND COOL WHIP,2813,4203,9817,7014,15997,15496,2341,3020,4583,4682
6083,WALMART,FROZEN ROLLS,4384,4604,7502,6007,8687,7621,4583,4830,5771,4940
6083,WALMART,GREENS,1181,1165,1255,1324,2315,2288,1059,1237,1315,1002
6083,WALMART,OIL AND SHORTENING,8896,7548,11210,9369,14004,11183,6808,7775,8553,5929
6083,WALMART,PIES AND DESSERTS,3243,4293,5365,7223,20151,23801,2648,2770,4063,4134
6083,WALMART,POTATOES,11381,11779,12771,14089,20520,15181,11341,12043,14061,11172
6083,WALMART,SWEET POTATOES,1071,1199,1570,2392,5612,3228,1187,1178,1633,1404
6084,WALMART,EGGS COMMODITY,30833,30969,33365,32917,39306,31042,32429,33317,36040,26459
6084,WALMART,FROZEN PIES AND COOL WHIP,2803,3739,7722,7908,18245,13503,2841,3333,5262,4710
6084,WALMART,FROZEN ROLLS,2913,3087,5479,4203,6141,5414,3095,3208,3650,3207
6084,WALMART,GREENS,874,834,904,950,1431,1249,794,904,911,676
6084,WALMART,OIL AND SHORTENING,6887,7134,9031,8179,10460,6451,6499,7393,7778,5056
6084,WALMART,PIES AND DESSERTS,2476,3377,4274,6260,18545,14684,3429,3114,4600,3678
6084,WALMART,POTATOES,13281,14046,15272,17315,26107,16572,12673,14092,16425,12568
6084,WALMART,SWEET POTATOES,859,946,1328,2094,4658,2339,937,957,1334,1088
6085,WALMART,EGGS COMMODITY,21586,21854,23305,23329,27119,22559,23305,23762,25503,18815
6085,WALMART,FROZEN PIES AND COOL WHIP,3277,4041,8025,7250,15914,12309,3757,3970,5853,4911
6085,WALMART,FROZEN ROLLS,5476,5505,8165,7019,8664,7259,5750,6397,7334,6520
6085,WALMART,GREENS,882,811,921,1000,1919,2220,739,866,981,812
6085,WALMART,OIL AND SHORTENING,13522,7527,8798,9402,12347,8949,8066,9112,8862,5326
6085,WALMART,PIES AND DESSERTS,1633,2260,2692,3179,7905,5704,2362,2212,2750,2100
6085,WALMART,POTATOES,8253,8576,9226,10810,15907,11428,8024,8939,10504,8361
6085,WALMART,SWEET POTATOES,829,881,1118,1639,3580,2409,854,920,1234,1096
6090,WALMART,EGGS COMMODITY,31465,32192,34493,33231,39416,31821,34380,34920,38259,28960
6090,WALMART,FROZEN PIES AND COOL WHIP,3316,4480,8922,8767,20949,18062,2241,3517,6019,6006
6090,WALMART,FROZEN ROLLS,5225,5318,8762,7108,11118,10550,4877,5794,7991,8794
6090,WALMART,GREENS,1369,1305,1440,1542,3098,1802,1124,1365,1684,1126
6090,WALMART,OIL AND SHORTENING,8006,5655,6967,6530,8934,6259,5650,6233,6225,3930
6090,WALMART,PIES AND DESSERTS,2206,2706,3342,4178,11177,12272,1729,1871,2795,2579
6090,WALMART,POTATOES,11410,11613,12715,14225,21896,13791,10906,11933,14450,11247
6090,WALMART,SWEET POTATOES,1169,1309,1821,2784,6581,3333,1363,1341,1799,1451
6091,Sam's,CHEESE ADVENT CAL,0,0,0,450,0,0,0,0,0,0
6091,Sam's,CHRISTMAS FOLIAGE,0,0,0,0,0,0,0,0,0,5598
6091,Sam's,CRANBERRIES,0,0,0,1813,0,0,0,0,0,0
6091,Sam's,CRANBERRY SAUCE,0,412,2475,3340,2700,0,0,0,0,0
6091,Sam's,HAM,1763,2646,2646,3232,3806,2231,3905,2839,2184,0
6091,Sam's,PIES AND DESSERTS,2408,4145,2214,6783,9979,2334,2027,738,2943,111
6091,Sam's,PRIME RIB,0,0,338,0,157,0,449,0,0,0
6091,Sam's,THANKSGIVING FOLIAGE,0,0,0,0,4038,0,0,0,0,0
6091,Sam's,TURKEY,0,554,2201,3896,7163,0,0,0,0,0
6091,Sam's,TURKEY GRAVY,0,880,2644,4068,2890,0,0,0,0,0
6091,WALMART,EGGS COMMODITY,17064,16548,18241,18435,22679,18105,18563,19017,21117,15800
6091,WALMART,FROZEN PIES AND COOL WHIP,2025,2926,5445,4212,8827,8448,1415,2339,3597,3662
6091,WALMART,FROZEN ROLLS,2835,2786,4414,3731,5530,5343,2868,2933,3673,3426
6091,WALMART,GREENS,1029,989,1143,1392,3357,3503,894,1037,1340,1220
6091,WALMART,OIL AND SHORTENING,47,41,40,48,53,71,40,57,59,69
6091,WALMART,PIES AND DESSERTS,1303,1492,2016,2537,5964,6077,940,1303,2160,1860
6091,WALMART,POTATOES,5350,5350,5772,6492,9718,7486,4928,5605,6493,5279
6091,WALMART,SWEET POTATOES,889,965,1318,2063,4623,2646,844,971,1488,1232
6095,WALMART,EGGS COMMODITY,25794,24772,27218,28119,36902,28346,28149,28986,32544,23923
6095,WALMART,FROZEN PIES AND COOL WHIP,2977,4267,7959,6388,13589,11759,2528,3569,5664,5610
6095,WALMART,FROZEN ROLLS,5917,5809,8156,7476,10114,8609,6289,6298,7912,6459
6095,WALMART,GREENS,2890,2698,3176,4145,12115,13336,2478,2818,4461,4965
6095,WALMART,OIL AND SHORTENING,12362,9167,11377,12580,18828,13175,8675,9924,10720,7088
6095,WALMART,PIES AND DESSERTS,2388,2668,3672,4804,11544,10776,1529,1966,3852,3315
6095,WALMART,POTATOES,9146,9284,10081,11215,16721,12255,8724,9715,11477,9247
6095,WALMART,SWEET POTATOES,1490,1639,2207,3481,8565,5171,1583,1734,2521,2129
6096,Sam's,CHEESE ADVENT CAL,0,0,0,295,0,0,0,0,0,0
6096,Sam's,CHRISTMAS FOLIAGE,0,0,0,0,0,0,0,0,0,4020
6096,Sam's,CRANBERRIES,0,0,0,980,0,0,0,0,0,0
6096,Sam's,CRANBERRY SAUCE,0,242,1445,1949,1580,0,0,0,0,0
6096,Sam's,HAM,797,1197,1197,1489,1670,1063,1859,1403,989,0
6096,Sam's,PIES AND DESSERTS,2193,2391,1330,4145,4410,733,920,156,1714,70
6096,Sam's,PRIME RIB,0,0,177,0,198,0,224,0,0,0
6096,Sam's,THANKSGIVING FOLIAGE,0,0,0,0,3723,0,0,0,0,0
6096,Sam's,TURKEY,0,158,627,1994,3383,0,0,0,0,0
6096,Sam's,TURKEY GRAVY,0,473,1432,2202,1563,0,0,0,0,0
6096,WALMART,EGGS COMMODITY,22126,21992,24506,23662,27399,23517,24498,24948,26389,19993
6096,WALMART,FROZEN PIES AND COOL WHIP,2899,3506,7676,6301,13018,12450,2710,3266,4748,4654
6096,WALMART,FROZEN ROLLS,3892,3826,6426,4750,5321,4623,4346,4369,4530,3880
6096,WALMART,GREENS,1302,1236,1377,1672,3282,3262,1154,1279,1517,1313
6096,WALMART,OIL AND SHORTENING,9749,7055,8776,8219,9724,7793,7323,8045,7568,5052
6096,WALMART,PIES AND DESSERTS,2201,2614,3246,3872,7679,9047,1836,2158,2801,2274
6096,WALMART,POTATOES,7718,8083,8986,10323,15935,10884,7560,8580,10078,8135
6096,WALMART,SWEET POTATOES,1206,1290,1636,2335,5078,3122,1088,1273,1705,1447
6097,WALMART,EGGS COMMODITY,25603,25783,28185,29024,36390,29206,28880,29738,33056,25091
6097,WALMART,FROZEN PIES AND COOL WHIP,4092,5526,11027,10431,22293,18342,3561,5479,8971,8748
6097,WALMART,FROZEN ROLLS,8597,9039,13443,12775,19465,15720,9110,9566,14262,12269
6097,WALMART,GREENS,1204,1103,1260,1384,2510,2439,1069,1244,1310,1081
6097,WALMART,OIL AND SHORTENING,13942,8898,11095,11918,17551,12053,8440,9384,9456,5903
6097,WALMART,PIES AND DESSERTS,2971,3382,3939,4803,10594,11820,2255,2577,3745,3276
6097,WALMART,POTATOES,11526,12209,13152,15231,22924,15368,11335,12524,15215,12286
6097,WALMART,SWEET POTATOES,1056,1149,1477,2238,4650,2661,1035,1111,1401,1226
6099,WALMART,EGGS COMMODITY,25462,24660,27107,27667,35038,28453,27908,28483,31500,23756
6099,WALMART,FROZEN PIES AND COOL WHIP,3307,4392,8545,7246,14584,13995,2718,4257,6326,6300
6099,WALMART,FROZEN ROLLS,5211,5258,7469,6554,8608,7756,5794,5747,6819,5947
6099,WALMART,GREENS,2392,2271,2613,3200,8019,9445,2050,2263,3477,3580
6099,WALMART,OIL AND SHORTENING,12209,9400,11679,13086,19787,13520,8641,9760,10395,6658
6099,WALMART,PIES AND DESSERTS,2180,2816,3660,4519,9833,11124,1872,2052,3269,2963
6099,WALMART,POTATOES,9514,9637,10376,11397,16654,12371,9051,9851,11653,9405
6099,WALMART,SWEET POTATOES,1469,1627,2071,3089,6692,3985,1477,1643,2279,1869
6858,WALMART,EGGS COMMODITY,21502,21458,23499,23889,29645,23366,24061,24636,27299,20170
6858,WALMART,FROZEN PIES AND COOL WHIP,3464,5047,8847,6802,14528,12015,3237,4407,6649,5877
6858,WALMART,FROZEN ROLLS,5480,5446,8997,7546,11614,10502,5571,5663,7820,6958
6858,WALMART,GREENS,1507,1356,1655,1971,4440,4557,1204,1462,1913,1804
6858,WALMART,OIL AND SHORTENING,57,64,53,57,78,82,57,78,85,93
6858,WALMART,PIES AND DESSERTS,1969,2363,3013,3846,8919,7893,1523,1904,2889,2428
6858,WALMART,POTATOES,8282,8424,9052,10174,14996,11317,7769,8707,10187,8317
6858,WALMART,SWEET POTATOES,1245,1385,1881,2988,6746,3856,1316,1404,2069,1754
7010,WALMART,EGGS COMMODITY,34175,34097,37191,37245,45128,37285,37789,38463,41819,30500
7010,WALMART,FROZEN PIES AND COOL WHIP,3072,4403,9807,7399,15636,15030,3076,4125,6043,5764
7010,WALMART,FROZEN ROLLS,5738,5894,9579,7655,10797,9690,6229,6080,7558,6461
7010,WALMART,GREENS,1490,1421,1610,1836,3653,4122,1416,1496,1740,1485
7010,WALMART,OIL AND SHORTENING,14039,11298,15041,15201,23182,13697,10696,11994,12440,7916
7010,WALMART,PIES AND DESSERTS,2386,3090,4035,5390,13822,17197,1909,2188,3602,3493
7010,WALMART,POTATOES,11740,12104,13116,14068,19715,15435,11517,12549,14481,11502
7010,WALMART,SWEET POTATOES,1540,1698,2280,3498,8374,5164,1785,1835,2625,2212
7012,Sam's,CHEESE ADVENT CAL,0,0,0,521,0,0,0,0,0,0
7012,Sam's,CHRISTMAS FOLIAGE,0,0,0,0,0,0,0,0,0,5844
7012,Sam's,CRANBERRIES,0,0,0,1813,0,0,0,0,0,0
7012,Sam's,CRANBERRY SAUCE,0,414,2481,3347,2709,0,0,0,0,0
7012,Sam's,HAM,1906,2860,2860,3585,3981,2541,4446,3272,2457,0
7012,Sam's,PIES AND DESSERTS,7088,7001,3634,7605,12972,1148,1844,451,3097,133
7012,Sam's,PRIME RIB,0,0,277,0,212,0,356,0,0,0
7012,Sam's,THANKSGIVING FOLIAGE,0,0,0,0,4722,0,0,0,0,0
7012,Sam's,TURKEY,0,480,1913,3394,6256,0,0,0,0,0
7012,Sam's,TURKEY GRAVY,0,668,2013,3099,2200,0,0,0,0,0
7012,WALMART,EGGS COMMODITY,15944,16138,17776,18028,22933,17554,18224,18588,20308,14805
7012,WALMART,FROZEN PIES AND COOL WHIP,3261,4601,8531,9001,19910,12634,2616,4107,6978,5711
7012,WALMART,FROZEN ROLLS,5721,5888,9425,8048,11146,8289,6004,6566,8082,6658
7012,WALMART,GREENS,905,816,955,1097,2337,2326,761,875,1112,997
7012,WALMART,OIL AND SHORTENING,9640,5351,6684,7113,10413,7888,5313,6017,5945,3535
7012,WALMART,PIES AND DESSERTS,2227,2573,3152,3892,8985,8617,1781,2024,3009,2533
7012,WALMART,POTATOES,7721,8153,8831,10120,15042,10069,7571,8367,9945,8004
7012,WALMART,SWEET POTATOES,565,616,809,1248,2805,1594,556,611,745,692
7013,WALMART,EGGS COMMODITY,37194,37198,41588,40218,48037,37334,40869,41410,44683,32235
7013,WALMART,FROZEN PIES AND COOL WHIP,2689,4011,7916,7482,16789,16100,2151,3131,5085,4732
7013,WALMART,FROZEN ROLLS,4061,4079,6448,5289,7007,6503,4307,4517,5149,4521
7013,WALMART,GREENS,1443,1401,1505,1587,2641,2815,1288,1352,1513,1150
7013,WALMART,OIL AND SHORTENING,9112,7555,10140,8799,10861,8420,7709,8580,8673,5608
7013,WALMART,PIES AND DESSERTS,3810,4998,6152,7498,17299,19404,2570,2505,3493,3076
7013,WALMART,POTATOES,11329,11840,13088,14903,22684,16090,11048,12078,14263,11429
7013,WALMART,SWEET POTATOES,1059,1226,1667,2649,6016,3588,1206,1207,1676,1396
7014,WALMART,EGGS COMMODITY,16112,16039,17798,17313,19904,16196,17476,17761,18950,13895
7014,WALMART,FROZEN PIES AND COOL WHIP,1991,2543,6186,3902,7895,7056,2252,2486,3160,3036
7014,WALMART,FROZEN ROLLS,3074,3011,4519,3736,4332,3480,3212,3451,3891,3356
7014,WALMART,GREENS,911,830,935,957,1372,1335,862,869,924,668
7014,WALMART,OIL AND SHORTENING,5108,3494,4226,4345,5780,4294,3700,4020,4175,2691
7014,WALMART,PIES AND DESSERTS,1961,2395,2863,3175,6651,6020,1926,2119,2455,2033
7014,WALMART,POTATOES,6263,6488,7060,8002,12067,8520,6021,6796,7996,6407
7014,WALMART,SWEET POTATOES,955,1005,1223,1621,3366,2020,919,1007,1408,1156
7015,WALMART,EGGS COMMODITY,22285,22781,24674,24701,31052,24475,25218,25578,27546,20766
7015,WALMART,FROZEN PIES AND COOL WHIP,3445,5172,9968,9949,24688,19438,2139,4246,8218,7722
7015,WALMART,FROZEN ROLLS,5989,6587,10862,8797,13293,11457,6207,6766,8306,8127
7015,WALMART,GREENS,1035,942,1114,1193,2173,2269,967,1038,1180,950
7015,WALMART,OIL AND SHORTENING,7199,4593,6218,5689,7816,5866,4602,5190,5217,3245
7015,WALMART,PIES AND DESSERTS,2025,2552,3152,4074,11092,12520,1655,1913,3315,3084
7015,WALMART,POTATOES,11491,12086,13287,14657,21734,15031,11165,12236,14716,11751
7015,WALMART,SWEET POTATOES,1177,1277,1707,2501,5174,3139,1153,1274,1740,1471
7016,WALMART,EGGS COMMODITY,34151,34004,37316,37064,46007,35224,37922,38705,42150,30940
7016,WALMART,FROZEN PIES AND COOL WHIP,2979,4286,7986,6387,13184,10875,3456,3874,5421,4570
7016,WALMART,FROZEN ROLLS,5388,5429,9779,7997,12725,10725,5702,5915,7465,6799
7016,WALMART,GREENS,2195,2098,2416,2943,7235,7237,2000,2211,3101,2965
7016,WALMART,OIL AND SHORTENING,15581,11193,14369,14412,20324,14508,11399,12326,12428,7872
7016,WALMART,PIES AND DESSERTS,2245,2574,3509,4469,11812,6577,2702,2534,3484,2673
7016,WALMART,POTATOES,8842,8999,9912,11342,17356,12428,8414,9522,11062,9027
7016,WALMART,SWEET POTATOES,1647,1854,2500,4081,9710,5312,1746,1972,2958,2488
7017,WALMART,EGGS COMMODITY,22330,22923,24758,24917,30816,24613,25655,26301,28749,21314
7017,WALMART,FROZEN PIES AND COOL WHIP,4459,5789,10096,10741,23792,15452,3432,5332,8331,7123
7017,WALMART,FROZEN ROLLS,7265,7363,11629,9825,12796,10052,7530,8460,10024,8672
7017,WALMART,GREENS,1392,1326,1513,1831,4029,4203,1209,1365,1808,1724
7017,WALMART,OIL AND SHORTENING,8422,5439,6601,7456,10939,7104,5612,6307,6222,3684
7017,WALMART,PIES AND DESSERTS,2855,3494,4248,4947,10839,11152,2331,2748,3779,3128
7017,WALMART,POTATOES,7927,8300,9186,10612,16907,10656,7662,8697,10749,8635
7017,WALMART,SWEET POTATOES,1205,1270,1650,2384,5310,2953,1014,1252,1796,1527
7018,WALMART,EGGS COMMODITY,29536,28873,31979,30881,36706,26234,22328,22746,24722,18355
7018,WALMART,FROZEN PIES AND COOL WHIP,3189,4489,8955,8613,20512,16280,2611,3739,6329,6055
7018,WALMART,FROZEN ROLLS,4898,5212,8593,6673,9236,7882,5114,5703,6895,6563
7018,WALMART,GREENS,923,926,969,962,1747,1644,868,958,1021,776
7018,WALMART,OIL AND SHORTENING,6639,4574,5708,5475,7436,5683,4778,5358,5432,3592
7018,WALMART,PIES AND DESSERTS,1650,2212,2736,3439,9008,11091,1483,1590,2341,2242
7018,WALMART,POTATOES,10541,10824,11842,13295,20104,13184,9861,11034,13145,10289
7018,WALMART,SWEET POTATOES,955,1031,1373,2082,4481,2521,1053,1054,1407,1202
7019,WALMART,EGGS COMMODITY,21651,21442,23071,23554,29620,26565,23871,24596,26555,20450
7019,WALMART,FROZEN PIES AND COOL WHIP,3313,3969,8901,6905,13542,14082,4532,4479,5990,6082
7019,WALMART,FROZEN ROLLS,5699,5661,8487,7265,9929,9511,7057,5847,7279,6870
7019,WALMART,GREENS,2942,2845,3145,3760,9001,10677,2620,2839,4191,4302
7019,WALMART,OIL AND SHORTENING,9707,7849,9643,10701,15054,13900,7317,8567,9363,6645
7019,WALMART,PIES AND DESSERTS,1883,2302,2815,3578,7536,8751,2444,2408,3154,2855
7019,WALMART,POTATOES,9697,9805,10553,11455,16304,12123,9238,10304,12174,9792
7019,WALMART,SWEET POTATOES,1490,1610,2104,3094,7140,4351,1519,1720,2431,2024
7021,WALMART,EGGS COMMODITY,48773,48178,53501,51994,61035,47068,52622,53404,58523,41359
7021,WALMART,FROZEN PIES AND COOL WHIP,2954,4876,8210,8331,17653,12540,2598,3619,5534,4581
7021,WALMART,FROZEN ROLLS,4449,4384,7196,5824,7504,5929,4606,4936,5622,4642
7021,WALMART,GREENS,1229,1228,1244,1358,2281,1589,1157,1302,1374,951
7021,WALMART,OIL AND SHORTENING,7691,5689,7414,7305,9659,6601,5594,6232,6145,3816
7021,WALMART,PIES AND DESSERTS,2839,3491,4262,5527,11686,9372,2562,2963,3671,2870
7021,WALMART,POTATOES,9850,10340,11044,13118,20700,10372,9641,10524,13218,9555
7021,WALMART,SWEET POTATOES,992,1123,1609,2625,5781,2008,1158,1154,1775,1246
7023,WALMART,EGGS COMMODITY,37795,36300,39894,39607,46985,38613,40296,40661,44398,31354
7023,WALMART,FROZEN PIES AND COOL WHIP,1561,2442,4866,3278,6689,7261,1821,1781,2582,2453
7023,WALMART,FROZEN ROLLS,3056,2973,4366,3471,3989,3925,3313,3168,3486,2705
7023,WALMART,GREENS,1962,1880,2075,2316,5181,5835,1806,1809,2350,2178
7023,WALMART,OIL AND SHORTENING,12366,10676,13372,12685,17762,13480,9706,10606,11582,7784
7023,WALMART,PIES AND DESSERTS,2494,3050,3498,4073,8937,9244,1915,1902,2658,2256
7023,WALMART,POTATOES,8765,8902,9529,10351,14815,11693,8470,8877,10519,8333
7023,WALMART,SWEET POTATOES,1657,1715,2125,2781,5674,3927,1660,1723,2158,1723
7024,Sam's,CHEESE ADVENT CAL,0,0,0,464,0,0,0,0,0,0
7024,Sam's,CHRISTMAS FOLIAGE,0,0,0,0,0,0,0,0,0,4176
7024,Sam's,CRANBERRIES,0,0,0,1470,0,0,0,0,0,0
7024,Sam's,CRANBERRY SAUCE,0,287,1698,2293,1854,0,0,0,0,0
7024,Sam's,HAM,1022,1530,1530,1879,2161,1357,2384,1802,1256,0
7024,Sam's,PIES AND DESSERTS,3439,3788,1992,5568,7198,892,1453,347,2785,137
7024,Sam's,PRIME RIB,0,0,226,0,285,0,309,0,0,0
7024,Sam's,THANKSGIVING FOLIAGE,0,0,0,0,3762,0,0,0,0,0
7024,Sam's,TURKEY,0,424,1684,2958,5486,0,0,0,0,0
7024,Sam's,TURKEY GRAVY,0,631,1901,2921,2072,0,0,0,0,0
7024,WALMART,EGGS COMMODITY,26050,26070,28317,28284,34277,27118,28609,29362,31811,23207
7024,WALMART,FROZEN PIES AND COOL WHIP,2962,3948,7723,7008,15122,11232,3411,3808,5716,4664
7024,WALMART,FROZEN ROLLS,5655,5626,8552,6970,8257,6770,6107,6487,7124,5870
7024,WALMART,GREENS,1185,1117,1299,1463,3053,4486,632,906,1277,1129
7024,WALMART,OIL AND SHORTENING,11006,7206,9404,9451,13251,10296,7482,8328,8341,5224
7024,WALMART,PIES AND DESSERTS,1963,2441,3173,4000,10531,7755,2800,2517,3298,2547
7024,WALMART,POTATOES,8082,8392,9218,10500,15333,11438,7683,8681,10227,8037
7024,WALMART,SWEET POTATOES,1096,1142,1515,2157,5038,3799,613,1102,1631,1446
7030,Sam's,CHEESE ADVENT CAL,0,0,0,380,0,0,0,0,0,0
7030,Sam's,CHRISTMAS FOLIAGE,0,0,0,0,0,0,0,0,0,4380
7030,Sam's,CRANBERRIES,0,0,0,1127,0,0,0,0,0,0
7030,Sam's,CRANBERRY SAUCE,0,273,1644,2217,1797,0,0,0,0,0
7030,Sam's,HAM,917,1370,1370,1674,1970,1219,2135,1567,1178,0
7030,Sam's,PIES AND DESSERTS,3285,3483,1854,5700,6414,1128,1200,96,2562,0
7030,Sam's,PRIME RIB,0,0,197,0,131,0,257,0,0,0
7030,Sam's,THANKSGIVING FOLIAGE,0,0,0,0,4644,0,0,0,0,0
7030,Sam's,TURKEY,0,197,786,2462,4189,0,0,0,0,0
7030,Sam's,TURKEY GRAVY,0,560,1682,2590,1840,0,0,0,0,0
7030,WALMART,EGGS COMMODITY,37318,36961,40771,39982,49066,36900,40798,41571,45048,32847
7030,WALMART,FROZEN PIES AND COOL WHIP,2423,3715,6492,4628,9068,7835,2948,2851,3761,3179
7030,WALMART,FROZEN ROLLS,4281,4204,5687,5023,5609,4599,4550,4704,5203,4194
7030,WALMART,GREENS,1616,1501,1733,2047,4307,4219,1447,1560,1947,1727
7030,WALMART,OIL AND SHORTENING,12919,9976,12119,11923,14841,10087,10103,10928,10797,6890
7030,WALMART,PIES AND DESSERTS,2939,3907,4902,5990,13388,8700,3730,3424,4223,3219
7030,WALMART,POTATOES,6351,6546,7247,8075,12404,9017,6275,6912,8129,6516
7030,WALMART,SWEET POTATOES,1414,1523,1990,2977,6461,3672,1395,1509,2068,1729
7047,WALMART,EGGS COMMODITY,0,0,0,0,0,0,0,0,0,0
7047,WALMART,FROZEN PIES AND COOL WHIP,0,0,0,0,0,0,0,0,0,0
7047,WALMART,FROZEN ROLLS,0,0,0,0,0,0,0,0,0,0
7047,WALMART,GREENS,0,0,0,0,0,0,0,0,0,0
7047,WALMART,OIL AND SHORTENING,7263,6924,9428,7637,9298,6703,6497,7119,7201,5008
7047,WALMART,PIES AND DESSERTS,0,0,0,0,0,0,0,0,0,0
7047,WALMART,POTATOES,0,0,0,0,0,0,0,0,0,0
7047,WALMART,SWEET POTATOES,0,0,0,0,0,0,0,0,0,0
7048,WALMART,EGGS COMMODITY,19625,19508,21661,21185,25251,19081,21512,21780,23656,16641
7048,WALMART,FROZEN PIES AND COOL WHIP,1555,2620,4745,3645,8088,7303,1450,1790,2473,2386
7048,WALMART,FROZEN ROLLS,2380,2388,3441,3012,3720,3068,2608,2748,3118,2501
7048,WALMART,GREENS,888,891,945,1109,2183,1409,814,921,1050,819
7048,WALMART,OIL AND SHORTENING,8756,7267,10242,8504,11200,6661,7343,7879,8100,5068
7048,WALMART,PIES AND DESSERTS,2251,2677,3147,4093,9718,7629,1713,1875,2603,2177
7048,WALMART,POTATOES,6727,7033,7566,8620,13786,7753,6503,7101,8613,6589
7048,WALMART,SWEET POTATOES,665,728,995,1569,3598,1523,763,750,973,783
7055,WALMART,EGGS COMMODITY,29908,29355,32174,32605,40827,32323,32776,33673,37250,27479
7055,WALMART,FROZEN PIES AND COOL WHIP,4125,5585,10488,10239,23700,18493,3012,4916,8398,7616
7055,WALMART,FROZEN ROLLS,8196,8143,11942,10091,12517,10103,8577,8922,10345,8445
7055,WALMART,GREENS,1634,1508,1819,2221,5450,6196,1437,1570,2152,2107
7055,WALMART,OIL AND SHORTENING,15963,9154,11170,12207,17958,12332,8836,10125,10344,6159
7055,WALMART,PIES AND DESSERTS,2628,3057,3923,4866,11535,12233,2040,2525,4026,3347
7055,WALMART,POTATOES,11676,11918,12957,14771,21953,14839,10972,12229,14597,11588
7055,WALMART,SWEET POTATOES,1156,1219,1616,2481,5960,3639,1063,1229,1728,1545
7077,Sam's,CHEESE ADVENT CAL,0,0,0,378,0,0,0,0,0,0
7077,Sam's,CHRISTMAS FOLIAGE,0,0,0,0,0,0,0,0,0,4752
7077,Sam's,CRANBERRIES,0,0,0,1372,0,0,0,0,0,0
7077,Sam's,CRANBERRY SAUCE,0,358,2146,2897,2342,0,0,0,0,0
7077,Sam's,HAM,1554,2334,2334,2907,3294,2071,3629,2633,2042,0
7077,Sam's,PIES AND DESSERTS,2767,4202,2302,5506,9780,857,1505,437,2327,149
7077,Sam's,PRIME RIB,0,0,257,0,59,0,334,0,0,0
7077,Sam's,THANKSGIVING FOLIAGE,0,0,0,0,3924,0,0,0,0,0
7077,Sam's,TURKEY,0,663,2646,4368,8193,0,0,0,0,0
7077,Sam's,TURKEY GRAVY,0,663,1985,3056,2171,0,0,0,0,0
7077,WALMART,EGGS COMMODITY,13872,13984,16100,15544,18719,9380,4909,4923,5367,3931
7077,WALMART,FROZEN PIES AND COOL WHIP,1823,2806,5512,5271,13270,8010,1445,2137,3756,3171
7077,WALMART,FROZEN ROLLS,2699,2705,4564,3754,5843,4405,2839,3126,3916,3646
7077,WALMART,GREENS,759,721,755,823,1379,1319,686,754,829,612
7077,WALMART,OIL AND SHORTENING,6065,4794,6355,6125,8985,6587,4793,5324,5439,3623
7077,WALMART,PIES AND DESSERTS,1063,1556,1874,2376,6790,6100,1040,1127,1624,1534
7077,WALMART,POTATOES,7262,7413,8142,9215,14105,8788,6805,7680,9251,7172
7077,WALMART,SWEET POTATOES,700,770,1085,1596,3550,1768,783,794,1138,903
7079,Sam's,CHEESE ADVENT CAL,0,0,0,439,0,0,0,0,0,0
7079,Sam's,CHRISTMAS FOLIAGE,0,0,0,0,0,0,0,0,0,4305
7079,Sam's,CRANBERRIES,0,0,0,1225,0,0,0,0,0,0
7079,Sam's,CRANBERRY SAUCE,0,285,1704,2296,1857,0,0,0,0,0
7079,Sam's,HAM,949,1427,1427,1768,1987,1198,2089,1602,1097,0
7079,Sam's,PIES AND DESSERTS,2391,3316,1858,4510,6851,571,1368,278,2138,110
7079,Sam's,PRIME RIB,0,0,258,0,463,0,338,0,0,0
7079,Sam's,THANKSGIVING FOLIAGE,0,0,0,0,3756,0,0,0,0,0
7079,Sam's,TURKEY,0,355,1403,3512,6137,0,0,0,0,0
7079,Sam's,TURKEY GRAVY,0,629,1892,2912,2070,0,0,0,0,0
7079,WALMART,EGGS COMMODITY,19969,19958,21457,21380,24935,20449,21482,21973,23718,17414
7079,WALMART,FROZEN PIES AND COOL WHIP,2535,3548,7260,6323,13988,11276,2136,2800,4452,4263
7079,WALMART,FROZEN ROLLS,4913,5069,8059,6385,8187,6988,5031,5652,6777,6252
7079,WALMART,GREENS,965,904,1021,1136,2061,2281,832,953,1132,981
7079,WALMART,OIL AND SHORTENING,39,42,39,49,51,42,51,50,60,53
7079,WALMART,PIES AND DESSERTS,1685,1996,2317,2709,6636,6710,1523,1645,2021,1766
7079,WALMART,POTATOES,7314,7508,8152,9414,13987,9889,7003,7832,9296,7480
7079,WALMART,SWEET POTATOES,583,642,790,1187,2530,1638,650,615,788,696
7084,WALMART,EGGS COMMODITY,29863,29826,32687,31765,35690,29362,30850,31487,33834,24662
7084,WALMART,FROZEN PIES AND COOL WHIP,1841,2487,5552,4480,7276,7952,2000,2182,2455,2488
7084,WALMART,FROZEN ROLLS,3478,3496,4291,3946,4191,3740,3711,3874,3958,2978
7084,WALMART,GREENS,1094,1077,1154,1254,2153,2141,958,1081,1170,907
7084,WALMART,OIL AND SHORTENING,97,111,101,116,123,112,121,137,159,137
7084,WALMART,PIES AND DESSERTS,3463,4493,5462,7306,13049,14887,2540,2767,3544,2930
7084,WALMART,POTATOES,7231,7592,8489,9240,12868,10314,7073,7819,8694,7151
7084,WALMART,SWEET POTATOES,810,941,1350,2090,4136,2560,935,915,1200,1019
8397,Sam's,CHEESE ADVENT CAL,0,0,0,882,0,0,0,0,0,0
8397,Sam's,CHRISTMAS FOLIAGE,0,0,0,0,0,0,0,0,0,11889
8397,Sam's,CRANBERRIES,0,0,0,3087,0,0,0,0,0,0
8397,Sam's,CRANBERRY SAUCE,0,539,3244,4370,3544,0,0,0,0,0
8397,Sam's,HAM,4408,6620,6620,8162,9475,5891,10299,7403,5863,0
8397,Sam's,PIES AND DESSERTS,9102,12486,6810,18521,28376,1996,3487,968,7845,372
8397,Sam's,PRIME RIB,0,0,304,0,392,0,345,0,0,0
8397,Sam's,THANKSGIVING FOLIAGE,0,0,0,0,11313,0,0,0,0,0
8397,Sam's,TURKEY,0,1607,3929,11444,18470,0,0,0,0,0
8397,Sam's,TURKEY GRAVY,0,1552,4657,7165,5086,0,0,0,0,0
8397,WALMART,EGGS COMMODITY,0,0,0,0,0,0,0,0,0,0
8397,WALMART,FROZEN PIES AND COOL WHIP,0,0,0,0,0,0,0,0,0,0
8397,WALMART,FROZEN ROLLS,0,0,0,0,0,0,0,0,0,0
8397,WALMART,GREENS,0,0,0,0,0,0,0,0,0,0
8397,WALMART,OIL AND SHORTENING,0,0,0,0,0,0,0,0,0,0
8397,WALMART,PIES AND DESSERTS,0,0,0,0,0,0,0,0,0,0
8397,WALMART,POTATOES,0,0,0,0,0,0,0,0,0,0
8397,WALMART,SWEET POTATOES,0,0,0,0,0,0,0,0,0,0
8851,Sam's,CHEESE ADVENT CAL,0,0,0,768,0,0,0,0,0,0
8851,Sam's,CHRISTMAS FOLIAGE,0,0,0,0,0,0,0,0,0,8916
8851,Sam's,CRANBERRIES,0,0,0,2695,0,0,0,0,0,0
8851,Sam's,CRANBERRY SAUCE,0,604,3615,4880,3951,0,0,0,0,0
8851,Sam's,HAM,2332,4407,3497,4233,6224,2957,6538,3724,2929,0
8851,Sam's,PIES AND DESSERTS,4049,6624,3337,9895,13124,2112,2962,625,4554,240
8851,Sam's,PRIME RIB,0,0,358,0,0,0,429,0,0,0
8851,Sam's,THANKSGIVING FOLIAGE,0,0,0,0,8394,0,0,0,0,0
8851,Sam's,TURKEY,0,1076,4311,6840,12962,0,0,0,0,0
8851,Sam's,TURKEY GRAVY,0,1286,3868,5957,4230,0,0,0,0,0
8851,WALMART,EGGS COMMODITY,16729,16321,17788,17722,21561,17252,18126,18337,20146,14285
8851,WALMART,FROZEN PIES AND COOL WHIP,1188,1807,3393,2551,5436,4872,1242,1512,2101,1884
8851,WALMART,FROZEN ROLLS,2299,2213,3310,2662,3444,3103,2572,2361,2730,2193
8851,WALMART,GREENS,1351,1300,1441,1622,3534,4143,1254,1237,1689,1595
8851,WALMART,OIL AND SHORTENING,9,14,11,13,15,14,11,15,20,16
8851,WALMART,PIES AND DESSERTS,1533,1863,2256,2781,6129,5992,1311,1231,1784,1525
8851,WALMART,POTATOES,4935,5049,5420,5986,8940,6845,4704,5079,5967,4760
8851,WALMART,SWEET POTATOES,943,983,1265,1757,3727,2297,913,976,1305,1068
8852,WALMART,EGGS COMMODITY,31569,31298,34449,33366,38829,30608,33326,33882,36234,25807
8852,WALMART,FROZEN PIES AND COOL WHIP,1814,2724,4970,4227,9473,7416,1413,1840,2695,2507
8852,WALMART,FROZEN ROLLS,3092,3196,4107,3754,4237,3070,3360,3552,3865,2924
8852,WALMART,GREENS,1208,1191,1273,1430,2718,2168,1041,1205,1383,1039
8852,WALMART,OIL AND SHORTENING,77,82,95,96,112,91,90,116,139,143
8852,WALMART,PIES AND DESSERTS,2253,3245,3830,4952,11845,10204,1999,2235,2848,2389
8852,WALMART,POTATOES,7804,8142,8775,9757,14671,10154,7454,8206,9559,7469
8852,WALMART,SWEET POTATOES,792,892,1205,1793,3977,2109,894,881,1186,935
