Store,Install Date
526,7/27/2023
655,7/24/2023
886,7/23/2023
1005,7/26/2023
1241,7/24/2023
1351,7/25/2023
1522,7/23/2023
1546,7/27/2023
1569,7/23/2023
1714,7/23/2023
1799,7/23/2023
1931,7/23/2023
2935,7/25/2023
2986,7/25/2023
3247,7/23/2023
3294,7/23/2023
3324,7/24/2023
3488,7/23/2023
3505,7/24/2023
3590,7/23/2023
4256,7/23/2023
4450,7/26/2023
5115,7/23/2023
5183,7/27/2023
5319,7/23/2023
5432,7/26/2023
5438,7/23/2023
5463,7/23/2023
5667,7/26/2023
112,7/23/2023
180,7/23/2023
481,7/23/2023
590,7/23/2023
664,7/23/2023
799,7/23/2023
814,7/23/2023
825,7/23/2023
853,7/23/2023
986,7/23/2023
1425,7/23/2023
1464,7/23/2023
1621,7/23/2023
1650,7/23/2023
2049,7/23/2023
2123,7/23/2023
2274,7/23/2023
2419,7/23/2023
2506,7/23/2023
2528,7/23/2023
2529,7/23/2023
2697,7/23/2023
3423,7/23/2023
3780,7/23/2023
5159,7/23/2023
5403,7/23/2023
5875,7/23/2023
5994,7/23/2023
1493,7/23/2023
2689,7/23/2023
2782,7/23/2023
3520,7/23/2023
3705,7/23/2023
5807,7/23/2023
