etc_layouts,Deli Endcaps,57,,2019,8/26/19,Etc_Layouts/Cooler_Dairy_Front_Doors/,Deli-Endcaps-8-26-to-9-29.pdf,,8/22/19,
etc_layouts,Deli Endcaps,57,,2019,9/30/19,Etc_Layouts/Cooler_Dairy_Front_Doors/,Deli-Endcaps-9-30.pdf,"""4041&#44;4109&#44;4702&#44;4703&#44;4704&#44;4707&#44;4709&#44;4710&#44;4711&#44;4712&#44;4713&#44;4718&#44;4720&#44;4721&#44;4722&#44;4724&#44;4728&#44;4729&#44;4730&#44;4731&#44;4732&#44;4735&#44;4736&#44;4738&#44;4739&#44;4740&#44;4741&#44;4743&#44;4745&#44;4749&#44;4750&#44;4755&#44;4761&#44;4763&#44;4764&#44;4767&#44;4768&#44;4769&#44;4770&#44;4771&#44;4772&#44;4774&#44;4775&#44;4776&#44;4777&#44;4778&#44;4780&#44;4781&#44;4782&#44;4783&#44;4784&#44;4785&#44;4786&#44;4787&#44;4789&#44;4790&#44;4791&#44;4794&#44;4795&#44;4797&#44;4798&#44;4799&#44;4801&#44;4802&#44;4804&#44;4805&#44;4815&#44;4816&#44;4817&#44;4818&#44;4819&#44;4820&#44;4822&#44;4824&#44;4825&#44;4828&#44;4829&#44;4830&#44;4831&#44;4836&#44;4837&#44;4839&#44;4840&#44;4843&#44;4846&#44;4847&#44;4850&#44;4851&#44;4852&#44;4853&#44;4855&#44;4857&#44;4859&#44;4860&#44;4861&#44;4866&#44;4870&#44;4871&#44;4872&#44;4873&#44;4874&#44;4875&#44;4876&#44;4878&#44;4879&#44;4901&#44;4906&#44;4908&#44;4914&#44;4915&#44;4917&#44;4920&#44;4925&#44;4926&#44;4930&#44;4933&#44;4936&#44;4938&#44;4939&#44;4942&#44;4944&#44;4946&#44;4947&#44;4948&#44;4950&#44;4952&#44;4955&#44;4958&#44;4961&#44;4962&#44;4963&#44;4972&#44;4973&#44;4974&#44;4982&#44;4983&#44;4985&#44;4987&#44;4989&#44;4990&#44;4991&#44;4992&#44;4994&#44;4996&#44;4998&#44;4999&#44;6181&#44;6188&#44;6189&#44;6201&#44;6202&#44;6203&#44;6204&#44;6205&#44;6212&#44;6213&#44;6216&#44;6217&#44;6218&#44;6219&#44;6220&#44;6225&#44;6228&#44;6235&#44;6236&#44;6238&#44;6239&#44;6240&#44;6242&#44;6245&#44;6246&#44;6247&#44;6249&#44;6251&#44;6252&#44;6254&#44;6255&#44;6256&#44;6257&#44;6259&#44;6260&#44;6261&#44;6262&#44;6265&#44;6267&#44;6269&#44;6270&#44;6275&#44;6302&#44;6304&#44;6305&#44;6307&#44;6308&#44;6309&#44;6310&#44;6311&#44;6312&#44;6313&#44;6314&#44;6315&#44;6317&#44;6319&#44;6320&#44;6321&#44;6322&#44;6324&#44;6325&#44;6326&#44;6327&#44;6328&#44;6329&#44;6330&#44;6331&#44;6332&#44;6333&#44;6334&#44;6335&#44;6336&#44;6338&#44;6339&#44;6341&#44;6342&#44;6343&#44;6344&#44;6345&#44;6347&#44;6348&#44;6349&#44;6350&#44;6351&#44;6352&#44;6353&#44;6354&#44;6355&#44;6356&#44;6357&#44;6358&#44;6359&#44;6360&#44;6361&#44;6363&#44;6364&#44;6365&#44;6366&#44;6367&#44;6368&#44;6369&#44;6371&#44;6372&#44;6373&#44;6375&#44;6376&#44;6377&#44;6378&#44;6379&#44;6380&#44;6381&#44;6382&#44;6383&#44;6384&#44;6385&#44;6386&#44;6387&#44;6388&#44;6401&#44;6402&#44;6403&#44;6404&#44;6405&#44;6406&#44;6407&#44;6408&#44;6409&#44;6410&#44;6412&#44;6413&#44;6414&#44;6415&#44;6417&#44;6418&#44;6419&#44;6420&#44;6421&#44;6422&#44;6423&#44;6424&#44;6425&#44;6426&#44;6427&#44;6428&#44;6429&#44;6430&#44;6431&#44;6432&#44;6433&#44;6434&#44;6435&#44;6436&#44;6437&#44;6439&#44;6440&#44;6441&#44;6443&#44;6444&#44;6445&#44;6448&#44;6449&#44;6450&#44;6452&#44;6453&#44;6454&#44;6455&#44;6456&#44;6457&#44;6458&#44;6460&#44;6461&#44;6462&#44;6463&#44;6464&#44;6471&#44;6472&#44;6474&#44;6479&#44;6482&#44;6485&#44;6487&#44;6489&#44;6501&#44;6502&#44;6503&#44;6505&#44;6506&#44;6507&#44;6509&#44;6510&#44;6512&#44;6514&#44;6517&#44;6518&#44;6520&#44;6521&#44;6524&#44;6527&#44;6528&#44;6533&#44;6535&#44;6536&#44;6539&#44;6540&#44;6543&#44;6547&#44;6549&#44;6556&#44;6562&#44;6565&#44;6567&#44;6568&#44;6569&#44;6570&#44;6571&#44;6572&#44;6573&#44;6575&#44;6581&#44;6582&#44;6604&#44;6605&#44;6606&#44;6608&#44;6609&#44;6610&#44;6612&#44;6613&#44;6614&#44;6615&#44;6616&#44;6617&#44;6619&#44;6620&#44;6621&#44;6622&#44;6624&#44;6626&#44;6628&#44;6630&#44;6631&#44;6632&#44;6633&#44;6634&#44;6635&#44;6636&#44;6637&#44;6643&#44;6644&#44;6646&#44;6650&#44;6651&#44;6652&#44;6653&#44;6655&#44;6657&#44;6658&#44;6659&#44;6660&#44;6661&#44;6662&#44;6663&#44;6664&#44;6666&#44;6667&#44;6670&#44;6671&#44;6672&#44;6673&#44;6674&#44;6675&#44;6676&#44;6677&#44;6678&#44;6679&#44;6680&#44;6682&#44;6683&#44;6684&#44;6685&#44;6686&#44;6689&#44;6690&#44;6692&#44;6693&#44;6779&#44;6781&#44;6867&#44;6976&#44;6979&#44;7189&#44;7191&#44;7658&#44;7676&#44;8102&#44;8104&#44;8106&#44;8107&#44;8111&#44;8112&#44;8114&#44;8115&#44;8116&#44;8117&#44;8119&#44;8120&#44;8123&#44;8125&#44;8126&#44;8128&#44;8129&#44;8130&#44;8132&#44;8133&#44;8134&#44;8135&#44;8136&#44;8138&#44;8139&#44;8141&#44;8142&#44;8144&#44;8145&#44;8146&#44;8147&#44;8149&#44;8150&#44;8151&#44;8152&#44;8153&#44;8155&#44;8156&#44;8157&#44;8158&#44;8160&#44;8161&#44;8162&#44;8163&#44;8164&#44;8165&#44;8166&#44;8167&#44;8168&#44;8169&#44;8172&#44;8173&#44;8174&#44;8175&#44;8176&#44;8177&#44;8180&#44;8181&#44;8182&#44;8183&#44;8184&#44;8185&#44;8186&#44;8188&#44;8189&#44;8190&#44;8191&#44;8192&#44;8193&#44;8194&#44;8196&#44;8197&#44;8201&#44;8202&#44;8203&#44;8205&#44;8207&#44;8208&#44;8209&#44;8211&#44;8213&#44;8215&#44;8218&#44;8219&#44;8220&#44;8221&#44;8222&#44;8223&#44;8224&#44;8225&#44;8227&#44;8228&#44;8236&#44;8237&#44;8238&#44;8239&#44;8241&#44;8242&#44;8243&#44;8244&#44;8245&#44;8246&#44;8247&#44;8248&#44;8250&#44;8251&#44;8252&#44;8253&#44;8254&#44;8256&#44;8257&#44;8259&#44;8261&#44;8262&#44;8263&#44;8264&#44;8265&#44;8266&#44;8267&#44;8269&#44;8270&#44;8271&#44;8272&#44;8273&#44;8274&#44;8275&#44;8276&#44;8277&#44;8278&#44;8279&#44;8280&#44;8281&#44;8283&#44;8284&#44;8285&#44;8286&#44;8287&#44;8288&#44;8289&#44;8290&#44;8291&#44;8292&#44;8293&#44;8294&#44;8295&#44;8296&#44;8297&#44;8298&#44;8299&#44;""",9/17/19,10/24/19
etc_layouts,Deli Endcaps,57,,2019,9/30/19,Etc_Layouts/Cooler_Dairy_Front_Doors/,Permanent-Endcaps-Club-4742.pdf,"""4742&#44;""",9/18/19,
etc_layouts,Deli Endcaps,57,,2019,9/30/19,Etc_Layouts/Cooler_Dairy_Front_Doors/,Permanent-Endcaps-Club-4808.pdf,"""4808&#44;""",9/18/19,
etc_layouts,Deli Endcaps,57,,2019,9/30/19,Etc_Layouts/Cooler_Dairy_Front_Doors/,Permanent-Endcaps-Club-4905.pdf,"""4905&#44;""",9/18/19,
etc_layouts,Deli Endcaps,57,,2019,9/30/19,Etc_Layouts/Cooler_Dairy_Front_Doors/,Permanent-Endcaps-Club-4911.pdf,"""4911&#44;""",9/18/19,
etc_layouts,Deli Endcaps,57,,2019,9/30/19,Etc_Layouts/Cooler_Dairy_Front_Doors/,Permanent-Endcaps-Club-4969.pdf,"""4969&#44;""",9/18/19,
etc_layouts,Deli Endcaps,57,,2019,9/30/19,Etc_Layouts/Cooler_Dairy_Front_Doors/,Permanent-Endcaps-Club-6244.pdf,"""6244&#44;""",9/18/19,
etc_layouts,Deli Endcaps,57,,2019,9/30/19,Etc_Layouts/Cooler_Dairy_Front_Doors/,Permanent-Endcaps-Club-8209.pdf,"""8209&#44;""",9/18/19,
etc_layouts,Deli Endcaps,57,,2019,9/30/19,Etc_Layouts/Cooler_Dairy_Front_Doors/,Permanent-Endcaps-Club-8210.pdf,"""8210&#44;""",9/18/19,
etc_layouts,Deli Endcaps,57,,2019,9/30/19,Etc_Layouts/Cooler_Dairy_Front_Doors/,Permanent-Endcaps-Club-8226.pdf,"""8226&#44;""",9/18/19,
etc_layouts,Deli Endcaps,57,,2019,9/30/19,Etc_Layouts/Cooler_Dairy_Front_Doors/,Permanent-Endcaps-Club-8268.pdf,"""8268&#44;""",9/18/19,
etc_layouts,Deli Endcaps,57,,2019,9/30/19,Etc_Layouts/Cooler_Dairy_Front_Doors/,Permanent-Endcaps-Club-8282.pdf,"""8282&#44;""",9/18/19,
etc_layouts,Seasonal Calendar,"""37-2&#44;77-2""",,2020,1/28/20,Etc_Layouts/Bakery/,Seasonal_Calendar.pdf,,1/28/20,
etc_layouts,Deli Endcaps,57,,2019,9/30/19,Etc_Layouts/Cooler_Dairy_Front_Doors/,Deli-Endcaps-9-30-PR.pdf,"""4866&#44;6225&#44;6270&#44;6543&#44;6680&#44;6689&#44;6690&#44;6680&#44;""",10/24/19,
etc_layouts,Rotational Endcap,57,,2019,11/11/19,Etc_Layouts/Cooler_Dairy_Front_Doors/,Rotational-Endcaps-11112019-12252019-1.pdf,"""4911&#44;8210&#44;8226&#44;8282&#44;""",11/7/19,
etc_layouts,Rotational Endcap,57,,2019,11/11/19,Etc_Layouts/Cooler_Dairy_Front_Doors/,Rotational-Endcaps-11112019-12252019-2.pdf,"""4742&#44;4808&#44;4816&#44;4905&#44;4969&#44;6219&#44;6631&#44;8209&#44;8272&#44;""",11/7/19,
etc_layouts,Rotational Endcap,57,,2019,11/11/19,Etc_Layouts/Cooler_Dairy_Front_Doors/,Rotational-Endcaps-11112019-12252019-4839.pdf,"""4839&#44;""",11/7/19,
etc_layouts,Rotational Endcap,57,,2019,11/11/19,Etc_Layouts/Cooler_Dairy_Front_Doors/,Rotational-Endcaps-11112019-12252019-4853.pdf,"""4853&#44;""",11/7/19,
etc_layouts,Deli Endcaps,57,,2019,11/11/19,Etc_Layouts/Cooler_Dairy_Front_Doors/,All-Endcaps-11112019-12252019.pdf,"""4847&#44;6217&#44;6257&#44;6261&#44;6357&#44;6364&#44;6615&#44;6678&#44;8119&#44;8205&#44;8284&#44;4707&#44;4709&#44;4775&#44;4822&#44;4983&#44;4985&#44;4998&#44;6251&#44;6312&#44;6317&#44;6320&#44;6360&#44;6361&#44;6415&#44;6457&#44;6520&#44;6565&#44;6604&#44;8123&#44;8168&#44;8183&#44;8236&#44;4933&#44;6335&#44;6582&#44;6621&#44;8155&#44;8222&#44;8296&#44;4755&#44;6410&#44;6653&#44;4962&#44;6643&#44;6646&#44;4720&#44;4750&#44;4794&#44;4797&#44;4820&#44;4828&#44;4831&#44;4852&#44;4906&#44;4938&#44;4944&#44;4946&#44;4948&#44;4950&#44;4952&#44;4958&#44;4961&#44;4990&#44;6203&#44;6220&#44;6302&#44;6327&#44;6342&#44;6349&#44;6363&#44;6367&#44;6368&#44;6403&#44;6412&#44;6420&#44;6434&#44;6507&#44;6613&#44;6659&#44;6661&#44;6664&#44;6671&#44;6675&#44;6676&#44;6677&#44;8111&#44;8130&#44;8136&#44;8142&#44;8153&#44;8164&#44;8172&#44;8175&#44;8182&#44;8202&#44;8208&#44;8213&#44;8218&#44;8221&#44;8251&#44;8254&#44;8261&#44;8265&#44;8274&#44;8275&#44;8276&#44;8277&#44;8280&#44;8283&#44;8285&#44;8288&#44;8298&#44;4866&#44;6270&#44;6543&#44;6680&#44;6689&#44;6690&#44;4702&#44;4703&#44;4711&#44;4713&#44;4721&#44;4735&#44;4739&#44;4740&#44;4741&#44;4743&#44;4763&#44;4764&#44;4769&#44;4774&#44;4778&#44;4780&#44;4783&#44;4787&#44;4789&#44;4790&#44;4795&#44;4804&#44;4824&#44;4843&#44;4850&#44;4855&#44;4955&#44;6218&#44;6239&#44;6240&#44;6242&#44;6249&#44;6254&#44;6262&#44;6265&#44;6304&#44;6309&#44;6310&#44;6311&#44;6313&#44;6314&#44;6321&#44;6344&#44;6348&#44;6350&#44;6351&#44;6354&#44;6369&#44;6414&#44;6418&#44;6428&#44;6487&#44;6575&#44;6609&#44;6610&#44;6614&#44;6619&#44;6622&#44;6624&#44;6626&#44;6636&#44;6644&#44;6650&#44;6657&#44;6662&#44;6666&#44;6674&#44;6684&#44;6685&#44;6692&#44;6781&#44;8106&#44;8114&#44;8115&#44;8128&#44;8133&#44;8139&#44;8146&#44;8149&#44;8165&#44;8174&#44;8181&#44;8193&#44;8201&#44;8225&#44;8238&#44;8246&#44;8259&#44;8269&#44;8278&#44;8293&#44;8297&#44;8299&#44;8141&#44;6514&#44;8180&#44;6334&#44;8129&#44;6252&#44;4926&#44;6417&#44;6443&#44;8117&#44;4704&#44;4712&#44;4718&#44;4722&#44;4724&#44;4728&#44;4729&#44;4730&#44;4731&#44;4732&#44;4745&#44;4767&#44;4768&#44;4770&#44;4771&#44;4772&#44;4776&#44;4777&#44;4782&#44;4784&#44;4786&#44;4791&#44;4801&#44;4817&#44;4818&#44;4825&#44;4829&#44;4830&#44;4836&#44;4837&#44;4840&#44;4851&#44;4860&#44;4861&#44;4870&#44;4871&#44;4873&#44;4874&#44;4875&#44;4876&#44;4878&#44;4879&#44;4901&#44;4908&#44;4914&#44;4915&#44;4917&#44;4920&#44;4930&#44;4936&#44;4939&#44;4942&#44;4963&#44;4973&#44;4974&#44;4982&#44;4991&#44;4992&#44;4999&#44;6201&#44;6204&#44;6205&#44;6212&#44;6213&#44;6235&#44;6236&#44;6238&#44;6245&#44;6247&#44;6256&#44;6267&#44;6269&#44;6275&#44;6305&#44;6319&#44;6322&#44;6326&#44;6329&#44;6330&#44;6331&#44;6332&#44;6333&#44;6336&#44;6341&#44;6345&#44;6347&#44;6352&#44;6356&#44;6372&#44;6373&#44;6375&#44;6377&#44;6378&#44;6379&#44;6380&#44;6381&#44;6382&#44;6383&#44;6384&#44;6385&#44;6386&#44;6387&#44;6388&#44;6404&#44;6405&#44;6408&#44;6413&#44;6421&#44;6422&#44;6423&#44;6424&#44;6425&#44;6426&#44;6427&#44;6429&#44;6430&#44;6431&#44;6432&#44;6433&#44;6435&#44;6436&#44;6437&#44;6439&#44;6440&#44;6441&#44;6444&#44;6445&#44;6448&#44;6449&#44;6452&#44;6454&#44;6455&#44;6456&#44;6458&#44;6460&#44;6461&#44;6462&#44;6463&#44;6464&#44;6471&#44;6474&#44;6479&#44;6482&#44;6489&#44;6503&#44;6506&#44;6509&#44;6510&#44;6512&#44;6517&#44;6528&#44;6533&#44;6536&#44;6539&#44;6540&#44;6549&#44;6562&#44;6568&#44;6569&#44;6572&#44;6581&#44;6605&#44;6612&#44;6617&#44;6620&#44;6628&#44;6632&#44;6633&#44;6635&#44;6652&#44;6658&#44;6660&#44;6663&#44;6667&#44;6670&#44;6672&#44;6673&#44;6679&#44;6683&#44;6686&#44;6693&#44;8107&#44;8120&#44;8125&#44;8126&#44;8132&#44;8135&#44;8144&#44;8145&#44;8147&#44;8150&#44;8151&#44;8152&#44;8156&#44;8157&#44;8160&#44;8161&#44;8167&#44;8169&#44;8177&#44;8184&#44;8185&#44;8186&#44;8188&#44;8190&#44;8191&#44;8196&#44;8197&#44;8203&#44;8207&#44;8211&#44;8215&#44;8220&#44;8237&#44;8239&#44;8241&#44;8242&#44;8243&#44;8245&#44;8247&#44;8252&#44;8253&#44;8257&#44;8262&#44;8263&#44;8264&#44;8267&#44;8270&#44;8273&#44;8279&#44;8281&#44;8290&#44;8291&#44;8292&#44;8294&#44;8295&#44;4109&#44;4710&#44;4736&#44;4738&#44;4749&#44;4761&#44;4781&#44;4785&#44;4798&#44;4799&#44;4802&#44;4805&#44;4815&#44;4819&#44;4846&#44;4857&#44;4859&#44;4872&#44;4947&#44;4972&#44;4987&#44;4989&#44;4994&#44;4996&#44;6181&#44;6188&#44;6189&#44;6202&#44;6216&#44;6228&#44;6246&#44;6255&#44;6259&#44;6260&#44;6307&#44;6308&#44;6315&#44;6324&#44;6325&#44;6328&#44;6338&#44;6339&#44;6343&#44;6353&#44;6355&#44;6358&#44;6365&#44;6366&#44;6371&#44;6376&#44;6401&#44;6402&#44;6406&#44;6407&#44;6409&#44;6419&#44;6450&#44;6453&#44;6472&#44;6485&#44;6501&#44;6502&#44;6505&#44;6518&#44;6521&#44;6524&#44;6527&#44;6535&#44;6547&#44;6556&#44;6567&#44;6570&#44;6571&#44;6573&#44;6606&#44;6608&#44;6616&#44;6634&#44;6637&#44;6651&#44;6655&#44;6682&#44;6779&#44;6867&#44;6976&#44;6979&#44;7189&#44;7658&#44;7676&#44;8102&#44;8104&#44;8112&#44;8116&#44;8134&#44;8138&#44;8158&#44;8162&#44;8163&#44;8166&#44;8173&#44;8176&#44;8189&#44;8192&#44;8194&#44;8219&#44;8223&#44;8224&#44;8227&#44;8228&#44;8244&#44;8248&#44;8250&#44;8256&#44;8271&#44;8286&#44;8287&#44;8289&#44;6359&#44;6225&#44;""",11/7/19,
etc_layouts,Deli Endcaps,57,,2019,11/29/19,Etc_Layouts/Cooler_Dairy_Front_Doors/,Rotational-Endcaps-11112019-12252019_1.pdf,"""4911&#44;8210&#44;8226&#44;8282&#44;""",12/2/19,
etc_layouts,Deli Endcaps,57,,2019,11/29/19,Etc_Layouts/Cooler_Dairy_Front_Doors/,Rotational-Endcaps-11112019-12252019_2.pdf,"""4742&#44;4808&#44;4816&#44;4905&#44;4969&#44;6219&#44;6631&#44;8209&#44;8272&#44;""",12/2/19,
etc_layouts,Deli Endcaps,57,,2019,11/29/19,Etc_Layouts/Cooler_Dairy_Front_Doors/,Club-4839-11292019-12252019.pdf,"""4839&#44;""",12/2/19,
etc_layouts,Deli Endcaps,57,,2019,11/29/19,Etc_Layouts/Cooler_Dairy_Front_Doors/,Club-4853-11292019-12252019.pdf,"""4853&#44;""",12/2/19,
etc_layouts,Deli Endcaps,57,,2019,11/29/19,Etc_Layouts/Cooler_Dairy_Front_Doors/,All-Endcaps-11292019-12252019-PR.pdf,"""4866&#44;6225&#44;6270&#44;6543&#44;6680&#44;6689&#44;6690&#44;""",12/2/19,
etc_layouts,Deli Endcaps,57,,2019,11/29/19,Etc_Layouts/Cooler_Dairy_Front_Doors/,All-Endcaps-11292019-12252019.pdf,"""4933&#44;8296&#44;6621&#44;6582&#44;8155&#44;6335&#44;8222&#44;6565&#44;8183&#44;6360&#44;4998&#44;4985&#44;6320&#44;8168&#44;6317&#44;4822&#44;8123&#44;4709&#44;6520&#44;6312&#44;6604&#44;6415&#44;4775&#44;6251&#44;8236&#44;4707&#44;4983&#44;6361&#44;6457&#44;8119&#44;6357&#44;8205&#44;4847&#44;6217&#44;8284&#44;6364&#44;6615&#44;6261&#44;6257&#44;6678&#44;6252&#44;6334&#44;6514&#44;8129&#44;8180&#44;8141&#44;4738&#44;4873&#44;4974&#44;6228&#44;6246&#44;6259&#44;6267&#44;6345&#44;6376&#44;6474&#44;6635&#44;6867&#44;4731&#44;4768&#44;4772&#44;4777&#44;6489&#44;8158&#44;4767&#44;4799&#44;4802&#44;4914&#44;4942&#44;6212&#44;6255&#44;6620&#44;6632&#44;7189&#44;8190&#44;4704&#44;4761&#44;4782&#44;4830&#44;4861&#44;6372&#44;6628&#44;6634&#44;8211&#44;8257&#44;8271&#44;4712&#44;4732&#44;4785&#44;4801&#44;4819&#44;4939&#44;6188&#44;6235&#44;6388&#44;6482&#44;6536&#44;6667&#44;6779&#44;8197&#44;4745&#44;4818&#44;4829&#44;6189&#44;6617&#44;8248&#44;4109&#44;4710&#44;4718&#44;4722&#44;4724&#44;4728&#44;4729&#44;4730&#44;4736&#44;4749&#44;4770&#44;4771&#44;4776&#44;4781&#44;4784&#44;4786&#44;4791&#44;4798&#44;4805&#44;4815&#44;4817&#44;4825&#44;4836&#44;4837&#44;4840&#44;4846&#44;4851&#44;4857&#44;4859&#44;4860&#44;4870&#44;4871&#44;4872&#44;4874&#44;4875&#44;4876&#44;4878&#44;4879&#44;4901&#44;4908&#44;4915&#44;4917&#44;4920&#44;4926&#44;4930&#44;4936&#44;4947&#44;4963&#44;4972&#44;4973&#44;4982&#44;4987&#44;4989&#44;4991&#44;4992&#44;4994&#44;4996&#44;4999&#44;6181&#44;6201&#44;6202&#44;6204&#44;6205&#44;6213&#44;6216&#44;6236&#44;6238&#44;6245&#44;6247&#44;6256&#44;6260&#44;6269&#44;6275&#44;6305&#44;6307&#44;6308&#44;6315&#44;6319&#44;6322&#44;6324&#44;6325&#44;6326&#44;6328&#44;6329&#44;6330&#44;6331&#44;6332&#44;6333&#44;6336&#44;6338&#44;6339&#44;6341&#44;6343&#44;6347&#44;6352&#44;6353&#44;6355&#44;6356&#44;6358&#44;6359&#44;6365&#44;6366&#44;6371&#44;6373&#44;6375&#44;6377&#44;6378&#44;6379&#44;6380&#44;6381&#44;6382&#44;6383&#44;6384&#44;6385&#44;6386&#44;6387&#44;6401&#44;6402&#44;6404&#44;6405&#44;6406&#44;6407&#44;6408&#44;6409&#44;6413&#44;6417&#44;6419&#44;6421&#44;6422&#44;6423&#44;6424&#44;6425&#44;6426&#44;6427&#44;6429&#44;6430&#44;6431&#44;6432&#44;6433&#44;6435&#44;6436&#44;6437&#44;6439&#44;6440&#44;6441&#44;6443&#44;6444&#44;6445&#44;6448&#44;6449&#44;6450&#44;6452&#44;6453&#44;6454&#44;6455&#44;6456&#44;6458&#44;6460&#44;6461&#44;6462&#44;6463&#44;6464&#44;6471&#44;6472&#44;6479&#44;6485&#44;6501&#44;6502&#44;6503&#44;6505&#44;6506&#44;6509&#44;6510&#44;6512&#44;6517&#44;6518&#44;6521&#44;6524&#44;6527&#44;6528&#44;6533&#44;6535&#44;6539&#44;6540&#44;6547&#44;6549&#44;6556&#44;6562&#44;6567&#44;6568&#44;6569&#44;6570&#44;6571&#44;6572&#44;6573&#44;6581&#44;6605&#44;6606&#44;6608&#44;6612&#44;6616&#44;6633&#44;6637&#44;6651&#44;6652&#44;6655&#44;6658&#44;6660&#44;6663&#44;6670&#44;6672&#44;6673&#44;6679&#44;6682&#44;6683&#44;6686&#44;6693&#44;6976&#44;6979&#44;7658&#44;7676&#44;8102&#44;8104&#44;8107&#44;8112&#44;8116&#44;8117&#44;8120&#44;8125&#44;8126&#44;8132&#44;8134&#44;8135&#44;8138&#44;8144&#44;8145&#44;8147&#44;8150&#44;8151&#44;8152&#44;8156&#44;8157&#44;8160&#44;8161&#44;8162&#44;8163&#44;8166&#44;8167&#44;8169&#44;8173&#44;8176&#44;8177&#44;8184&#44;8185&#44;8186&#44;8188&#44;8189&#44;8191&#44;8192&#44;8194&#44;8196&#44;8203&#44;8207&#44;8215&#44;8219&#44;8220&#44;8223&#44;8224&#44;8227&#44;8228&#44;8237&#44;8239&#44;8241&#44;8242&#44;8243&#44;8244&#44;8245&#44;8247&#44;8250&#44;8252&#44;8253&#44;8256&#44;8262&#44;8263&#44;8264&#44;8267&#44;8270&#44;8273&#44;8279&#44;8281&#44;8286&#44;8287&#44;8289&#44;8290&#44;8291&#44;8292&#44;8294&#44;8295&#44;4702&#44;4703&#44;4711&#44;4713&#44;4721&#44;4735&#44;4739&#44;4740&#44;4741&#44;4743&#44;4763&#44;4764&#44;4769&#44;4774&#44;4778&#44;4780&#44;4783&#44;4787&#44;4789&#44;4790&#44;4795&#44;4804&#44;4824&#44;4843&#44;4850&#44;4855&#44;4955&#44;6218&#44;6239&#44;6240&#44;6242&#44;6249&#44;6254&#44;6262&#44;6265&#44;6304&#44;6309&#44;6310&#44;6311&#44;6313&#44;6314&#44;6321&#44;6344&#44;6348&#44;6350&#44;6351&#44;6354&#44;6369&#44;6414&#44;6418&#44;6428&#44;6487&#44;6575&#44;6609&#44;6610&#44;6614&#44;6619&#44;6622&#44;6624&#44;6626&#44;6636&#44;6644&#44;6650&#44;6657&#44;6662&#44;6666&#44;6674&#44;6684&#44;6685&#44;6692&#44;6781&#44;8106&#44;8114&#44;8115&#44;8128&#44;8133&#44;8139&#44;8146&#44;8149&#44;8165&#44;8174&#44;8181&#44;8193&#44;8201&#44;8225&#44;8238&#44;8246&#44;8259&#44;8269&#44;8278&#44;8293&#44;8297&#44;8299&#44;6643&#44;4906&#44;4720&#44;4852&#44;4938&#44;6659&#44;6671&#44;6664&#44;8277&#44;6676&#44;4750&#44;4794&#44;4797&#44;4820&#44;4828&#44;4831&#44;4944&#44;4946&#44;4948&#44;4950&#44;4952&#44;4958&#44;4961&#44;4962&#44;4990&#44;6203&#44;6220&#44;6302&#44;6327&#44;6342&#44;6349&#44;6363&#44;6367&#44;6368&#44;6403&#44;6412&#44;6420&#44;6434&#44;6507&#44;6613&#44;6646&#44;6661&#44;6675&#44;6677&#44;8111&#44;8130&#44;8136&#44;8142&#44;8153&#44;8164&#44;8172&#44;8175&#44;8182&#44;8202&#44;8208&#44;8213&#44;8218&#44;8221&#44;8251&#44;8254&#44;8261&#44;8265&#44;8274&#44;8275&#44;8276&#44;8280&#44;8283&#44;8285&#44;8288&#44;8298&#44;6653&#44;4755&#44;6410&#44;""",12/2/19,
etc_layouts,December Bunker Holiday,"""37-4&#44;77-4""",,2019,12/20/19,Etc_Layouts/Bakery/,December-Bunker-Holiday.pdf,,12/17/19,
etc_layouts,Deli Endcaps,57,,2019,12/26/19,Etc_Layouts/Cooler_Dairy_Front_Doors/,All-Endcaps-12262019-02232020.pdf,"""6252&#44;6334&#44;6514&#44;8129&#44;8180&#44;8141&#44;8266&#44;4933&#44;8296&#44;6621&#44;6582&#44;8155&#44;6335&#44;8222&#44;6565&#44;8183&#44;6360&#44;4998&#44;4985&#44;6320&#44;8168&#44;6317&#44;4822&#44;8123&#44;4709&#44;6520&#44;6312&#44;6604&#44;6415&#44;4775&#44;6251&#44;8236&#44;4707&#44;4983&#44;6361&#44;6457&#44;4738&#44;4873&#44;4974&#44;6228&#44;6246&#44;6259&#44;6267&#44;6345&#44;6376&#44;6474&#44;6635&#44;6867&#44;4731&#44;4768&#44;4772&#44;4777&#44;6489&#44;8158&#44;4767&#44;4799&#44;4802&#44;4914&#44;4942&#44;6212&#44;6255&#44;6620&#44;6632&#44;7189&#44;8190&#44;4704&#44;4761&#44;4782&#44;4830&#44;4861&#44;6372&#44;6628&#44;6634&#44;8211&#44;8257&#44;8271&#44;4712&#44;4732&#44;4785&#44;4801&#44;4819&#44;4939&#44;6188&#44;6235&#44;6388&#44;6482&#44;6536&#44;6667&#44;6779&#44;8197&#44;4745&#44;4818&#44;4829&#44;6189&#44;6617&#44;8248&#44;4109&#44;4710&#44;4718&#44;4722&#44;4724&#44;4728&#44;4729&#44;4730&#44;4736&#44;4749&#44;4770&#44;4771&#44;4776&#44;4781&#44;4784&#44;4786&#44;4791&#44;4798&#44;4805&#44;4815&#44;4817&#44;4825&#44;4836&#44;4837&#44;4840&#44;4846&#44;4851&#44;4857&#44;4859&#44;4860&#44;4870&#44;4871&#44;4872&#44;4874&#44;4875&#44;4876&#44;4878&#44;4879&#44;4901&#44;4908&#44;4915&#44;4917&#44;4920&#44;4926&#44;4930&#44;4936&#44;4947&#44;4963&#44;4972&#44;4973&#44;4982&#44;4987&#44;4989&#44;4991&#44;4992&#44;4994&#44;4996&#44;4999&#44;6181&#44;6201&#44;6202&#44;6204&#44;6205&#44;6213&#44;6216&#44;6236&#44;6238&#44;6245&#44;6247&#44;6256&#44;6260&#44;6269&#44;6275&#44;6305&#44;6307&#44;6308&#44;6315&#44;6319&#44;6322&#44;6324&#44;6325&#44;6326&#44;6328&#44;6329&#44;6330&#44;6331&#44;6332&#44;6333&#44;6336&#44;6338&#44;6339&#44;6341&#44;6343&#44;6347&#44;6352&#44;6353&#44;6355&#44;6356&#44;6358&#44;6359&#44;6365&#44;6366&#44;6371&#44;6373&#44;6375&#44;6377&#44;6378&#44;6379&#44;6380&#44;6381&#44;6382&#44;6383&#44;6384&#44;6385&#44;6386&#44;6387&#44;6401&#44;6402&#44;6404&#44;6405&#44;6406&#44;6407&#44;6408&#44;6409&#44;6413&#44;6417&#44;6419&#44;6421&#44;6422&#44;6423&#44;6424&#44;6425&#44;6426&#44;6427&#44;6429&#44;6430&#44;6431&#44;6432&#44;6433&#44;6435&#44;6436&#44;6437&#44;6439&#44;6440&#44;6441&#44;6443&#44;6444&#44;6445&#44;6448&#44;6449&#44;6450&#44;6452&#44;6453&#44;6454&#44;6455&#44;6456&#44;6458&#44;6460&#44;6461&#44;6462&#44;6463&#44;6464&#44;6471&#44;6472&#44;6479&#44;6485&#44;6501&#44;6502&#44;6503&#44;6505&#44;6506&#44;6509&#44;6510&#44;6512&#44;6517&#44;6518&#44;6521&#44;6524&#44;6527&#44;6528&#44;6533&#44;6535&#44;6539&#44;6540&#44;6547&#44;6549&#44;6556&#44;6562&#44;6567&#44;6568&#44;6569&#44;6570&#44;6571&#44;6572&#44;6573&#44;6581&#44;6605&#44;6606&#44;6608&#44;6612&#44;6616&#44;6633&#44;6637&#44;6651&#44;6652&#44;6655&#44;6658&#44;6660&#44;6663&#44;6670&#44;6672&#44;6673&#44;6679&#44;6682&#44;6683&#44;6686&#44;6693&#44;6976&#44;6979&#44;7658&#44;7676&#44;8102&#44;8104&#44;8107&#44;8112&#44;8116&#44;8117&#44;8120&#44;8125&#44;8126&#44;8132&#44;8134&#44;8135&#44;8138&#44;8144&#44;8145&#44;8147&#44;8150&#44;8151&#44;8152&#44;8156&#44;8157&#44;8160&#44;8161&#44;8162&#44;8163&#44;8166&#44;8167&#44;8169&#44;8173&#44;8176&#44;8177&#44;8184&#44;8185&#44;8186&#44;8188&#44;8189&#44;8191&#44;8192&#44;8194&#44;8196&#44;8203&#44;8207&#44;8215&#44;8219&#44;8220&#44;8223&#44;8224&#44;8227&#44;8228&#44;8237&#44;8239&#44;8241&#44;8242&#44;8243&#44;8244&#44;8245&#44;8247&#44;8250&#44;8252&#44;8253&#44;8256&#44;8262&#44;8263&#44;8264&#44;8267&#44;8270&#44;8273&#44;8279&#44;8281&#44;8286&#44;8287&#44;8289&#44;8290&#44;8291&#44;8292&#44;8294&#44;8295&#44;4702&#44;4703&#44;4711&#44;4713&#44;4721&#44;4735&#44;4739&#44;4740&#44;4741&#44;4743&#44;4763&#44;4764&#44;4769&#44;4774&#44;4778&#44;4780&#44;4783&#44;4787&#44;4789&#44;4790&#44;4795&#44;4804&#44;4824&#44;4843&#44;4850&#44;4855&#44;4955&#44;6218&#44;6239&#44;6240&#44;6242&#44;6249&#44;6254&#44;6262&#44;6265&#44;6304&#44;6309&#44;6310&#44;6311&#44;6313&#44;6314&#44;6321&#44;6344&#44;6348&#44;6350&#44;6351&#44;6354&#44;6369&#44;6414&#44;6418&#44;6428&#44;6487&#44;6575&#44;6609&#44;6610&#44;6614&#44;6619&#44;6622&#44;6624&#44;6626&#44;6636&#44;6644&#44;6650&#44;6657&#44;6662&#44;6666&#44;6674&#44;6684&#44;6685&#44;6692&#44;6781&#44;8106&#44;8114&#44;8115&#44;8128&#44;8133&#44;8139&#44;8146&#44;8149&#44;8165&#44;8174&#44;8181&#44;8193&#44;8201&#44;8225&#44;8238&#44;8246&#44;8259&#44;8269&#44;8278&#44;8293&#44;8297&#44;8299&#44;8119&#44;6357&#44;8205&#44;4847&#44;6217&#44;8284&#44;6364&#44;6615&#44;6261&#44;6257&#44;6678&#44;6643&#44;4906&#44;4720&#44;4852&#44;4938&#44;6659&#44;6671&#44;6664&#44;8277&#44;6676&#44;4750&#44;4794&#44;4797&#44;4820&#44;4828&#44;4831&#44;4944&#44;4946&#44;4948&#44;4950&#44;4952&#44;4958&#44;4961&#44;4962&#44;4990&#44;6203&#44;6220&#44;6302&#44;6327&#44;6342&#44;6349&#44;6363&#44;6367&#44;6368&#44;6403&#44;6412&#44;6420&#44;6434&#44;6507&#44;6613&#44;6646&#44;6661&#44;6675&#44;6677&#44;8111&#44;8130&#44;8136&#44;8142&#44;8153&#44;8164&#44;8172&#44;8175&#44;8182&#44;8202&#44;8208&#44;8213&#44;8218&#44;8221&#44;8251&#44;8254&#44;8261&#44;8265&#44;8274&#44;8275&#44;8276&#44;8280&#44;8283&#44;8285&#44;8288&#44;8298&#44;6653&#44;4755&#44;6410&#44;6630&#44;""",12/18/19,1/15/20
etc_layouts,Deli Endcaps,57,,2019,12/26/19,Etc_Layouts/Cooler_Dairy_Front_Doors/,One-Rotational-EC-High-Decks.pdf,"""6219&#44;4816&#44;8272&#44;8268&#44;8209&#44;4742&#44;4905&#44;6631&#44;4969&#44;""",12/18/19,1/15/20
etc_layouts,Deli Endcaps,57,,2019,12/26/19,Etc_Layouts/Cooler_Dairy_Front_Doors/,One-Rotational-EC-Low-Decks.pdf,"""8210&#44;4911&#44;8226&#44;8282&#44;4839&#44;""",12/18/19,1/15/20
etc_layouts,Deli Endcaps,57,,2019,12/26/19,Etc_Layouts/Cooler_Dairy_Front_Doors/,Three-Rotational-EC-High-Decks.pdf,"""6244&#44;""",12/18/19,1/15/20
etc_layouts,Deli Endcaps,57,,2019,12/26/19,Etc_Layouts/Cooler_Dairy_Front_Doors/,Two-Rotational-EC-High-Decks.pdf,"""4808&#44;4853&#44;""",12/18/19,1/15/20
etc_layouts,Deli Endcaps,57,,2019,12/26/19,Etc_Layouts/Cooler_Dairy_Front_Doors/,Two-Rotational-EC-Low-Decks.pdf,"""4839&#44;""",12/18/19,12/30/19
etc_layouts,Deli Endcaps,57,,2019,12/26/19,Etc_Layouts/Cooler_Dairy_Front_Doors/,All-Endcaps-12262019-02232020-PR.pdf,"""4866&#44;6225&#44;6270&#44;6543&#44;6680&#44;6689&#44;6690&#44;""",12/18/19,12/30/19
etc_layouts,Deli Endcaps,57,,2020,2/24/20,Etc_Layouts/Cooler_Dairy_Front_Doors/,All-Endcaps-02242020-03222020.pdf,,2/23/20,
etc_layouts,Deli Endcaps,57,,2020,2/28/20,Etc_Layouts/Cooler_Dairy_Front_Doors/,Endcaps-02242020-03222020-Club-4808-and-8209.pdf,"""4808&#44;8209&#44;""",2/28/20,
etc_layouts,Seasonal Calendar,"""37-2&#44;77-2""",,2020,3/12/20,Etc_Layouts/Bakery/,Seasonal_Calendar.pdf,,3/12/20,
etc_layouts,Deli Endcaps,57,,2020,3/23/20,Etc_Layouts/Cooler_Dairy_Front_Doors/,All-Endcaps-03232020-0412202-4808-and-8209.pdf,"""4808&#44;8209&#44;""",3/16/20,
etc_layouts,Deli Endcaps,57,,2020,3/23/20,Etc_Layouts/Cooler_Dairy_Front_Doors/,All-Endcaps-03232020-0412202-4969.pdf,"""4969&#44;""",3/16/20,
etc_layouts,Deli Endcaps,57,,2020,3/23/20,Etc_Layouts/Cooler_Dairy_Front_Doors/,All-Endcaps-03232020-04122020-PR.pdf,"""4866&#44;6225&#44;6270&#44;6543&#44;6689&#44;6690&#44;6680&#44;""",3/16/20,
etc_layouts,Deli Endcaps,57,,2020,3/23/20,Etc_Layouts/Cooler_Dairy_Front_Doors/,All-Endcaps-03232020-04122020.pdf,"""4847&#44;6217&#44;6257&#44;6261&#44;6357&#44;6364&#44;6615&#44;6678&#44;8119&#44;8205&#44;8284&#44;4707&#44;4709&#44;4775&#44;4822&#44;4983&#44;4985&#44;4998&#44;6251&#44;6312&#44;6317&#44;6320&#44;6360&#44;6361&#44;6415&#44;6457&#44;6520&#44;6565&#44;6604&#44;8123&#44;8168&#44;8183&#44;8236&#44;4933&#44;6335&#44;6582&#44;6621&#44;8155&#44;8222&#44;8296&#44;4755&#44;6410&#44;6653&#44;4962&#44;6643&#44;6646&#44;4720&#44;4750&#44;4794&#44;4797&#44;4820&#44;4828&#44;4831&#44;4852&#44;4906&#44;4938&#44;4944&#44;4946&#44;4948&#44;4950&#44;4952&#44;4958&#44;4961&#44;4990&#44;6203&#44;6220&#44;6302&#44;6327&#44;6342&#44;6349&#44;6363&#44;6367&#44;6368&#44;6403&#44;6412&#44;6420&#44;6434&#44;6507&#44;6613&#44;6659&#44;6661&#44;6664&#44;6671&#44;6675&#44;6676&#44;6677&#44;8111&#44;8130&#44;8136&#44;8142&#44;8153&#44;8164&#44;8172&#44;8175&#44;8182&#44;8202&#44;8208&#44;8213&#44;8218&#44;8221&#44;8251&#44;8254&#44;8261&#44;8265&#44;8274&#44;8275&#44;8276&#44;8277&#44;8280&#44;8283&#44;8285&#44;8288&#44;8298&#44;4866&#44;6270&#44;6543&#44;6680&#44;6689&#44;6690&#44;4702&#44;4703&#44;4711&#44;4713&#44;4721&#44;4735&#44;4739&#44;4740&#44;4741&#44;4743&#44;4763&#44;4764&#44;4769&#44;4774&#44;4778&#44;4780&#44;4783&#44;4787&#44;4789&#44;4790&#44;4795&#44;4804&#44;4824&#44;4843&#44;4850&#44;4855&#44;4955&#44;6218&#44;6239&#44;6240&#44;6242&#44;6249&#44;6254&#44;6262&#44;6265&#44;6304&#44;6309&#44;6310&#44;6311&#44;6313&#44;6314&#44;6321&#44;6344&#44;6348&#44;6350&#44;6351&#44;6354&#44;6369&#44;6414&#44;6418&#44;6428&#44;6487&#44;6575&#44;6609&#44;6610&#44;6614&#44;6619&#44;6622&#44;6624&#44;6626&#44;6636&#44;6644&#44;6650&#44;6657&#44;6662&#44;6666&#44;6674&#44;6684&#44;6685&#44;6692&#44;6781&#44;8106&#44;8114&#44;8115&#44;8128&#44;8133&#44;8139&#44;8146&#44;8149&#44;8165&#44;8174&#44;8181&#44;8193&#44;8201&#44;8225&#44;8238&#44;8246&#44;8259&#44;8269&#44;8278&#44;8293&#44;8297&#44;8299&#44;8141&#44;6514&#44;8180&#44;6334&#44;8129&#44;6252&#44;4926&#44;6417&#44;6443&#44;8117&#44;4704&#44;4712&#44;4718&#44;4722&#44;4724&#44;4728&#44;4729&#44;4730&#44;4731&#44;4732&#44;4745&#44;4767&#44;4768&#44;4770&#44;4771&#44;4772&#44;4776&#44;4777&#44;4782&#44;4784&#44;4786&#44;4791&#44;4801&#44;4817&#44;4818&#44;4825&#44;4829&#44;4830&#44;4836&#44;4837&#44;4840&#44;4851&#44;4860&#44;4861&#44;4870&#44;4871&#44;4873&#44;4874&#44;4875&#44;4876&#44;4878&#44;4879&#44;4901&#44;4908&#44;4914&#44;4915&#44;4917&#44;4920&#44;4930&#44;4936&#44;4939&#44;4942&#44;4963&#44;4973&#44;4974&#44;4982&#44;4991&#44;4992&#44;4999&#44;6201&#44;6204&#44;6205&#44;6212&#44;6213&#44;6235&#44;6236&#44;6238&#44;6245&#44;6247&#44;6256&#44;6267&#44;6269&#44;6275&#44;6305&#44;6319&#44;6322&#44;6326&#44;6329&#44;6330&#44;6331&#44;6332&#44;6333&#44;6336&#44;6341&#44;6345&#44;6347&#44;6352&#44;6356&#44;6372&#44;6373&#44;6375&#44;6377&#44;6378&#44;6379&#44;6380&#44;6381&#44;6382&#44;6383&#44;6384&#44;6385&#44;6386&#44;6387&#44;6388&#44;6404&#44;6405&#44;6408&#44;6413&#44;6421&#44;6422&#44;6423&#44;6424&#44;6425&#44;6426&#44;6427&#44;6429&#44;6430&#44;6431&#44;6432&#44;6433&#44;6435&#44;6436&#44;6437&#44;6439&#44;6440&#44;6441&#44;6444&#44;6445&#44;6448&#44;6449&#44;6452&#44;6454&#44;6455&#44;6456&#44;6458&#44;6460&#44;6461&#44;6462&#44;6463&#44;6464&#44;6471&#44;6474&#44;6479&#44;6482&#44;6489&#44;6503&#44;6506&#44;6509&#44;6510&#44;6512&#44;6517&#44;6528&#44;6533&#44;6536&#44;6539&#44;6540&#44;6549&#44;6562&#44;6568&#44;6569&#44;6572&#44;6581&#44;6605&#44;6612&#44;6617&#44;6620&#44;6628&#44;6632&#44;6633&#44;6635&#44;6652&#44;6658&#44;6660&#44;6663&#44;6667&#44;6670&#44;6672&#44;6673&#44;6679&#44;6683&#44;6686&#44;6693&#44;8107&#44;8120&#44;8125&#44;8126&#44;8132&#44;8135&#44;8144&#44;8145&#44;8147&#44;8150&#44;8151&#44;8152&#44;8156&#44;8157&#44;8160&#44;8161&#44;8167&#44;8169&#44;8177&#44;8184&#44;8185&#44;8186&#44;8188&#44;8190&#44;8191&#44;8196&#44;8197&#44;8203&#44;8207&#44;8211&#44;8215&#44;8220&#44;8237&#44;8239&#44;8241&#44;8242&#44;8243&#44;8245&#44;8247&#44;8252&#44;8253&#44;8257&#44;8262&#44;8263&#44;8264&#44;8267&#44;8270&#44;8273&#44;8279&#44;8281&#44;8290&#44;8291&#44;8292&#44;8294&#44;8295&#44;4109&#44;4710&#44;4736&#44;4738&#44;4749&#44;4761&#44;4781&#44;4785&#44;4798&#44;4799&#44;4802&#44;4805&#44;4815&#44;4819&#44;4846&#44;4857&#44;4859&#44;4872&#44;4947&#44;4972&#44;4987&#44;4989&#44;4994&#44;4996&#44;6181&#44;6188&#44;6189&#44;6202&#44;6216&#44;6228&#44;6246&#44;6255&#44;6259&#44;6260&#44;6307&#44;6308&#44;6315&#44;6324&#44;6325&#44;6328&#44;6338&#44;6339&#44;6343&#44;6353&#44;6355&#44;6358&#44;6365&#44;6366&#44;6371&#44;6376&#44;6401&#44;6402&#44;6406&#44;6407&#44;6409&#44;6419&#44;6450&#44;6453&#44;6472&#44;6485&#44;6501&#44;6502&#44;6505&#44;6518&#44;6521&#44;6524&#44;6527&#44;6535&#44;6547&#44;6556&#44;6567&#44;6570&#44;6571&#44;6573&#44;6606&#44;6608&#44;6616&#44;6634&#44;6637&#44;6651&#44;6655&#44;6682&#44;6779&#44;6867&#44;6976&#44;6979&#44;7189&#44;7658&#44;7676&#44;8102&#44;8104&#44;8112&#44;8116&#44;8134&#44;8138&#44;8158&#44;8162&#44;8163&#44;8166&#44;8173&#44;8176&#44;8189&#44;8192&#44;8194&#44;8219&#44;8223&#44;8224&#44;8227&#44;8228&#44;8244&#44;8248&#44;8250&#44;8256&#44;8271&#44;8286&#44;8287&#44;8289&#44;6359&#44;6225&#44;""",3/16/20,
etc_layouts,Deli Endcaps,57,,2020,4/10/20,Etc_Layouts/Cooler_Dairy_Front_Doors/,All-Endcaps-04132020-06072020.pdf,"""4041&#44;4109&#44;4702&#44;4703&#44;4704&#44;4707&#44;4709&#44;4710&#44;4711&#44;4712&#44;4713&#44;4718&#44;4720&#44;4721&#44;4722&#44;4724&#44;4728&#44;4729&#44;4730&#44;4731&#44;4732&#44;4735&#44;4736&#44;4738&#44;4739&#44;4740&#44;4741&#44;4742&#44;4743&#44;4745&#44;4749&#44;6380&#44;4755&#44;4761&#44;4763&#44;4764&#44;4767&#44;4768&#44;4769&#44;4770&#44;4771&#44;4772&#44;4774&#44;4775&#44;4776&#44;4777&#44;4778&#44;4780&#44;4781&#44;4782&#44;4783&#44;4784&#44;4785&#44;4786&#44;4787&#44;4789&#44;4790&#44;4791&#44;4794&#44;4795&#44;4797&#44;4798&#44;4799&#44;4801&#44;4802&#44;4804&#44;4805&#44;4808&#44;4815&#44;4816&#44;4817&#44;4818&#44;4819&#44;4820&#44;4822&#44;4824&#44;4825&#44;4828&#44;4829&#44;4830&#44;4831&#44;4836&#44;4837&#44;4839&#44;4840&#44;4843&#44;6450&#44;4847&#44;4850&#44;4851&#44;4852&#44;4853&#44;4855&#44;4857&#44;4859&#44;4860&#44;4861&#44;4870&#44;4871&#44;4872&#44;4873&#44;4874&#44;4875&#44;4876&#44;4878&#44;4879&#44;4901&#44;4905&#44;4906&#44;4908&#44;4911&#44;4914&#44;4915&#44;4917&#44;4920&#44;4925&#44;4926&#44;4930&#44;4933&#44;4936&#44;4938&#44;4939&#44;4942&#44;4944&#44;4946&#44;6517&#44;4948&#44;4950&#44;4952&#44;4955&#44;4958&#44;4961&#44;6528&#44;8132&#44;4969&#44;4972&#44;4973&#44;4974&#44;4982&#44;4983&#44;4985&#44;4987&#44;4989&#44;4990&#44;4991&#44;4992&#44;4994&#44;4996&#44;4998&#44;4999&#44;6181&#44;6188&#44;6189&#44;6201&#44;6202&#44;6203&#44;6204&#44;6205&#44;6212&#44;6213&#44;6216&#44;6217&#44;6218&#44;6219&#44;6220&#44;6228&#44;6235&#44;6236&#44;6238&#44;6239&#44;6240&#44;8136&#44;6244&#44;6245&#44;6246&#44;6247&#44;6249&#44;6251&#44;6252&#44;6254&#44;6255&#44;6256&#44;6257&#44;6259&#44;6260&#44;6261&#44;6262&#44;6265&#44;6267&#44;6269&#44;6275&#44;4947&#44;6304&#44;4963&#44;6242&#44;6307&#44;6309&#44;6310&#44;6311&#44;6312&#44;6313&#44;6308&#44;6315&#44;6326&#44;6319&#44;6320&#44;6321&#44;6375&#44;6324&#44;6325&#44;6407&#44;6556&#44;6328&#44;6329&#44;6330&#44;6331&#44;6332&#44;6333&#44;6334&#44;6335&#44;6336&#44;6338&#44;6339&#44;6341&#44;6342&#44;6343&#44;6344&#44;6345&#44;6347&#44;6348&#44;6349&#44;6350&#44;6351&#44;6352&#44;6353&#44;6354&#44;6355&#44;6356&#44;6357&#44;6358&#44;6359&#44;6360&#44;6361&#44;6363&#44;6364&#44;6365&#44;6366&#44;6367&#44;6368&#44;6369&#44;6371&#44;6372&#44;6373&#44;8152&#44;6376&#44;6377&#44;6378&#44;6379&#44;4962&#44;6381&#44;6382&#44;6383&#44;6384&#44;6385&#44;6386&#44;6387&#44;6388&#44;6401&#44;6402&#44;6403&#44;8139&#44;6405&#44;6406&#44;4750&#44;6408&#44;6409&#44;6410&#44;6412&#44;6413&#44;6414&#44;6415&#44;6417&#44;6418&#44;6419&#44;6420&#44;6421&#44;6422&#44;6423&#44;6424&#44;6425&#44;6426&#44;6427&#44;6428&#44;6429&#44;6430&#44;6431&#44;6432&#44;6433&#44;6434&#44;6435&#44;6436&#44;6437&#44;6439&#44;6440&#44;6441&#44;6443&#44;6444&#44;6445&#44;6448&#44;6449&#44;4846&#44;6452&#44;6453&#44;6454&#44;6455&#44;6456&#44;6457&#44;6458&#44;6460&#44;6461&#44;6462&#44;6463&#44;6464&#44;6471&#44;6472&#44;6474&#44;6479&#44;6482&#44;6485&#44;6487&#44;6489&#44;6501&#44;6502&#44;6503&#44;6505&#44;6506&#44;6507&#44;6509&#44;6510&#44;6512&#44;6514&#44;6302&#44;6518&#44;6520&#44;6521&#44;6524&#44;6527&#44;6305&#44;6533&#44;6535&#44;6536&#44;6539&#44;6540&#44;6547&#44;6549&#44;6314&#44;6562&#44;6565&#44;6567&#44;6568&#44;6569&#44;6570&#44;6571&#44;6572&#44;6573&#44;6575&#44;6581&#44;6582&#44;6604&#44;6605&#44;6606&#44;6608&#44;6609&#44;6610&#44;6612&#44;6613&#44;6614&#44;6615&#44;6616&#44;6617&#44;6619&#44;6620&#44;6621&#44;6622&#44;6624&#44;6626&#44;6628&#44;6630&#44;6631&#44;6632&#44;6633&#44;6634&#44;6635&#44;6636&#44;6637&#44;6643&#44;6644&#44;6646&#44;6650&#44;6651&#44;6652&#44;6653&#44;6655&#44;6657&#44;6658&#44;6659&#44;6660&#44;6661&#44;6662&#44;6663&#44;6664&#44;6666&#44;6667&#44;6670&#44;6671&#44;6672&#44;6673&#44;6674&#44;6675&#44;6676&#44;6677&#44;6678&#44;6679&#44;6682&#44;6683&#44;6684&#44;6685&#44;6686&#44;6692&#44;6693&#44;6779&#44;6781&#44;6867&#44;6976&#44;6979&#44;7189&#44;7191&#44;7658&#44;7676&#44;8102&#44;8104&#44;8106&#44;8107&#44;8111&#44;8112&#44;8114&#44;8115&#44;8116&#44;8117&#44;8119&#44;8120&#44;8123&#44;8125&#44;8126&#44;8128&#44;8129&#44;8130&#44;6317&#44;8133&#44;8134&#44;8135&#44;6322&#44;8138&#44;6327&#44;8141&#44;8142&#44;8144&#44;8145&#44;8146&#44;8147&#44;8149&#44;8150&#44;8151&#44;6404&#44;8153&#44;8155&#44;8156&#44;8157&#44;8158&#44;8160&#44;8161&#44;8162&#44;8163&#44;8164&#44;8165&#44;8166&#44;8167&#44;8168&#44;8169&#44;8172&#44;8173&#44;8174&#44;8175&#44;8176&#44;8177&#44;8180&#44;8181&#44;8182&#44;8183&#44;8184&#44;8185&#44;8186&#44;8188&#44;8189&#44;8190&#44;8191&#44;8192&#44;8193&#44;8194&#44;8196&#44;8197&#44;8201&#44;8202&#44;8203&#44;8205&#44;8207&#44;8208&#44;8209&#44;8210&#44;8211&#44;8213&#44;8215&#44;8218&#44;8219&#44;8220&#44;8221&#44;8222&#44;8223&#44;8224&#44;8225&#44;8226&#44;8227&#44;8228&#44;8236&#44;8237&#44;8238&#44;8239&#44;8241&#44;8242&#44;8243&#44;8244&#44;8245&#44;8246&#44;8247&#44;8248&#44;8250&#44;8251&#44;8252&#44;8253&#44;8254&#44;8256&#44;8257&#44;8259&#44;8261&#44;8262&#44;8263&#44;8264&#44;8265&#44;8266&#44;8267&#44;8268&#44;8269&#44;8270&#44;8271&#44;8272&#44;8273&#44;8274&#44;8275&#44;8276&#44;8277&#44;8278&#44;8279&#44;8280&#44;8281&#44;8282&#44;8283&#44;8284&#44;8285&#44;8286&#44;8287&#44;8288&#44;8289&#44;8290&#44;8291&#44;8292&#44;8293&#44;8294&#44;8295&#44;8296&#44;8297&#44;8298&#44;8299&#44;""",4/10/20,4/30/20
etc_layouts,Deli Endcaps,57,,2020,6/6/20,Etc_Layouts/Cooler_Dairy_Front_Doors/,All-Endcaps-06082020-07262020.pdf,"""4041&#44;4109&#44;4702&#44;4703&#44;4704&#44;4707&#44;4709&#44;4710&#44;4711&#44;4712&#44;4713&#44;4718&#44;4720&#44;4721&#44;4722&#44;4724&#44;4728&#44;4729&#44;4730&#44;4731&#44;4732&#44;4735&#44;4736&#44;4738&#44;4739&#44;4740&#44;4741&#44;4742&#44;4743&#44;4745&#44;4749&#44;6380&#44;4755&#44;4761&#44;4763&#44;4764&#44;4767&#44;4768&#44;4769&#44;4770&#44;4771&#44;4772&#44;4774&#44;4775&#44;4776&#44;4777&#44;4778&#44;4780&#44;4781&#44;4782&#44;4783&#44;4784&#44;4785&#44;4786&#44;4787&#44;4789&#44;4790&#44;4791&#44;4794&#44;4795&#44;4797&#44;4798&#44;4799&#44;4801&#44;4802&#44;4804&#44;4805&#44;4808&#44;4815&#44;4816&#44;4817&#44;4818&#44;4819&#44;4820&#44;4822&#44;4824&#44;4825&#44;4828&#44;4829&#44;4830&#44;4831&#44;4836&#44;4837&#44;4839&#44;4840&#44;4843&#44;6450&#44;4847&#44;4850&#44;4851&#44;4852&#44;4853&#44;4855&#44;4857&#44;4859&#44;4860&#44;4861&#44;4870&#44;4871&#44;4872&#44;4873&#44;4874&#44;4875&#44;4876&#44;4878&#44;4879&#44;4901&#44;4905&#44;4906&#44;4908&#44;4911&#44;4914&#44;4915&#44;4917&#44;4920&#44;4925&#44;4926&#44;4930&#44;4933&#44;4936&#44;4938&#44;4939&#44;4942&#44;4944&#44;4946&#44;6517&#44;4948&#44;4950&#44;4952&#44;4955&#44;4958&#44;4961&#44;6528&#44;8132&#44;4969&#44;4972&#44;4973&#44;4974&#44;4982&#44;4983&#44;4985&#44;4987&#44;4989&#44;4990&#44;4991&#44;4992&#44;4994&#44;4996&#44;4998&#44;4999&#44;6181&#44;6188&#44;6189&#44;6201&#44;6202&#44;6203&#44;6204&#44;6205&#44;6212&#44;6213&#44;6216&#44;6217&#44;6218&#44;6219&#44;6220&#44;6228&#44;6235&#44;6236&#44;6238&#44;6239&#44;6240&#44;8136&#44;6244&#44;6245&#44;6246&#44;6247&#44;6249&#44;6251&#44;6252&#44;6254&#44;6255&#44;6256&#44;6257&#44;6259&#44;6260&#44;6261&#44;6262&#44;6265&#44;6267&#44;6269&#44;6275&#44;4947&#44;6304&#44;4963&#44;6242&#44;6307&#44;6309&#44;6310&#44;6311&#44;6312&#44;6313&#44;6308&#44;6315&#44;6326&#44;6319&#44;6320&#44;6321&#44;6375&#44;6324&#44;6325&#44;6407&#44;6556&#44;6328&#44;6329&#44;6330&#44;6331&#44;6332&#44;6333&#44;6334&#44;6335&#44;6336&#44;6338&#44;6339&#44;6341&#44;6342&#44;6343&#44;6344&#44;6345&#44;6347&#44;6348&#44;6349&#44;6350&#44;6351&#44;6352&#44;6353&#44;6354&#44;6355&#44;6356&#44;6357&#44;6358&#44;6359&#44;6360&#44;6361&#44;6363&#44;6364&#44;6365&#44;6366&#44;6367&#44;6368&#44;6369&#44;6371&#44;6372&#44;6373&#44;8152&#44;6376&#44;6377&#44;6378&#44;6379&#44;4962&#44;6381&#44;6382&#44;6383&#44;6384&#44;6385&#44;6386&#44;6387&#44;6388&#44;6401&#44;6402&#44;6403&#44;8139&#44;6405&#44;6406&#44;4750&#44;6408&#44;6409&#44;6410&#44;6412&#44;6413&#44;6414&#44;6415&#44;6417&#44;6418&#44;6419&#44;6420&#44;6421&#44;6422&#44;6423&#44;6424&#44;6425&#44;6426&#44;6427&#44;6428&#44;6429&#44;6430&#44;6431&#44;6432&#44;6433&#44;6434&#44;6435&#44;6436&#44;6437&#44;6439&#44;6440&#44;6441&#44;6443&#44;6444&#44;6445&#44;6448&#44;6449&#44;4846&#44;6452&#44;6453&#44;6454&#44;6455&#44;6456&#44;6457&#44;6458&#44;6460&#44;6461&#44;6462&#44;6463&#44;6464&#44;6471&#44;6472&#44;6474&#44;6479&#44;6482&#44;6485&#44;6487&#44;6489&#44;6501&#44;6502&#44;6503&#44;6505&#44;6506&#44;6507&#44;6509&#44;6510&#44;6512&#44;6514&#44;6302&#44;6518&#44;6520&#44;6521&#44;6524&#44;6527&#44;6305&#44;6533&#44;6535&#44;6536&#44;6539&#44;6540&#44;6547&#44;6549&#44;6314&#44;6562&#44;6565&#44;6567&#44;6568&#44;6569&#44;6570&#44;6571&#44;6572&#44;6573&#44;6575&#44;6581&#44;6582&#44;6604&#44;6605&#44;6606&#44;6608&#44;6609&#44;6610&#44;6612&#44;6613&#44;6614&#44;6615&#44;6616&#44;6617&#44;6619&#44;6620&#44;6621&#44;6622&#44;6624&#44;6626&#44;6628&#44;6630&#44;6631&#44;6632&#44;6633&#44;6634&#44;6635&#44;6636&#44;6637&#44;6643&#44;6644&#44;6646&#44;6650&#44;6651&#44;6652&#44;6653&#44;6655&#44;6657&#44;6658&#44;6659&#44;6660&#44;6661&#44;6662&#44;6663&#44;6664&#44;6666&#44;6667&#44;6670&#44;6671&#44;6672&#44;6673&#44;6674&#44;6675&#44;6676&#44;6677&#44;6678&#44;6679&#44;6682&#44;6683&#44;6684&#44;6685&#44;6686&#44;6692&#44;6693&#44;6779&#44;6781&#44;6867&#44;6976&#44;6979&#44;7189&#44;7191&#44;7658&#44;7676&#44;8102&#44;8104&#44;8106&#44;8107&#44;8111&#44;8112&#44;8114&#44;8115&#44;8116&#44;8117&#44;8119&#44;8120&#44;8123&#44;8125&#44;8126&#44;8128&#44;8129&#44;8130&#44;6317&#44;8133&#44;8134&#44;8135&#44;6322&#44;8138&#44;6327&#44;8141&#44;8142&#44;8144&#44;8145&#44;8146&#44;8147&#44;8149&#44;8150&#44;8151&#44;6404&#44;8153&#44;8155&#44;8156&#44;8157&#44;8158&#44;8160&#44;8161&#44;8162&#44;8163&#44;8164&#44;8165&#44;8166&#44;8167&#44;8168&#44;8169&#44;8172&#44;8173&#44;8174&#44;8175&#44;8176&#44;8177&#44;8180&#44;8181&#44;8182&#44;8183&#44;8184&#44;8185&#44;8186&#44;8188&#44;8189&#44;8190&#44;8191&#44;8192&#44;8193&#44;8194&#44;8196&#44;8197&#44;8201&#44;8202&#44;8203&#44;8205&#44;8207&#44;8208&#44;8209&#44;8210&#44;8211&#44;8213&#44;8215&#44;8218&#44;8219&#44;8220&#44;8221&#44;8222&#44;8223&#44;8224&#44;8225&#44;8226&#44;8227&#44;8228&#44;8236&#44;8237&#44;8238&#44;8239&#44;8241&#44;8242&#44;8243&#44;8244&#44;8245&#44;8246&#44;8247&#44;8248&#44;8250&#44;8251&#44;8252&#44;8253&#44;8254&#44;8256&#44;8257&#44;8259&#44;8261&#44;8262&#44;8263&#44;8264&#44;8265&#44;8266&#44;8267&#44;8268&#44;8269&#44;8270&#44;8271&#44;8272&#44;8273&#44;8274&#44;8275&#44;8276&#44;8277&#44;8278&#44;8279&#44;8280&#44;8281&#44;8282&#44;8283&#44;8284&#44;8285&#44;8286&#44;8287&#44;8288&#44;8289&#44;8290&#44;8291&#44;8292&#44;8293&#44;8294&#44;8295&#44;8296&#44;8297&#44;8298&#44;8299&#44;""",6/6/20,
etc_layouts,Deli Endcaps,57,,2020,6/8/20,Etc_Layouts/Cooler_Dairy_Front_Doors/,All-Endcaps-06082020-07262020-PR.pdf,"""4866&#44;6225&#44;6270&#44;6543&#44;6689&#44;6690&#44;6680&#44;""",6/10/20,
etc_layouts,Deli Endcaps,57,,2020,7/27/20,Etc_Layouts/Cooler_Dairy_Front_Doors/,All-Endcaps-07272020-08232020-Version-1.pdf,"""4874&#44;6361&#44;8119&#44;8236&#44;4775&#44;4790&#44;8271&#44;4990&#44;6503&#44;6220&#44;8237&#44;8261&#44;4837&#44;8181&#44;6527&#44;8221&#44;8265&#44;8114&#44;8102&#44;6521&#44;8275&#44;6329&#44;4871&#44;4985&#44;8296&#44;4969&#44;4707&#44;8293&#44;8104&#44;6247&#44;6415&#44;4873&#44;8209&#44;8208&#44;6267&#44;8134&#44;6238&#44;4870&#44;8176&#44;4839&#44;8243&#44;8207&#44;6461&#44;6418&#44;6342&#44;8263&#44;4808&#44;4920&#44;6275&#44;8254&#44;6413&#44;6426&#44;4791&#44;8222&#44;6452&#44;4950&#44;8220&#44;6976&#44;6353&#44;4711&#44;6368&#44;6348&#44;6355&#44;6414&#44;4831&#44;6524&#44;6458&#44;6518&#44;6351&#44;8218&#44;6571&#44;6573&#44;6365&#44;8129&#44;6354&#44;6236&#44;8228&#44;4797&#44;6402&#44;6343&#44;8219&#44;6216&#44;4996&#44;6540&#44;4917&#44;4946&#44;4710&#44;8223&#44;6570&#44;4798&#44;6443&#44;4804&#44;6572&#44;4739&#44;8213&#44;8158&#44;4789&#44;8112&#44;8278&#44;4802&#44;4776&#44;8225&#44;8115&#44;8194&#44;4872&#44;8256&#44;6644&#44;4780&#44;4817&#44;6203&#44;8106&#44;8211&#44;6463&#44;8142&#44;4879&#44;4989&#44;8287&#44;4901&#44;8283&#44;4724&#44;6646&#44;6643&#44;4836&#44;6409&#44;8247&#44;8107&#44;8196&#44;6435&#44;8203&#44;8166&#44;6509&#44;8205&#44;8168&#44;8123&#44;8257&#44;4875&#44;4878&#44;4741&#44;8251&#44;6501&#44;6249&#44;8266&#44;4740&#44;8285&#44;8163&#44;4749&#44;8182&#44;8197&#44;6252&#44;6474&#44;6437&#44;6449&#44;6260&#44;6512&#44;6304&#44;6325&#44;6505&#44;8276&#44;6507&#44;4851&#44;4876&#44;6377&#44;8135&#44;4992&#44;4930&#44;6479&#44;8294&#44;8180&#44;6256&#44;8125&#44;6334&#44;4908&#44;8292&#44;8284&#44;8267&#44;4109&#44;8273&#44;6262&#44;4958&#44;4764&#44;6422&#44;6338&#44;6259&#44;4713&#44;4702&#44;6188&#44;4850&#44;8286&#44;6202&#44;4843&#44;8227&#44;4914&#44;4721&#44;8190&#44;6482&#44;6245&#44;8126&#44;8274&#44;4763&#44;6367&#44;8262&#44;6867&#44;8250&#44;8259&#44;8244&#44;4769&#44;8242&#44;4720&#44;4939&#44;6269&#44;8156&#44;8282&#44;6336&#44;4712&#44;8246&#44;6421&#44;8281&#44;8264&#44;6453&#44;6471&#44;8245&#44;4925&#44;""",7/24/20,
etc_layouts,Deli Endcaps,57,,2020,7/27/20,Etc_Layouts/Cooler_Dairy_Front_Doors/,All-Endcaps-07272020-08232020-Version-2.pdf,"""6217&#44;4818&#44;4828&#44;4794&#44;6520&#44;4801&#44;6448&#44;6364&#44;6403&#44;6420&#44;4857&#44;6445&#44;4772&#44;6387&#44;4861&#44;6401&#44;6341&#44;4972&#44;4782&#44;8201&#44;4852&#44;6637&#44;8290&#44;6441&#44;8130&#44;8150&#44;8173&#44;8157&#44;7191&#44;4847&#44;6357&#44;6678&#44;4952&#44;6251&#44;4859&#44;6679&#44;6575&#44;8193&#44;6460&#44;6653&#44;6652&#44;6677&#44;4936&#44;6655&#44;6434&#44;6533&#44;6371&#44;4729&#44;6657&#44;6664&#44;4944&#44;8174&#44;6412&#44;6313&#44;6419&#44;6661&#44;6662&#44;6663&#44;4778&#44;6658&#44;6666&#44;6359&#44;8139&#44;4781&#44;6315&#44;6660&#44;6562&#44;8169&#44;6667&#44;8291&#44;6417&#44;6319&#44;6659&#44;6429&#44;4982&#44;6375&#44;6424&#44;6454&#44;6674&#44;6671&#44;4774&#44;6428&#44;6636&#44;6366&#44;6201&#44;6369&#44;6423&#44;6406&#44;6431&#44;6456&#44;8186&#44;6539&#44;6440&#44;6462&#44;6356&#44;6333&#44;6673&#44;6386&#44;6352&#44;6547&#44;6581&#44;8191&#44;6330&#44;6239&#44;6383&#44;6536&#44;6567&#44;8160&#44;8161&#44;4855&#44;6651&#44;8144&#44;6676&#44;4994&#44;6650&#44;8175&#44;4722&#44;6670&#44;4771&#44;6693&#44;6332&#44;8145&#44;6388&#44;8238&#44;8215&#44;6384&#44;6485&#44;6487&#44;8164&#44;4942&#44;8298&#44;8128&#44;8297&#44;6321&#44;4815&#44;8162&#44;6489&#44;8149&#44;8184&#44;4973&#44;6328&#44;6339&#44;6228&#44;4840&#44;4999&#44;6331&#44;6464&#44;6358&#44;6349&#44;6444&#44;6324&#44;8167&#44;6317&#44;8111&#44;6675&#44;6327&#44;6322&#44;6457&#44;4846&#44;6404&#44;8133&#44;8189&#44;6373&#44;8136&#44;6528&#44;6314&#44;6450&#44;8152&#44;6305&#44;6242&#44;6407&#44;6326&#44;4750&#44;8188&#44;4728&#44;6556&#44;4947&#44;6302&#44;8132&#44;4963&#44;6308&#44;4962&#44;4926&#44;4860&#44;6517&#44;6380&#44;6569&#44;6307&#44;""",7/24/20,
etc_layouts,Deli Endcaps,57,,2020,7/27/20,Etc_Layouts/Cooler_Dairy_Front_Doors/,All-Endcaps-07272020-08232020-Version-3.pdf,"""6565&#44;6360&#44;6345&#44;4853&#44;6549&#44;6219&#44;6379&#44;8272&#44;6634&#44;4745&#44;4805&#44;4987&#44;4816&#44;4703&#44;6430&#44;8147&#44;6631&#44;6425&#44;6630&#44;6635&#44;6633&#44;6347&#44;4938&#44;6408&#44;4770&#44;4777&#44;6672&#44;6632&#44;8138&#44;4998&#44;6582&#44;8151&#44;8155&#44;6335&#44;4785&#44;4820&#44;8141&#44;6363&#44;8202&#44;8116&#44;6212&#44;7658&#44;6189&#44;8252&#44;6218&#44;6204&#44;8192&#44;4991&#44;8120&#44;8253&#44;6506&#44;6320&#44;4933&#44;8183&#44;6312&#44;6254&#44;8146&#44;8165&#44;6311&#44;6535&#44;6979&#44;6344&#44;4736&#44;8172&#44;6309&#44;4738&#44;6385&#44;6310&#44;4787&#44;8185&#44;6181&#44;6510&#44;6436&#44;6432&#44;6427&#44;6472&#44;6514&#44;6568&#44;8270&#44;6350&#44;7676&#44;4905&#44;8226&#44;4825&#44;8210&#44;4911&#44;4761&#44;4906&#44;8241&#44;4783&#44;6781&#44;4795&#44;4742&#44;6779&#44;8295&#44;8269&#44;8288&#44;6255&#44;8224&#44;4961&#44;8299&#44;4743&#44;6372&#44;8117&#44;4731&#44;8277&#44;8268&#44;6244&#44;4948&#44;7189&#44;6265&#44;6376&#44;8289&#44;8239&#44;6439&#44;6381&#44;8248&#44;8279&#44;6410&#44;4755&#44;4822&#44;4709&#44;6604&#44;4983&#44;6240&#44;6619&#44;4824&#44;6257&#44;6628&#44;6615&#44;4735&#44;6621&#44;6616&#44;6610&#44;6261&#44;6613&#44;6624&#44;4955&#44;4767&#44;6612&#44;4829&#44;6235&#44;6620&#44;6614&#44;4786&#44;6378&#44;4704&#44;4819&#44;4784&#44;6626&#44;6692&#44;6405&#44;6622&#44;6605&#44;6617&#44;4974&#44;6682&#44;4799&#44;6213&#44;4732&#44;4830&#44;6609&#44;4768&#44;6685&#44;6684&#44;6608&#44;6455&#44;6205&#44;8153&#44;4915&#44;8280&#44;4718&#44;6433&#44;4730&#44;6246&#44;6606&#44;6382&#44;8177&#44;6683&#44;6686&#44;6502&#44;""",7/24/20,
etc_layouts,Deli Endcaps,57,,2020,7/26/20,Etc_Layouts/Cooler_Dairy_Front_Doors/,PR-Endcaps-2020-07_26-Thru-08_23.pdf,"""4866&#44;6225&#44;6270&#44;6543&#44;6689&#44;6690&#44;6680&#44;""",7/24/20,
etc_layouts,Deli Endcaps,57,,2020,8/24/20,Etc_Layouts/Cooler_Dairy_Front_Doors/,All-Endcaps-08242020-09272020-Version-1.pdf,"""4874&#44;6361&#44;8119&#44;8236&#44;4775&#44;4790&#44;8271&#44;4990&#44;6503&#44;6220&#44;8237&#44;8261&#44;4837&#44;8181&#44;6527&#44;8221&#44;8265&#44;8114&#44;8102&#44;6521&#44;8275&#44;6329&#44;4871&#44;4985&#44;8296&#44;4969&#44;4707&#44;8293&#44;8104&#44;6247&#44;6415&#44;4873&#44;8209&#44;8208&#44;6267&#44;8134&#44;6238&#44;4870&#44;8176&#44;4839&#44;8243&#44;8207&#44;6461&#44;6418&#44;6342&#44;8263&#44;4808&#44;4920&#44;6275&#44;8254&#44;6413&#44;6426&#44;4791&#44;8222&#44;6452&#44;4950&#44;8220&#44;6976&#44;6353&#44;4711&#44;6368&#44;6348&#44;6355&#44;6414&#44;4831&#44;6524&#44;6458&#44;6518&#44;6351&#44;8218&#44;6571&#44;6573&#44;6365&#44;8129&#44;6354&#44;6236&#44;8228&#44;4797&#44;6402&#44;6343&#44;8219&#44;6216&#44;4996&#44;6540&#44;4917&#44;4946&#44;4710&#44;8223&#44;6570&#44;4798&#44;6443&#44;4804&#44;6572&#44;4739&#44;8213&#44;8158&#44;4789&#44;8112&#44;8278&#44;4802&#44;4776&#44;8225&#44;8115&#44;8194&#44;4872&#44;8256&#44;6644&#44;4780&#44;4817&#44;6203&#44;8106&#44;8211&#44;6463&#44;8142&#44;4879&#44;4989&#44;8287&#44;4901&#44;8283&#44;4724&#44;6646&#44;6643&#44;4836&#44;6409&#44;8247&#44;8107&#44;8196&#44;6435&#44;8203&#44;8166&#44;6509&#44;8205&#44;8168&#44;8123&#44;8257&#44;4875&#44;4878&#44;4741&#44;8251&#44;6501&#44;6249&#44;8266&#44;4740&#44;8285&#44;8163&#44;4749&#44;8182&#44;8197&#44;6252&#44;6474&#44;6437&#44;6449&#44;6260&#44;6512&#44;6304&#44;6325&#44;6505&#44;8276&#44;6507&#44;4851&#44;4876&#44;6377&#44;8135&#44;4992&#44;4930&#44;6479&#44;8294&#44;8180&#44;6256&#44;8125&#44;6334&#44;4908&#44;8292&#44;8284&#44;8267&#44;4109&#44;8273&#44;6262&#44;4958&#44;4764&#44;6422&#44;6338&#44;6259&#44;4713&#44;4702&#44;6188&#44;4850&#44;8286&#44;6202&#44;4843&#44;8227&#44;4914&#44;4721&#44;8190&#44;6482&#44;6245&#44;8126&#44;8274&#44;4763&#44;6367&#44;8262&#44;6867&#44;8250&#44;8259&#44;8244&#44;4769&#44;8242&#44;4720&#44;4939&#44;6269&#44;8156&#44;8282&#44;6336&#44;4712&#44;8246&#44;6421&#44;8281&#44;8264&#44;6453&#44;6471&#44;8245&#44;4925&#44;""",8/17/20,
etc_layouts,Deli Endcaps,57,,2020,8/24/20,Etc_Layouts/Cooler_Dairy_Front_Doors/,All-Endcaps-08242020-09272020-Version-2.pdf,"""6217&#44;4818&#44;4828&#44;4794&#44;6520&#44;4801&#44;6448&#44;6364&#44;6403&#44;6420&#44;4857&#44;6445&#44;4772&#44;6387&#44;4861&#44;6401&#44;6341&#44;4972&#44;4782&#44;8201&#44;4852&#44;6637&#44;8290&#44;6441&#44;8130&#44;8150&#44;8173&#44;8157&#44;7191&#44;4847&#44;6357&#44;6678&#44;4952&#44;6251&#44;4859&#44;6679&#44;6575&#44;8193&#44;6460&#44;6653&#44;6652&#44;6677&#44;4936&#44;6655&#44;6434&#44;6533&#44;6371&#44;4729&#44;6657&#44;6664&#44;4944&#44;8174&#44;6412&#44;6313&#44;6419&#44;6661&#44;6662&#44;6663&#44;4778&#44;6658&#44;6666&#44;6359&#44;8139&#44;4781&#44;6315&#44;6660&#44;6562&#44;8169&#44;6667&#44;8291&#44;6417&#44;6319&#44;6659&#44;6429&#44;4982&#44;6375&#44;6424&#44;6454&#44;6674&#44;6671&#44;4774&#44;6428&#44;6636&#44;6366&#44;6201&#44;6369&#44;6423&#44;6406&#44;6431&#44;6456&#44;8186&#44;6539&#44;6440&#44;6462&#44;6356&#44;6333&#44;6673&#44;6386&#44;6352&#44;6547&#44;6581&#44;8191&#44;6330&#44;6239&#44;6383&#44;6536&#44;6567&#44;8160&#44;8161&#44;4855&#44;6651&#44;8144&#44;6676&#44;4994&#44;6650&#44;8175&#44;4722&#44;6670&#44;4771&#44;6693&#44;6332&#44;8145&#44;6388&#44;8238&#44;8215&#44;6384&#44;6485&#44;6487&#44;8164&#44;4942&#44;8298&#44;8128&#44;8297&#44;6321&#44;4815&#44;8162&#44;6489&#44;8149&#44;8184&#44;4973&#44;6328&#44;6339&#44;6228&#44;4840&#44;4999&#44;6331&#44;6464&#44;6358&#44;6349&#44;6444&#44;6324&#44;8167&#44;6317&#44;8111&#44;6675&#44;6327&#44;6322&#44;6457&#44;4846&#44;6404&#44;8133&#44;8189&#44;6373&#44;8136&#44;6528&#44;6314&#44;6450&#44;8152&#44;6305&#44;6242&#44;6407&#44;6326&#44;4750&#44;8188&#44;4728&#44;6556&#44;4947&#44;6302&#44;8132&#44;4963&#44;6308&#44;4962&#44;4926&#44;4860&#44;6517&#44;6380&#44;6569&#44;6307&#44;""",8/17/20,
etc_layouts,Deli Endcaps,57,,2020,8/24/20,Etc_Layouts/Cooler_Dairy_Front_Doors/,All-Endcaps-08242020-09272020-Version-3.pdf,"""6565&#44;6360&#44;6345&#44;4853&#44;6549&#44;6219&#44;6379&#44;8272&#44;6634&#44;4745&#44;4805&#44;4987&#44;4816&#44;4703&#44;6430&#44;8147&#44;6631&#44;6425&#44;6630&#44;6635&#44;6633&#44;6347&#44;4938&#44;6408&#44;4770&#44;4777&#44;6672&#44;6632&#44;8138&#44;4998&#44;6582&#44;8151&#44;8155&#44;6335&#44;4785&#44;4820&#44;8141&#44;6363&#44;8202&#44;8116&#44;6212&#44;7658&#44;6189&#44;8252&#44;6218&#44;6204&#44;8192&#44;4991&#44;8120&#44;8253&#44;6506&#44;6320&#44;4933&#44;8183&#44;6312&#44;6254&#44;8146&#44;8165&#44;6311&#44;6535&#44;6979&#44;6344&#44;4736&#44;8172&#44;6309&#44;4738&#44;6385&#44;6310&#44;4787&#44;8185&#44;6181&#44;6510&#44;6436&#44;6432&#44;6427&#44;6472&#44;6514&#44;6568&#44;8270&#44;6350&#44;7676&#44;4905&#44;8226&#44;4825&#44;8210&#44;4911&#44;4761&#44;4906&#44;8241&#44;4783&#44;6781&#44;4795&#44;4742&#44;6779&#44;8295&#44;8269&#44;8288&#44;6255&#44;8224&#44;4961&#44;8299&#44;4743&#44;6372&#44;8117&#44;4731&#44;8277&#44;8268&#44;6244&#44;4948&#44;7189&#44;6265&#44;6376&#44;8289&#44;8239&#44;6439&#44;6381&#44;8248&#44;8279&#44;6410&#44;4755&#44;4822&#44;4709&#44;6604&#44;4983&#44;6240&#44;6619&#44;4824&#44;6257&#44;6628&#44;6615&#44;4735&#44;6621&#44;6616&#44;6610&#44;6261&#44;6613&#44;6624&#44;4955&#44;4767&#44;6612&#44;4829&#44;6235&#44;6620&#44;6614&#44;4786&#44;6378&#44;4704&#44;4819&#44;4784&#44;6626&#44;6692&#44;6405&#44;6622&#44;6605&#44;6617&#44;4974&#44;6682&#44;4799&#44;6213&#44;4732&#44;4830&#44;6609&#44;4768&#44;6685&#44;6684&#44;6608&#44;6455&#44;6205&#44;8153&#44;4915&#44;8280&#44;4718&#44;6433&#44;4730&#44;6246&#44;6606&#44;6382&#44;8177&#44;6683&#44;6686&#44;6502&#44;""",8/17/20,
etc_layouts,Deli Endcaps,57,,2020,8/24/20,Etc_Layouts/Cooler_Dairy_Front_Doors/,All-Endcaps-08242020-09272020-PR.pdf,"""4866&#44;6225&#44;6270&#44;6543&#44;6689&#44;6690&#44;6680&#44;""",8/17/20,
etc_layouts,Deli Endcaps,57,,2022,4/18/22,Etc_Layouts/Cooler_Dairy_Front_Doors/,PR_Endcaps_04_18 Thru 07_17.pdf,"""4866&#44;6225&#44;6270&#44;6543&#44;6689&#44;6690&#44;6680&#44;""",4/7/22,
etc_layouts,Deli Endcaps,57,,2022,4/18/22,Etc_Layouts/Cooler_Dairy_Front_Doors/,All-Endcaps-04182022.pdf,"""4041&#44;4109&#44;4702&#44;4703&#44;4704&#44;4707&#44;4709&#44;4710&#44;4711&#44;4712&#44;4713&#44;4718&#44;4720&#44;4721&#44;4722&#44;4724&#44;4728&#44;4729&#44;4730&#44;4731&#44;4732&#44;4735&#44;4736&#44;4738&#44;4739&#44;4740&#44;4741&#44;4742&#44;4743&#44;4745&#44;4749&#44;4750&#44;4755&#44;4761&#44;4763&#44;4764&#44;4767&#44;4768&#44;4769&#44;4770&#44;4771&#44;4772&#44;4774&#44;4775&#44;4776&#44;4777&#44;4778&#44;4780&#44;4781&#44;4782&#44;4783&#44;4784&#44;4785&#44;4786&#44;4787&#44;4789&#44;4790&#44;4791&#44;4794&#44;4795&#44;4797&#44;4798&#44;4799&#44;4801&#44;4802&#44;4804&#44;4805&#44;4808&#44;4815&#44;4816&#44;4817&#44;4818&#44;4819&#44;4820&#44;4822&#44;4824&#44;4825&#44;4828&#44;4829&#44;4830&#44;4831&#44;4836&#44;4837&#44;4839&#44;4840&#44;4843&#44;4846&#44;4847&#44;4850&#44;4851&#44;4852&#44;4853&#44;4855&#44;4857&#44;4859&#44;4860&#44;4861&#44;4870&#44;4871&#44;4872&#44;4873&#44;4874&#44;4875&#44;4876&#44;4878&#44;4879&#44;4901&#44;4905&#44;4906&#44;4908&#44;4911&#44;4914&#44;4915&#44;4917&#44;4920&#44;4925&#44;4926&#44;4930&#44;4933&#44;4936&#44;4938&#44;4939&#44;4942&#44;4944&#44;4946&#44;4947&#44;4948&#44;4950&#44;4952&#44;4955&#44;4958&#44;4961&#44;4962&#44;4963&#44;4969&#44;4972&#44;4973&#44;4974&#44;4982&#44;4983&#44;4985&#44;4987&#44;4989&#44;4990&#44;4991&#44;4992&#44;4994&#44;4996&#44;4998&#44;4999&#44;6181&#44;6188&#44;6189&#44;6201&#44;6202&#44;6203&#44;6204&#44;6205&#44;6212&#44;6213&#44;6216&#44;6217&#44;6218&#44;6219&#44;6220&#44;6228&#44;6235&#44;6236&#44;6238&#44;6239&#44;6240&#44;6242&#44;6244&#44;6245&#44;6246&#44;6247&#44;6249&#44;6251&#44;6252&#44;6254&#44;6255&#44;6256&#44;6257&#44;6259&#44;6260&#44;6261&#44;6262&#44;6265&#44;6267&#44;6269&#44;6275&#44;6302&#44;6304&#44;6305&#44;6307&#44;6308&#44;6309&#44;6310&#44;6311&#44;6312&#44;6313&#44;6314&#44;6315&#44;6317&#44;6319&#44;6320&#44;6321&#44;6322&#44;6324&#44;6325&#44;6326&#44;6327&#44;6328&#44;6329&#44;6330&#44;6331&#44;6332&#44;6333&#44;6334&#44;6335&#44;6336&#44;6338&#44;6339&#44;6341&#44;6342&#44;6343&#44;6344&#44;6345&#44;6347&#44;6348&#44;6349&#44;6350&#44;6351&#44;6352&#44;6353&#44;6354&#44;6355&#44;6356&#44;6357&#44;6358&#44;6359&#44;6360&#44;6361&#44;6363&#44;6364&#44;6365&#44;6366&#44;6367&#44;6368&#44;6369&#44;6371&#44;6372&#44;6373&#44;6375&#44;6376&#44;6377&#44;6378&#44;6379&#44;6380&#44;6381&#44;6382&#44;6383&#44;6384&#44;6385&#44;6386&#44;6387&#44;6388&#44;6401&#44;6402&#44;6403&#44;6404&#44;6405&#44;6406&#44;6407&#44;6408&#44;6409&#44;6410&#44;6412&#44;6413&#44;6414&#44;6415&#44;6417&#44;6418&#44;6419&#44;6420&#44;6421&#44;6422&#44;6423&#44;6424&#44;6425&#44;6426&#44;6427&#44;6428&#44;6429&#44;6430&#44;6431&#44;6432&#44;6433&#44;6434&#44;6435&#44;6436&#44;6437&#44;6439&#44;6440&#44;6441&#44;6443&#44;6444&#44;6445&#44;6448&#44;6449&#44;6450&#44;6452&#44;6453&#44;6454&#44;6455&#44;6456&#44;6457&#44;6458&#44;6460&#44;6461&#44;6462&#44;6463&#44;6464&#44;6471&#44;6472&#44;6474&#44;6479&#44;6482&#44;6485&#44;6487&#44;6489&#44;6501&#44;6502&#44;6503&#44;6505&#44;6506&#44;6507&#44;6509&#44;6510&#44;6512&#44;6514&#44;6517&#44;6518&#44;6520&#44;6521&#44;6524&#44;6527&#44;6528&#44;6533&#44;6535&#44;6536&#44;6539&#44;6540&#44;6547&#44;6549&#44;6556&#44;6562&#44;6565&#44;6567&#44;6568&#44;6569&#44;6570&#44;6571&#44;6572&#44;6573&#44;6575&#44;6581&#44;6582&#44;6604&#44;6605&#44;6606&#44;6608&#44;6609&#44;6610&#44;6612&#44;6613&#44;6614&#44;6615&#44;6616&#44;6617&#44;6619&#44;6620&#44;6621&#44;6622&#44;6624&#44;6626&#44;6628&#44;6630&#44;6631&#44;6632&#44;6633&#44;6634&#44;6635&#44;6636&#44;6637&#44;6643&#44;6644&#44;6646&#44;6650&#44;6651&#44;6652&#44;6653&#44;6655&#44;6657&#44;6658&#44;6659&#44;6660&#44;6661&#44;6662&#44;6663&#44;6664&#44;6666&#44;6667&#44;6670&#44;6671&#44;6672&#44;6673&#44;6674&#44;6675&#44;6676&#44;6677&#44;6678&#44;6679&#44;6682&#44;6683&#44;6684&#44;6685&#44;6686&#44;6692&#44;6693&#44;6779&#44;6781&#44;6867&#44;6976&#44;6979&#44;7189&#44;7191&#44;7658&#44;7676&#44;8102&#44;8104&#44;8106&#44;8107&#44;8111&#44;8112&#44;8114&#44;8115&#44;8116&#44;8117&#44;8119&#44;8120&#44;8123&#44;8125&#44;8126&#44;8128&#44;8129&#44;8130&#44;8132&#44;8133&#44;8134&#44;8135&#44;8136&#44;8138&#44;8139&#44;8141&#44;8142&#44;8144&#44;8145&#44;8146&#44;8147&#44;8149&#44;8150&#44;8151&#44;8152&#44;8153&#44;8155&#44;8156&#44;8157&#44;8158&#44;8160&#44;8161&#44;8162&#44;8163&#44;8164&#44;8165&#44;8166&#44;8167&#44;8168&#44;8169&#44;8172&#44;8173&#44;8174&#44;8175&#44;8176&#44;8177&#44;8180&#44;8181&#44;8182&#44;8183&#44;8184&#44;8185&#44;8186&#44;8188&#44;8189&#44;8190&#44;8191&#44;8192&#44;8193&#44;8194&#44;8196&#44;8197&#44;8201&#44;8202&#44;8203&#44;8205&#44;8207&#44;8208&#44;8209&#44;8210&#44;8211&#44;8213&#44;8215&#44;8218&#44;8219&#44;8220&#44;8221&#44;8222&#44;8223&#44;8224&#44;8225&#44;8226&#44;8227&#44;8228&#44;8236&#44;8237&#44;8238&#44;8239&#44;8241&#44;8242&#44;8243&#44;8244&#44;8245&#44;8246&#44;8247&#44;8248&#44;8250&#44;8251&#44;8252&#44;8253&#44;8254&#44;8256&#44;8257&#44;8259&#44;8261&#44;8262&#44;8263&#44;8264&#44;8265&#44;8266&#44;8267&#44;8268&#44;8269&#44;8270&#44;8271&#44;8272&#44;8273&#44;8274&#44;8275&#44;8276&#44;8277&#44;8278&#44;8279&#44;8280&#44;8281&#44;8282&#44;8283&#44;8284&#44;8285&#44;8286&#44;8287&#44;8288&#44;8289&#44;8290&#44;8291&#44;8292&#44;8293&#44;8294&#44;8295&#44;8297&#44;8298&#44;8299""",4/12/22,
etc_layouts,Deli Endcaps,57,,2022,5/8/22,Etc_Layouts/Cooler_Dairy_Front_Doors/,All-Endcaps-05082022.pdf,"""4041&#44;4109&#44;4702&#44;4703&#44;4704&#44;4707&#44;4709&#44;4710&#44;4711&#44;4712&#44;4713&#44;4718&#44;4720&#44;4721&#44;4722&#44;4724&#44;4728&#44;4729&#44;4730&#44;4731&#44;4732&#44;4735&#44;4736&#44;4738&#44;4739&#44;4740&#44;4741&#44;4742&#44;4743&#44;4745&#44;4749&#44;4750&#44;4755&#44;4761&#44;4763&#44;4764&#44;4767&#44;4768&#44;4769&#44;4770&#44;4771&#44;4772&#44;4774&#44;4775&#44;4776&#44;4777&#44;4778&#44;4780&#44;4781&#44;4782&#44;4783&#44;4784&#44;4785&#44;4786&#44;4787&#44;4789&#44;4790&#44;4791&#44;4794&#44;4795&#44;4797&#44;4798&#44;4799&#44;4801&#44;4802&#44;4804&#44;4805&#44;4808&#44;4815&#44;4816&#44;4817&#44;4818&#44;4819&#44;4820&#44;4822&#44;4824&#44;4825&#44;4828&#44;4829&#44;4830&#44;4831&#44;4836&#44;4837&#44;4839&#44;4840&#44;4843&#44;4846&#44;4847&#44;4850&#44;4851&#44;4852&#44;4853&#44;4855&#44;4857&#44;4859&#44;4860&#44;4861&#44;4870&#44;4871&#44;4872&#44;4873&#44;4874&#44;4875&#44;4876&#44;4878&#44;4879&#44;4901&#44;4905&#44;4906&#44;4908&#44;4911&#44;4914&#44;4915&#44;4917&#44;4920&#44;4925&#44;4926&#44;4930&#44;4933&#44;4936&#44;4938&#44;4939&#44;4942&#44;4944&#44;4946&#44;4947&#44;4948&#44;4950&#44;4952&#44;4955&#44;4958&#44;4961&#44;4962&#44;4963&#44;4969&#44;4972&#44;4973&#44;4974&#44;4982&#44;4983&#44;4985&#44;4987&#44;4989&#44;4990&#44;4991&#44;4992&#44;4994&#44;4996&#44;4998&#44;4999&#44;6181&#44;6188&#44;6189&#44;6201&#44;6202&#44;6203&#44;6204&#44;6205&#44;6212&#44;6213&#44;6216&#44;6217&#44;6218&#44;6219&#44;6220&#44;6228&#44;6235&#44;6236&#44;6238&#44;6239&#44;6240&#44;6242&#44;6244&#44;6245&#44;6246&#44;6247&#44;6249&#44;6251&#44;6252&#44;6254&#44;6255&#44;6256&#44;6257&#44;6259&#44;6260&#44;6261&#44;6262&#44;6265&#44;6267&#44;6269&#44;6275&#44;6302&#44;6304&#44;6305&#44;6307&#44;6308&#44;6309&#44;6310&#44;6311&#44;6312&#44;6313&#44;6314&#44;6315&#44;6317&#44;6319&#44;6320&#44;6321&#44;6322&#44;6324&#44;6325&#44;6326&#44;6327&#44;6328&#44;6329&#44;6330&#44;6331&#44;6332&#44;6333&#44;6334&#44;6335&#44;6336&#44;6338&#44;6339&#44;6341&#44;6342&#44;6343&#44;6344&#44;6345&#44;6347&#44;6348&#44;6349&#44;6350&#44;6351&#44;6352&#44;6353&#44;6354&#44;6355&#44;6356&#44;6357&#44;6358&#44;6359&#44;6360&#44;6361&#44;6363&#44;6364&#44;6365&#44;6366&#44;6367&#44;6368&#44;6369&#44;6371&#44;6372&#44;6373&#44;6375&#44;6376&#44;6377&#44;6378&#44;6379&#44;6380&#44;6381&#44;6382&#44;6383&#44;6384&#44;6385&#44;6386&#44;6387&#44;6388&#44;6401&#44;6402&#44;6403&#44;6404&#44;6405&#44;6406&#44;6407&#44;6408&#44;6409&#44;6410&#44;6412&#44;6413&#44;6414&#44;6415&#44;6417&#44;6418&#44;6419&#44;6420&#44;6421&#44;6422&#44;6423&#44;6424&#44;6425&#44;6426&#44;6427&#44;6428&#44;6429&#44;6430&#44;6431&#44;6432&#44;6433&#44;6434&#44;6435&#44;6436&#44;6437&#44;6439&#44;6440&#44;6441&#44;6443&#44;6444&#44;6445&#44;6448&#44;6449&#44;6450&#44;6452&#44;6453&#44;6454&#44;6455&#44;6456&#44;6457&#44;6458&#44;6460&#44;6461&#44;6462&#44;6463&#44;6464&#44;6471&#44;6472&#44;6474&#44;6479&#44;6482&#44;6485&#44;6487&#44;6489&#44;6501&#44;6502&#44;6503&#44;6505&#44;6506&#44;6507&#44;6509&#44;6510&#44;6512&#44;6514&#44;6517&#44;6518&#44;6520&#44;6521&#44;6524&#44;6527&#44;6528&#44;6533&#44;6535&#44;6536&#44;6539&#44;6540&#44;6547&#44;6549&#44;6556&#44;6562&#44;6565&#44;6567&#44;6568&#44;6569&#44;6570&#44;6571&#44;6572&#44;6573&#44;6575&#44;6581&#44;6582&#44;6604&#44;6605&#44;6606&#44;6608&#44;6609&#44;6610&#44;6612&#44;6613&#44;6614&#44;6615&#44;6616&#44;6617&#44;6619&#44;6620&#44;6621&#44;6622&#44;6624&#44;6626&#44;6628&#44;6630&#44;6631&#44;6632&#44;6633&#44;6634&#44;6635&#44;6636&#44;6637&#44;6643&#44;6644&#44;6646&#44;6650&#44;6651&#44;6652&#44;6653&#44;6655&#44;6657&#44;6658&#44;6659&#44;6660&#44;6661&#44;6662&#44;6663&#44;6664&#44;6666&#44;6667&#44;6670&#44;6671&#44;6672&#44;6673&#44;6674&#44;6675&#44;6676&#44;6677&#44;6678&#44;6679&#44;6682&#44;6683&#44;6684&#44;6685&#44;6686&#44;6692&#44;6693&#44;6779&#44;6781&#44;6867&#44;6976&#44;6979&#44;7189&#44;7191&#44;7658&#44;7676&#44;8102&#44;8104&#44;8106&#44;8107&#44;8111&#44;8112&#44;8114&#44;8115&#44;8116&#44;8117&#44;8119&#44;8120&#44;8123&#44;8125&#44;8126&#44;8128&#44;8129&#44;8130&#44;8132&#44;8133&#44;8134&#44;8135&#44;8136&#44;8138&#44;8139&#44;8141&#44;8142&#44;8144&#44;8145&#44;8146&#44;8147&#44;8149&#44;8150&#44;8151&#44;8152&#44;8153&#44;8155&#44;8156&#44;8157&#44;8158&#44;8160&#44;8161&#44;8162&#44;8163&#44;8164&#44;8165&#44;8166&#44;8167&#44;8168&#44;8169&#44;8172&#44;8173&#44;8174&#44;8175&#44;8176&#44;8177&#44;8180&#44;8181&#44;8182&#44;8183&#44;8184&#44;8185&#44;8186&#44;8188&#44;8189&#44;8190&#44;8191&#44;8192&#44;8193&#44;8194&#44;8196&#44;8197&#44;8201&#44;8202&#44;8203&#44;8205&#44;8207&#44;8208&#44;8209&#44;8210&#44;8211&#44;8213&#44;8215&#44;8218&#44;8219&#44;8220&#44;8221&#44;8222&#44;8223&#44;8224&#44;8225&#44;8226&#44;8227&#44;8228&#44;8236&#44;8237&#44;8238&#44;8239&#44;8241&#44;8242&#44;8243&#44;8244&#44;8245&#44;8246&#44;8247&#44;8248&#44;8250&#44;8251&#44;8252&#44;8253&#44;8254&#44;8256&#44;8257&#44;8259&#44;8261&#44;8262&#44;8263&#44;8264&#44;8265&#44;8266&#44;8267&#44;8268&#44;8269&#44;8270&#44;8271&#44;8272&#44;8273&#44;8274&#44;8275&#44;8276&#44;8277&#44;8278&#44;8279&#44;8280&#44;8281&#44;8282&#44;8283&#44;8284&#44;8285&#44;8286&#44;8287&#44;8288&#44;8289&#44;8290&#44;8291&#44;8292&#44;8293&#44;8294&#44;8295&#44;8297&#44;8298&#44;8299""",5/3/22,
etc_layouts,Deli Endcaps,57,,2022,6/3/22,Etc_Layouts/Cooler_Dairy_Front_Doors/,PR_Endcaps_06_03-Thru-07_17.pdf,"""4866&#44;6225&#44;6270&#44;6543&#44;6689&#44;6690&#44;6680&#44;""",6/6/22,
etc_layouts,Deli Endcaps,57,,2022,5/8/22,Etc_Layouts/Cooler_Dairy_Front_Doors/,Deli-Endcaps-7-18.pdf,"""4041&#44;4109&#44;4702&#44;4703&#44;4704&#44;4707&#44;4709&#44;4710&#44;4711&#44;4712&#44;4713&#44;4718&#44;4720&#44;4721&#44;4722&#44;4724&#44;4728&#44;4729&#44;4730&#44;4731&#44;4732&#44;4735&#44;4736&#44;4738&#44;4739&#44;4740&#44;4741&#44;4742&#44;4743&#44;4745&#44;4749&#44;4750&#44;4755&#44;4761&#44;4763&#44;4764&#44;4767&#44;4768&#44;4769&#44;4770&#44;4771&#44;4772&#44;4774&#44;4775&#44;4776&#44;4777&#44;4778&#44;4780&#44;4781&#44;4782&#44;4783&#44;4784&#44;4785&#44;4786&#44;4787&#44;4789&#44;4790&#44;4791&#44;4794&#44;4795&#44;4797&#44;4798&#44;4799&#44;4801&#44;4802&#44;4804&#44;4805&#44;4808&#44;4815&#44;4816&#44;4817&#44;4818&#44;4819&#44;4820&#44;4822&#44;4824&#44;4825&#44;4828&#44;4829&#44;4830&#44;4831&#44;4836&#44;4837&#44;4839&#44;4840&#44;4843&#44;4846&#44;4847&#44;4850&#44;4851&#44;4852&#44;4853&#44;4855&#44;4857&#44;4859&#44;4860&#44;4861&#44;4870&#44;4871&#44;4872&#44;4873&#44;4874&#44;4875&#44;4876&#44;4878&#44;4879&#44;4901&#44;4905&#44;4906&#44;4908&#44;4911&#44;4914&#44;4915&#44;4917&#44;4920&#44;4925&#44;4926&#44;4930&#44;4933&#44;4936&#44;4938&#44;4939&#44;4942&#44;4944&#44;4946&#44;4947&#44;4948&#44;4950&#44;4952&#44;4955&#44;4958&#44;4961&#44;4962&#44;4963&#44;4969&#44;4972&#44;4973&#44;4974&#44;4982&#44;4983&#44;4985&#44;4987&#44;4989&#44;4990&#44;4991&#44;4992&#44;4994&#44;4996&#44;4998&#44;4999&#44;6181&#44;6188&#44;6189&#44;6201&#44;6202&#44;6203&#44;6204&#44;6205&#44;6212&#44;6213&#44;6216&#44;6217&#44;6218&#44;6219&#44;6220&#44;6228&#44;6235&#44;6236&#44;6238&#44;6239&#44;6240&#44;6242&#44;6244&#44;6245&#44;6246&#44;6247&#44;6249&#44;6251&#44;6252&#44;6254&#44;6255&#44;6256&#44;6257&#44;6259&#44;6260&#44;6261&#44;6262&#44;6265&#44;6267&#44;6269&#44;6275&#44;6302&#44;6304&#44;6305&#44;6307&#44;6308&#44;6309&#44;6310&#44;6311&#44;6312&#44;6313&#44;6314&#44;6315&#44;6317&#44;6319&#44;6320&#44;6321&#44;6322&#44;6324&#44;6325&#44;6326&#44;6327&#44;6328&#44;6329&#44;6330&#44;6331&#44;6332&#44;6333&#44;6334&#44;6335&#44;6336&#44;6338&#44;6339&#44;6341&#44;6342&#44;6343&#44;6344&#44;6345&#44;6347&#44;6348&#44;6349&#44;6350&#44;6351&#44;6352&#44;6353&#44;6354&#44;6355&#44;6356&#44;6357&#44;6358&#44;6359&#44;6360&#44;6361&#44;6363&#44;6364&#44;6365&#44;6366&#44;6367&#44;6368&#44;6369&#44;6371&#44;6372&#44;6373&#44;6375&#44;6376&#44;6377&#44;6378&#44;6379&#44;6380&#44;6381&#44;6382&#44;6383&#44;6384&#44;6385&#44;6386&#44;6387&#44;6388&#44;6401&#44;6402&#44;6403&#44;6404&#44;6405&#44;6406&#44;6407&#44;6408&#44;6409&#44;6410&#44;6412&#44;6413&#44;6414&#44;6415&#44;6417&#44;6418&#44;6419&#44;6420&#44;6421&#44;6422&#44;6423&#44;6424&#44;6425&#44;6426&#44;6427&#44;6428&#44;6429&#44;6430&#44;6431&#44;6432&#44;6433&#44;6434&#44;6435&#44;6436&#44;6437&#44;6439&#44;6440&#44;6441&#44;6443&#44;6444&#44;6445&#44;6448&#44;6449&#44;6450&#44;6452&#44;6453&#44;6454&#44;6455&#44;6456&#44;6457&#44;6458&#44;6460&#44;6461&#44;6462&#44;6463&#44;6464&#44;6471&#44;6472&#44;6474&#44;6479&#44;6482&#44;6485&#44;6487&#44;6489&#44;6501&#44;6502&#44;6503&#44;6505&#44;6506&#44;6507&#44;6509&#44;6510&#44;6512&#44;6514&#44;6517&#44;6518&#44;6520&#44;6521&#44;6524&#44;6527&#44;6528&#44;6533&#44;6535&#44;6536&#44;6539&#44;6540&#44;6547&#44;6549&#44;6556&#44;6562&#44;6565&#44;6567&#44;6568&#44;6569&#44;6570&#44;6571&#44;6572&#44;6573&#44;6575&#44;6581&#44;6582&#44;6604&#44;6605&#44;6606&#44;6608&#44;6609&#44;6610&#44;6612&#44;6613&#44;6614&#44;6615&#44;6616&#44;6617&#44;6619&#44;6620&#44;6621&#44;6622&#44;6624&#44;6626&#44;6628&#44;6630&#44;6631&#44;6632&#44;6633&#44;6634&#44;6635&#44;6636&#44;6637&#44;6643&#44;6644&#44;6646&#44;6650&#44;6651&#44;6652&#44;6653&#44;6655&#44;6657&#44;6658&#44;6659&#44;6660&#44;6661&#44;6662&#44;6663&#44;6664&#44;6666&#44;6667&#44;6670&#44;6671&#44;6672&#44;6673&#44;6674&#44;6675&#44;6676&#44;6677&#44;6678&#44;6679&#44;6682&#44;6683&#44;6684&#44;6685&#44;6686&#44;6692&#44;6693&#44;6779&#44;6781&#44;6867&#44;6976&#44;6979&#44;7189&#44;7191&#44;7658&#44;7676&#44;8102&#44;8104&#44;8106&#44;8107&#44;8111&#44;8112&#44;8114&#44;8115&#44;8116&#44;8117&#44;8119&#44;8120&#44;8123&#44;8125&#44;8126&#44;8128&#44;8129&#44;8130&#44;8132&#44;8133&#44;8134&#44;8135&#44;8136&#44;8138&#44;8139&#44;8141&#44;8142&#44;8144&#44;8145&#44;8146&#44;8147&#44;8149&#44;8150&#44;8151&#44;8152&#44;8153&#44;8155&#44;8156&#44;8157&#44;8158&#44;8160&#44;8161&#44;8162&#44;8163&#44;8164&#44;8165&#44;8166&#44;8167&#44;8168&#44;8169&#44;8172&#44;8173&#44;8174&#44;8175&#44;8176&#44;8177&#44;8180&#44;8181&#44;8182&#44;8183&#44;8184&#44;8185&#44;8186&#44;8188&#44;8189&#44;8190&#44;8191&#44;8192&#44;8193&#44;8194&#44;8196&#44;8197&#44;8201&#44;8202&#44;8203&#44;8205&#44;8207&#44;8208&#44;8209&#44;8210&#44;8211&#44;8213&#44;8215&#44;8218&#44;8219&#44;8220&#44;8221&#44;8222&#44;8223&#44;8224&#44;8225&#44;8226&#44;8227&#44;8228&#44;8236&#44;8237&#44;8238&#44;8239&#44;8241&#44;8242&#44;8243&#44;8244&#44;8245&#44;8246&#44;8247&#44;8248&#44;8250&#44;8251&#44;8252&#44;8253&#44;8254&#44;8256&#44;8257&#44;8259&#44;8261&#44;8262&#44;8263&#44;8264&#44;8265&#44;8266&#44;8267&#44;8268&#44;8269&#44;8270&#44;8271&#44;8272&#44;8273&#44;8274&#44;8275&#44;8276&#44;8277&#44;8278&#44;8279&#44;8280&#44;8281&#44;8282&#44;8283&#44;8284&#44;8285&#44;8286&#44;8287&#44;8288&#44;8289&#44;8290&#44;8291&#44;8292&#44;8293&#44;8294&#44;8295&#44;8297&#44;8298&#44;8299""",6/30/22,
etc_layouts,Deli Endcaps,57,,2022,7/18/22,Etc_Layouts/Cooler_Dairy_Front_Doors/,Endcaps-7.18.pdf,"""4041&#44;4109&#44;4702&#44;4703&#44;4704&#44;4707&#44;4709&#44;4710&#44;4711&#44;4712&#44;4713&#44;4718&#44;4720&#44;4721&#44;4722&#44;4724&#44;4728&#44;4729&#44;4730&#44;4731&#44;4732&#44;4735&#44;4736&#44;4738&#44;4739&#44;4740&#44;4741&#44;4742&#44;4743&#44;4745&#44;4749&#44;4750&#44;4755&#44;4761&#44;4763&#44;4764&#44;4767&#44;4768&#44;4769&#44;4770&#44;4771&#44;4772&#44;4774&#44;4775&#44;4776&#44;4777&#44;4778&#44;4780&#44;4781&#44;4782&#44;4783&#44;4784&#44;4785&#44;4786&#44;4787&#44;4789&#44;4790&#44;4791&#44;4794&#44;4795&#44;4797&#44;4798&#44;4799&#44;4801&#44;4802&#44;4804&#44;4805&#44;4808&#44;4815&#44;4816&#44;4817&#44;4818&#44;4819&#44;4820&#44;4822&#44;4824&#44;4825&#44;4828&#44;4829&#44;4830&#44;4831&#44;4836&#44;4837&#44;4839&#44;4840&#44;4843&#44;4846&#44;4847&#44;4850&#44;4851&#44;4852&#44;4853&#44;4855&#44;4857&#44;4859&#44;4860&#44;4861&#44;4870&#44;4871&#44;4872&#44;4873&#44;4874&#44;4875&#44;4876&#44;4878&#44;4879&#44;4901&#44;4905&#44;4906&#44;4908&#44;4911&#44;4914&#44;4915&#44;4917&#44;4920&#44;4925&#44;4926&#44;4930&#44;4933&#44;4936&#44;4938&#44;4939&#44;4942&#44;4944&#44;4946&#44;4947&#44;4948&#44;4950&#44;4952&#44;4955&#44;4958&#44;4961&#44;4962&#44;4963&#44;4969&#44;4972&#44;4973&#44;4974&#44;4982&#44;4983&#44;4985&#44;4987&#44;4989&#44;4990&#44;4991&#44;4992&#44;4994&#44;4996&#44;4998&#44;4999&#44;6181&#44;6188&#44;6189&#44;6201&#44;6202&#44;6203&#44;6204&#44;6205&#44;6212&#44;6213&#44;6216&#44;6217&#44;6218&#44;6219&#44;6220&#44;6228&#44;6235&#44;6236&#44;6238&#44;6239&#44;6240&#44;6242&#44;6244&#44;6245&#44;6246&#44;6247&#44;6249&#44;6251&#44;6252&#44;6254&#44;6255&#44;6256&#44;6257&#44;6259&#44;6260&#44;6261&#44;6262&#44;6265&#44;6267&#44;6269&#44;6275&#44;6302&#44;6304&#44;6305&#44;6307&#44;6308&#44;6309&#44;6310&#44;6311&#44;6312&#44;6313&#44;6314&#44;6315&#44;6317&#44;6319&#44;6320&#44;6321&#44;6322&#44;6324&#44;6325&#44;6326&#44;6327&#44;6328&#44;6329&#44;6330&#44;6331&#44;6332&#44;6333&#44;6334&#44;6335&#44;6336&#44;6338&#44;6339&#44;6341&#44;6342&#44;6343&#44;6344&#44;6345&#44;6347&#44;6348&#44;6349&#44;6350&#44;6351&#44;6352&#44;6353&#44;6354&#44;6355&#44;6356&#44;6357&#44;6358&#44;6359&#44;6360&#44;6361&#44;6363&#44;6364&#44;6365&#44;6366&#44;6367&#44;6368&#44;6369&#44;6371&#44;6372&#44;6373&#44;6375&#44;6376&#44;6377&#44;6378&#44;6379&#44;6380&#44;6381&#44;6382&#44;6383&#44;6384&#44;6385&#44;6386&#44;6387&#44;6388&#44;6401&#44;6402&#44;6403&#44;6404&#44;6405&#44;6406&#44;6407&#44;6408&#44;6409&#44;6410&#44;6412&#44;6413&#44;6414&#44;6415&#44;6417&#44;6418&#44;6419&#44;6420&#44;6421&#44;6422&#44;6423&#44;6424&#44;6425&#44;6426&#44;6427&#44;6428&#44;6429&#44;6430&#44;6431&#44;6432&#44;6433&#44;6434&#44;6435&#44;6436&#44;6437&#44;6439&#44;6440&#44;6441&#44;6443&#44;6444&#44;6445&#44;6448&#44;6449&#44;6450&#44;6452&#44;6453&#44;6454&#44;6455&#44;6456&#44;6457&#44;6458&#44;6460&#44;6461&#44;6462&#44;6463&#44;6464&#44;6471&#44;6472&#44;6474&#44;6479&#44;6482&#44;6485&#44;6487&#44;6489&#44;6501&#44;6502&#44;6503&#44;6505&#44;6506&#44;6507&#44;6509&#44;6510&#44;6512&#44;6514&#44;6517&#44;6518&#44;6520&#44;6521&#44;6524&#44;6527&#44;6528&#44;6533&#44;6535&#44;6536&#44;6539&#44;6540&#44;6547&#44;6549&#44;6556&#44;6562&#44;6565&#44;6567&#44;6568&#44;6569&#44;6570&#44;6571&#44;6572&#44;6573&#44;6575&#44;6581&#44;6582&#44;6604&#44;6605&#44;6606&#44;6608&#44;6609&#44;6610&#44;6612&#44;6613&#44;6614&#44;6615&#44;6616&#44;6617&#44;6619&#44;6620&#44;6621&#44;6622&#44;6624&#44;6626&#44;6628&#44;6630&#44;6631&#44;6632&#44;6633&#44;6634&#44;6635&#44;6636&#44;6637&#44;6643&#44;6644&#44;6646&#44;6650&#44;6651&#44;6652&#44;6653&#44;6655&#44;6657&#44;6658&#44;6659&#44;6660&#44;6661&#44;6662&#44;6663&#44;6664&#44;6666&#44;6667&#44;6670&#44;6671&#44;6672&#44;6673&#44;6674&#44;6675&#44;6676&#44;6677&#44;6678&#44;6679&#44;6682&#44;6683&#44;6684&#44;6685&#44;6686&#44;6692&#44;6693&#44;6779&#44;6781&#44;6867&#44;6976&#44;6979&#44;7189&#44;7191&#44;7658&#44;7676&#44;8102&#44;8104&#44;8106&#44;8107&#44;8111&#44;8112&#44;8114&#44;8115&#44;8116&#44;8117&#44;8119&#44;8120&#44;8123&#44;8125&#44;8126&#44;8128&#44;8129&#44;8130&#44;8132&#44;8133&#44;8134&#44;8135&#44;8136&#44;8138&#44;8139&#44;8141&#44;8142&#44;8144&#44;8145&#44;8146&#44;8147&#44;8149&#44;8150&#44;8151&#44;8152&#44;8153&#44;8155&#44;8156&#44;8157&#44;8158&#44;8160&#44;8161&#44;8162&#44;8163&#44;8164&#44;8165&#44;8166&#44;8167&#44;8168&#44;8169&#44;8172&#44;8173&#44;8174&#44;8175&#44;8176&#44;8177&#44;8180&#44;8181&#44;8182&#44;8183&#44;8184&#44;8185&#44;8186&#44;8188&#44;8189&#44;8190&#44;8191&#44;8192&#44;8193&#44;8194&#44;8196&#44;8197&#44;8201&#44;8202&#44;8203&#44;8205&#44;8207&#44;8208&#44;8209&#44;8210&#44;8211&#44;8213&#44;8215&#44;8218&#44;8219&#44;8220&#44;8221&#44;8222&#44;8223&#44;8224&#44;8225&#44;8226&#44;8227&#44;8228&#44;8236&#44;8237&#44;8238&#44;8239&#44;8241&#44;8242&#44;8243&#44;8244&#44;8245&#44;8246&#44;8247&#44;8248&#44;8250&#44;8251&#44;8252&#44;8253&#44;8254&#44;8256&#44;8257&#44;8259&#44;8261&#44;8262&#44;8263&#44;8264&#44;8265&#44;8266&#44;8267&#44;8268&#44;8269&#44;8270&#44;8271&#44;8272&#44;8273&#44;8274&#44;8275&#44;8276&#44;8277&#44;8278&#44;8279&#44;8280&#44;8281&#44;8282&#44;8283&#44;8284&#44;8285&#44;8286&#44;8287&#44;8288&#44;8289&#44;8290&#44;8291&#44;8292&#44;8293&#44;8294&#44;8295&#44;8297&#44;8298&#44;8299""",7/12/22,
etc_layouts,Deli Endcaps,57,,2022,7/22/22,Etc_Layouts/Cooler_Dairy_Front_Doors/,PR-ENDCAPS-7.22.pdf,"""4866&#44;6225&#44;6270&#44;6543&#44;6689&#44;6690&#44;6680&#44;""",7/13/22,
etc_layouts,Freezer Front Doors,"""39-9&#44;44-9&#44;96-9""",,2022,8/2/22,Etc_Layouts/Freezer_Doors/,PR_Freezer_Doors_8.2.pdf,"""4866&#44;6225&#44;6270&#44;6543&#44;6689&#44;6690&#44;6680&#44;""",7/14/22,
etc_layouts,Deli Endcaps,57,,2022,8/22/22,Etc_Layouts/Cooler_Dairy_Front_Doors/,MD-Endcaps-08_22.pdf,"""4041&#44;4109&#44;4702&#44;4703&#44;4704&#44;4707&#44;4709&#44;4710&#44;4711&#44;4712&#44;4713&#44;4718&#44;4720&#44;4721&#44;4722&#44;4724&#44;4728&#44;4729&#44;4730&#44;4731&#44;4732&#44;4735&#44;4736&#44;4738&#44;4739&#44;4740&#44;4741&#44;4742&#44;4743&#44;4745&#44;4749&#44;4750&#44;4755&#44;4761&#44;4763&#44;4764&#44;4767&#44;4768&#44;4769&#44;4770&#44;4771&#44;4772&#44;4774&#44;4775&#44;4776&#44;4777&#44;4778&#44;4780&#44;4781&#44;4782&#44;4783&#44;4784&#44;4785&#44;4786&#44;4787&#44;4789&#44;4790&#44;4791&#44;4794&#44;4795&#44;4797&#44;4798&#44;4799&#44;4801&#44;4802&#44;4804&#44;4805&#44;4808&#44;4815&#44;4816&#44;4817&#44;4818&#44;4819&#44;4820&#44;4822&#44;4824&#44;4825&#44;4828&#44;4829&#44;4830&#44;4831&#44;4836&#44;4837&#44;4839&#44;4840&#44;4843&#44;4846&#44;4847&#44;4850&#44;4851&#44;4852&#44;4853&#44;4855&#44;4857&#44;4859&#44;4860&#44;4861&#44;4870&#44;4871&#44;4872&#44;4873&#44;4874&#44;4875&#44;4876&#44;4878&#44;4879&#44;4901&#44;4905&#44;4906&#44;4908&#44;4911&#44;4914&#44;4915&#44;4917&#44;4920&#44;4925&#44;4926&#44;4930&#44;4933&#44;4936&#44;4938&#44;4939&#44;4942&#44;4944&#44;4946&#44;4947&#44;4948&#44;4950&#44;4952&#44;4955&#44;4958&#44;4961&#44;4962&#44;4963&#44;4969&#44;4972&#44;4973&#44;4974&#44;4982&#44;4983&#44;4985&#44;4987&#44;4989&#44;4990&#44;4991&#44;4992&#44;4994&#44;4996&#44;4998&#44;4999&#44;6181&#44;6188&#44;6189&#44;6201&#44;6202&#44;6203&#44;6204&#44;6205&#44;6212&#44;6213&#44;6216&#44;6217&#44;6218&#44;6219&#44;6220&#44;6228&#44;6235&#44;6236&#44;6238&#44;6239&#44;6240&#44;6242&#44;6244&#44;6245&#44;6246&#44;6247&#44;6249&#44;6251&#44;6252&#44;6254&#44;6255&#44;6256&#44;6257&#44;6259&#44;6260&#44;6261&#44;6262&#44;6265&#44;6267&#44;6269&#44;6275&#44;6302&#44;6304&#44;6305&#44;6307&#44;6308&#44;6309&#44;6310&#44;6311&#44;6312&#44;6313&#44;6314&#44;6315&#44;6317&#44;6319&#44;6320&#44;6321&#44;6322&#44;6324&#44;6325&#44;6326&#44;6327&#44;6328&#44;6329&#44;6330&#44;6331&#44;6332&#44;6333&#44;6334&#44;6335&#44;6336&#44;6338&#44;6339&#44;6341&#44;6342&#44;6343&#44;6344&#44;6345&#44;6347&#44;6348&#44;6349&#44;6350&#44;6351&#44;6352&#44;6353&#44;6354&#44;6355&#44;6356&#44;6357&#44;6358&#44;6359&#44;6360&#44;6361&#44;6363&#44;6364&#44;6365&#44;6366&#44;6367&#44;6368&#44;6369&#44;6371&#44;6372&#44;6373&#44;6375&#44;6376&#44;6377&#44;6378&#44;6379&#44;6380&#44;6381&#44;6382&#44;6383&#44;6384&#44;6385&#44;6386&#44;6387&#44;6388&#44;6401&#44;6402&#44;6403&#44;6404&#44;6405&#44;6406&#44;6407&#44;6408&#44;6409&#44;6410&#44;6412&#44;6413&#44;6414&#44;6415&#44;6417&#44;6418&#44;6419&#44;6420&#44;6421&#44;6422&#44;6423&#44;6424&#44;6425&#44;6426&#44;6427&#44;6428&#44;6429&#44;6430&#44;6431&#44;6432&#44;6433&#44;6434&#44;6435&#44;6436&#44;6437&#44;6439&#44;6440&#44;6441&#44;6443&#44;6444&#44;6445&#44;6448&#44;6449&#44;6450&#44;6452&#44;6453&#44;6454&#44;6455&#44;6456&#44;6457&#44;6458&#44;6460&#44;6461&#44;6462&#44;6463&#44;6464&#44;6471&#44;6472&#44;6474&#44;6479&#44;6482&#44;6485&#44;6487&#44;6489&#44;6501&#44;6502&#44;6503&#44;6505&#44;6506&#44;6507&#44;6509&#44;6510&#44;6512&#44;6514&#44;6517&#44;6518&#44;6520&#44;6521&#44;6524&#44;6527&#44;6528&#44;6533&#44;6535&#44;6536&#44;6539&#44;6540&#44;6547&#44;6549&#44;6556&#44;6562&#44;6565&#44;6567&#44;6568&#44;6569&#44;6570&#44;6571&#44;6572&#44;6573&#44;6575&#44;6581&#44;6582&#44;6604&#44;6605&#44;6606&#44;6608&#44;6609&#44;6610&#44;6612&#44;6613&#44;6614&#44;6615&#44;6616&#44;6617&#44;6619&#44;6620&#44;6621&#44;6622&#44;6624&#44;6626&#44;6628&#44;6630&#44;6631&#44;6632&#44;6633&#44;6634&#44;6635&#44;6636&#44;6637&#44;6643&#44;6644&#44;6646&#44;6650&#44;6651&#44;6652&#44;6653&#44;6655&#44;6657&#44;6658&#44;6659&#44;6660&#44;6661&#44;6662&#44;6663&#44;6664&#44;6666&#44;6667&#44;6670&#44;6671&#44;6672&#44;6673&#44;6674&#44;6675&#44;6676&#44;6677&#44;6678&#44;6679&#44;6682&#44;6683&#44;6684&#44;6685&#44;6686&#44;6692&#44;6693&#44;6779&#44;6781&#44;6867&#44;6976&#44;6979&#44;7189&#44;7191&#44;7658&#44;7676&#44;8102&#44;8104&#44;8106&#44;8107&#44;8111&#44;8112&#44;8114&#44;8115&#44;8116&#44;8117&#44;8119&#44;8120&#44;8123&#44;8125&#44;8126&#44;8128&#44;8129&#44;8130&#44;8132&#44;8133&#44;8134&#44;8135&#44;8136&#44;8138&#44;8139&#44;8141&#44;8142&#44;8144&#44;8145&#44;8146&#44;8147&#44;8149&#44;8150&#44;8151&#44;8152&#44;8153&#44;8155&#44;8156&#44;8157&#44;8158&#44;8160&#44;8161&#44;8162&#44;8163&#44;8164&#44;8165&#44;8166&#44;8167&#44;8168&#44;8169&#44;8172&#44;8173&#44;8174&#44;8175&#44;8176&#44;8177&#44;8180&#44;8181&#44;8182&#44;8183&#44;8184&#44;8185&#44;8186&#44;8188&#44;8189&#44;8190&#44;8191&#44;8192&#44;8193&#44;8194&#44;8196&#44;8197&#44;8201&#44;8202&#44;8203&#44;8205&#44;8207&#44;8208&#44;8209&#44;8210&#44;8211&#44;8213&#44;8215&#44;8218&#44;8219&#44;8220&#44;8221&#44;8222&#44;8223&#44;8224&#44;8225&#44;8226&#44;8227&#44;8228&#44;8236&#44;8237&#44;8238&#44;8239&#44;8241&#44;8242&#44;8243&#44;8244&#44;8245&#44;8246&#44;8247&#44;8248&#44;8250&#44;8251&#44;8252&#44;8253&#44;8254&#44;8256&#44;8257&#44;8259&#44;8261&#44;8262&#44;8263&#44;8264&#44;8265&#44;8266&#44;8267&#44;8268&#44;8269&#44;8270&#44;8271&#44;8272&#44;8273&#44;8274&#44;8275&#44;8276&#44;8277&#44;8278&#44;8279&#44;8280&#44;8281&#44;8282&#44;8283&#44;8284&#44;8285&#44;8286&#44;8287&#44;8288&#44;8289&#44;8290&#44;8291&#44;8292&#44;8293&#44;8294&#44;8295&#44;8297&#44;8298&#44;8299""",8/2/22,
etc_layouts,Deli Endcaps,57,,2022,9/5/22,Etc_Layouts/Cooler_Dairy_Front_Doors/,Endcaps-09_05-Thru-11_06.pdf,,9/2/22,
etc_layouts,Deli Endcaps,57,,2022,9/19/22,Etc_Layouts/Cooler_Dairy_Front_Doors/,Endcaps-09_19.pdf,,9/13/22,
etc_layouts,Deli Endcaps,57,,2022,10/14/22,Etc_Layouts/Cooler_Dairy_Front_Doors/,Endcaps-10_14.pdf,,10/6/22,
etc_layouts,Deli Endcaps,57,,2022,11/7/22,Etc_Layouts/Cooler_Dairy_Front_Doors/,PR_Endcaps_11_07pdf.pdf,"""4866&#44;6225&#44;6270&#44;6543&#44;6689&#44;6690&#44;6680&#44;""",11/2/22,
etc_layouts,Deli Endcaps,57,,2022,11/7/22,Etc_Layouts/Cooler_Dairy_Front_Doors/,Endcaps-11_07.pdf,,11/7/22,
etc_layouts,Bakery Bunker,"""37-5&#44;77-5""",,2022,12/1/22,Etc_Layouts/Bakery/,December-Bakery-Bunker-2022.pdf,,11/29/22,
etc_layouts,Deli Endcaps,57,,2023,1/9/23,Etc_Layouts/Cooler_Dairy_Front_Doors/,PR_Endcaps_01_23.pdf,"""4866&#44;6225&#44;6270&#44;6543&#44;6689&#44;6690&#44;6680&#44;""",12/7/22,
etc_layouts,Bakery Bunker,"""37-5&#44;77-5""",,2023,1/2/23,Etc_Layouts/Bakery/,January-Bakery-Bunker-2023.pdf,,1/4/23,
etc_layouts,Deli Endcaps,57,,2023,1/9/23,Etc_Layouts/Cooler_Dairy_Front_Doors/,Endcaps_01_09_23.pdf,,1/4/23,2/7/23
etc_layouts,Deli Endcaps,57,,2023,1/31/23,Etc_Layouts/Cooler_Dairy_Front_Doors/,PR_Endcaps_01_31.pdf,"""4866&#44;6225&#44;6270&#44;6543&#44;6689&#44;6690&#44;6680&#44;""",1/31/23,
etc_layouts,Bakery Bunker,"""37-5&#44;77-5""",,2023,3/1/23,Etc_Layouts/Bakery/,March-Bakery-Bunkers-2023.pdf,,2/28/23,
